Survival,wtd114,pop_den,Sex,Age,Yr,ID
1,NA,34,Female,8,1979,03cd6669c2cf167ca8329e3497251d61ae3548b87b3caa655c219129b9ebbfdc
1,70.50474989,33,Female,9,1980,03cd6669c2cf167ca8329e3497251d61ae3548b87b3caa655c219129b9ebbfdc
0,NA,31,Female,10,1981,03cd6669c2cf167ca8329e3497251d61ae3548b87b3caa655c219129b9ebbfdc
1,71.10218793,34,Female,4,1979,53a86af160b215a3ce9db2db31ee3e9f5bfdc3b9aace6ae445fbed8320d1f5d7
NA,70.4083395,33,Female,5,1980,53a86af160b215a3ce9db2db31ee3e9f5bfdc3b9aace6ae445fbed8320d1f5d7
NA,NA,34,Male,9,1979,eb6379b2b03ff2c4d991de29bcaac77708b6180b9c6959a13598fde9ce29d099
1,65.26286746,34,Female,2,1979,37fae6366d0593fcd979f18eba6075c0478f8c89a71ce54f928e2dd24e0ff17f
NA,64.64608004,33,Female,3,1980,37fae6366d0593fcd979f18eba6075c0478f8c89a71ce54f928e2dd24e0ff17f
1,57.28706284,34,Male,1,1979,d0dd75c352d59929cb97a3ff1f2687be5cd79a3b8b8753a4ebd7d33429fb9f9c
1,77.594647,33,Male,2,1980,d0dd75c352d59929cb97a3ff1f2687be5cd79a3b8b8753a4ebd7d33429fb9f9c
0,NA,31,Male,3,1981,d0dd75c352d59929cb97a3ff1f2687be5cd79a3b8b8753a4ebd7d33429fb9f9c
1,NA,34,Male,0,1979,b01f73e4005a1d7a2bd68e24cefa996491c0690a9568d63eb8f5450bfff94b17
1,59.85636376,33,Male,1,1980,b01f73e4005a1d7a2bd68e24cefa996491c0690a9568d63eb8f5450bfff94b17
1,83.3885977,31,Male,2,1981,b01f73e4005a1d7a2bd68e24cefa996491c0690a9568d63eb8f5450bfff94b17
1,98.89147903,36,Male,3,1982,b01f73e4005a1d7a2bd68e24cefa996491c0690a9568d63eb8f5450bfff94b17
1,113.5843687,38,Male,4,1983,b01f73e4005a1d7a2bd68e24cefa996491c0690a9568d63eb8f5450bfff94b17
1,132.4866444,47,Male,5,1984,b01f73e4005a1d7a2bd68e24cefa996491c0690a9568d63eb8f5450bfff94b17
NA,NA,51,Male,6,1985,b01f73e4005a1d7a2bd68e24cefa996491c0690a9568d63eb8f5450bfff94b17
1,NA,33,Male,0,1980,0da7883a44a3de97134015120b541c1b12f6ffc313c9dbd95e9edb12551a5e2f
0,54.12376372,31,Male,1,1981,0da7883a44a3de97134015120b541c1b12f6ffc313c9dbd95e9edb12551a5e2f
1,NA,31,Female,0,1981,0273593924cddd99d1281333a9f65cb3b7f1fec16ab9452ca881509da02a17cb
1,48.52202492,36,Female,1,1982,0273593924cddd99d1281333a9f65cb3b7f1fec16ab9452ca881509da02a17cb
1,62.74134277,38,Female,2,1983,0273593924cddd99d1281333a9f65cb3b7f1fec16ab9452ca881509da02a17cb
1,67.69779234,47,Female,3,1984,0273593924cddd99d1281333a9f65cb3b7f1fec16ab9452ca881509da02a17cb
1,69.80068318,51,Female,4,1985,0273593924cddd99d1281333a9f65cb3b7f1fec16ab9452ca881509da02a17cb
1,67.33714035,58,Female,5,1986,0273593924cddd99d1281333a9f65cb3b7f1fec16ab9452ca881509da02a17cb
1,70.90514174,61,Female,6,1987,0273593924cddd99d1281333a9f65cb3b7f1fec16ab9452ca881509da02a17cb
1,67.67701099,65,Female,7,1988,0273593924cddd99d1281333a9f65cb3b7f1fec16ab9452ca881509da02a17cb
1,66.32240926,72,Female,8,1989,0273593924cddd99d1281333a9f65cb3b7f1fec16ab9452ca881509da02a17cb
1,69.46680208,83,Female,9,1990,0273593924cddd99d1281333a9f65cb3b7f1fec16ab9452ca881509da02a17cb
1,70.17639159,97,Female,10,1991,0273593924cddd99d1281333a9f65cb3b7f1fec16ab9452ca881509da02a17cb
1,70.76558096,103,Female,11,1992,0273593924cddd99d1281333a9f65cb3b7f1fec16ab9452ca881509da02a17cb
0,67.27813519,97,Female,12,1993,0273593924cddd99d1281333a9f65cb3b7f1fec16ab9452ca881509da02a17cb
1,30.36101735,36,Male,0,1982,b817050b87651cca3aa5104b9c81a05e5ab3e9cc7dfb549667d9c22b0535ec6b
1,57.37206796,38,Male,1,1983,b817050b87651cca3aa5104b9c81a05e5ab3e9cc7dfb549667d9c22b0535ec6b
1,90.30170629,47,Male,2,1984,b817050b87651cca3aa5104b9c81a05e5ab3e9cc7dfb549667d9c22b0535ec6b
0,94.19962985,51,Male,3,1985,b817050b87651cca3aa5104b9c81a05e5ab3e9cc7dfb549667d9c22b0535ec6b
1,31.57950553,38,Male,0,1983,1238c62888476f0bdf2ca4d40e1195a6aa2d1929a3aeca992a7185f01979bd6e
1,57.65457162,47,Male,1,1984,1238c62888476f0bdf2ca4d40e1195a6aa2d1929a3aeca992a7185f01979bd6e
1,80.08762836,51,Male,2,1985,1238c62888476f0bdf2ca4d40e1195a6aa2d1929a3aeca992a7185f01979bd6e
1,99.11967922,58,Male,3,1986,1238c62888476f0bdf2ca4d40e1195a6aa2d1929a3aeca992a7185f01979bd6e
1,113.3684898,61,Male,4,1987,1238c62888476f0bdf2ca4d40e1195a6aa2d1929a3aeca992a7185f01979bd6e
1,NA,65,Male,5,1988,1238c62888476f0bdf2ca4d40e1195a6aa2d1929a3aeca992a7185f01979bd6e
NA,NA,72,Male,6,1989,1238c62888476f0bdf2ca4d40e1195a6aa2d1929a3aeca992a7185f01979bd6e
1,31.78560654,47,Female,0,1984,e4c11d7a2b156420195816f2b19ee445dc5a926f04be10379b3feaa17825032b
1,48.88935177,51,Female,1,1985,e4c11d7a2b156420195816f2b19ee445dc5a926f04be10379b3feaa17825032b
1,61.9483694,58,Female,2,1986,e4c11d7a2b156420195816f2b19ee445dc5a926f04be10379b3feaa17825032b
1,65.32136892,61,Female,3,1987,e4c11d7a2b156420195816f2b19ee445dc5a926f04be10379b3feaa17825032b
1,66.95314318,65,Female,4,1988,e4c11d7a2b156420195816f2b19ee445dc5a926f04be10379b3feaa17825032b
1,67.54607439,72,Female,5,1989,e4c11d7a2b156420195816f2b19ee445dc5a926f04be10379b3feaa17825032b
1,70.24857227,83,Female,6,1990,e4c11d7a2b156420195816f2b19ee445dc5a926f04be10379b3feaa17825032b
1,72.68789489,97,Female,7,1991,e4c11d7a2b156420195816f2b19ee445dc5a926f04be10379b3feaa17825032b
0,72.2355087,103,Female,8,1992,e4c11d7a2b156420195816f2b19ee445dc5a926f04be10379b3feaa17825032b
0,29.59790547,51,Male,0,1985,3ab8f62cfcb3fd1197cff54c6ed35b9b04a7b29d249eb48180f4b2ee8a45ca73
0,NA,58,Female,0,1986,a62aa65fd088e9aed909a48746894a69c7e55cb4e26c2a478d78cd603c96d6d5
1,38.80909091,61,Male,0,1987,c61302fcdf0579ed1830c4b3b3d89dfa7cbaa1ea337726169113ef29ae86b4e2
1,56.54127615,65,Male,1,1988,c61302fcdf0579ed1830c4b3b3d89dfa7cbaa1ea337726169113ef29ae86b4e2
1,74.90612653,72,Male,2,1989,c61302fcdf0579ed1830c4b3b3d89dfa7cbaa1ea337726169113ef29ae86b4e2
1,83.64807701,83,Male,3,1990,c61302fcdf0579ed1830c4b3b3d89dfa7cbaa1ea337726169113ef29ae86b4e2
1,90.61083731,97,Male,4,1991,c61302fcdf0579ed1830c4b3b3d89dfa7cbaa1ea337726169113ef29ae86b4e2
NA,97.91047936,103,Male,5,1992,c61302fcdf0579ed1830c4b3b3d89dfa7cbaa1ea337726169113ef29ae86b4e2
1,NA,65,Female,0,1988,b96d3a4093b5c00dffc7909f0dfe730be6358d6194a57b28a9235a68dbeb749b
1,54.47050251,72,Female,1,1989,b96d3a4093b5c00dffc7909f0dfe730be6358d6194a57b28a9235a68dbeb749b
1,56.24012705,83,Female,2,1990,b96d3a4093b5c00dffc7909f0dfe730be6358d6194a57b28a9235a68dbeb749b
1,66.22121546,97,Female,3,1991,b96d3a4093b5c00dffc7909f0dfe730be6358d6194a57b28a9235a68dbeb749b
1,73.06296272,103,Female,4,1992,b96d3a4093b5c00dffc7909f0dfe730be6358d6194a57b28a9235a68dbeb749b
1,67.51334641,97,Female,5,1993,b96d3a4093b5c00dffc7909f0dfe730be6358d6194a57b28a9235a68dbeb749b
1,77.59325633,90,Female,6,1994,b96d3a4093b5c00dffc7909f0dfe730be6358d6194a57b28a9235a68dbeb749b
1,74.41360532,79,Female,7,1995,b96d3a4093b5c00dffc7909f0dfe730be6358d6194a57b28a9235a68dbeb749b
1,76.78594567,73,Female,8,1996,b96d3a4093b5c00dffc7909f0dfe730be6358d6194a57b28a9235a68dbeb749b
1,78.49041726,75,Female,9,1997,b96d3a4093b5c00dffc7909f0dfe730be6358d6194a57b28a9235a68dbeb749b
1,74.30106711,54,Female,10,1998,b96d3a4093b5c00dffc7909f0dfe730be6358d6194a57b28a9235a68dbeb749b
1,72.57619814,45,Female,11,1999,b96d3a4093b5c00dffc7909f0dfe730be6358d6194a57b28a9235a68dbeb749b
1,71.92339329,37,Female,12,2000,b96d3a4093b5c00dffc7909f0dfe730be6358d6194a57b28a9235a68dbeb749b
0,74.99675821,32,Female,13,2001,b96d3a4093b5c00dffc7909f0dfe730be6358d6194a57b28a9235a68dbeb749b
0,27.20918367,72,Male,0,1989,c1f47dfb44f072bddda44de19b38e327dea088d3f1f8854d649e0e0a3090c0d3
0,26.17708333,83,Female,0,1990,4c3024dc962e0fb5c1c1cfc4e4cccfa365dbe98b6426dc33498f58197a9f7123
0,NA,97,Male,0,1991,4334c12f660be1f1d5506069bd72e7508980b3de85975da3fff1081249c3efaa
0,19.30015553,103,Female,0,1992,87d1d09316a458bf7c1d8439ff69cd16659510653a4bbaf9ffbe2658be0856b1
0,23.48320697,97,Female,0,1993,f9b75cfed9eaf5334c95e65589a2dfd511792118ee3bd1fa867f9beb2c786935
1,31.37984629,90,Male,0,1994,6f789da94083cf665e7dc8d69a6c365be5749166d2066df90eb05c0373f9f858
1,50.58655213,79,Male,1,1995,6f789da94083cf665e7dc8d69a6c365be5749166d2066df90eb05c0373f9f858
1,67.36892279,73,Male,2,1996,6f789da94083cf665e7dc8d69a6c365be5749166d2066df90eb05c0373f9f858
1,77.87720357,75,Male,3,1997,6f789da94083cf665e7dc8d69a6c365be5749166d2066df90eb05c0373f9f858
1,NA,54,Male,4,1998,6f789da94083cf665e7dc8d69a6c365be5749166d2066df90eb05c0373f9f858
1,88.25393439,45,Male,5,1999,6f789da94083cf665e7dc8d69a6c365be5749166d2066df90eb05c0373f9f858
1,NA,37,Male,6,2000,6f789da94083cf665e7dc8d69a6c365be5749166d2066df90eb05c0373f9f858
0,NA,32,Male,7,2001,6f789da94083cf665e7dc8d69a6c365be5749166d2066df90eb05c0373f9f858
1,74.43160425,34,Female,4,1979,9e0337301e3e2bdc54ce2305d02fa9db0a6beccf10387e1a3eac63246f390ad8
1,70.20852532,33,Female,5,1980,9e0337301e3e2bdc54ce2305d02fa9db0a6beccf10387e1a3eac63246f390ad8
1,NA,31,Female,6,1981,9e0337301e3e2bdc54ce2305d02fa9db0a6beccf10387e1a3eac63246f390ad8
1,72.79784288,36,Female,7,1982,9e0337301e3e2bdc54ce2305d02fa9db0a6beccf10387e1a3eac63246f390ad8
1,67.90890289,38,Female,8,1983,9e0337301e3e2bdc54ce2305d02fa9db0a6beccf10387e1a3eac63246f390ad8
1,79.12784736,47,Female,9,1984,9e0337301e3e2bdc54ce2305d02fa9db0a6beccf10387e1a3eac63246f390ad8
1,75.44690677,51,Female,10,1985,9e0337301e3e2bdc54ce2305d02fa9db0a6beccf10387e1a3eac63246f390ad8
1,NA,58,Female,11,1986,9e0337301e3e2bdc54ce2305d02fa9db0a6beccf10387e1a3eac63246f390ad8
1,75.73999964,61,Female,12,1987,9e0337301e3e2bdc54ce2305d02fa9db0a6beccf10387e1a3eac63246f390ad8
1,69.35481383,65,Female,13,1988,9e0337301e3e2bdc54ce2305d02fa9db0a6beccf10387e1a3eac63246f390ad8
1,72.80621789,72,Female,14,1989,9e0337301e3e2bdc54ce2305d02fa9db0a6beccf10387e1a3eac63246f390ad8
1,70.28919562,83,Female,15,1990,9e0337301e3e2bdc54ce2305d02fa9db0a6beccf10387e1a3eac63246f390ad8
1,70.03751976,97,Female,16,1991,9e0337301e3e2bdc54ce2305d02fa9db0a6beccf10387e1a3eac63246f390ad8
0,71.86660548,103,Female,17,1992,9e0337301e3e2bdc54ce2305d02fa9db0a6beccf10387e1a3eac63246f390ad8
1,70.5783654,34,Male,2,1979,1b36b83630581a11c14b04d610c43550b73e4bbd4368b6a24ada13d8fba6da8c
1,NA,33,Male,3,1980,1b36b83630581a11c14b04d610c43550b73e4bbd4368b6a24ada13d8fba6da8c
1,NA,31,Male,4,1981,1b36b83630581a11c14b04d610c43550b73e4bbd4368b6a24ada13d8fba6da8c
1,NA,36,Male,5,1982,1b36b83630581a11c14b04d610c43550b73e4bbd4368b6a24ada13d8fba6da8c
1,NA,38,Male,6,1983,1b36b83630581a11c14b04d610c43550b73e4bbd4368b6a24ada13d8fba6da8c
0,NA,47,Male,7,1984,1b36b83630581a11c14b04d610c43550b73e4bbd4368b6a24ada13d8fba6da8c
1,49.1663952,34,Female,1,1979,68ec2e28df9e3c1d776d1b40bd178d94cbc4ed9857ef5411b92b738bf545303d
1,58.65322726,33,Female,2,1980,68ec2e28df9e3c1d776d1b40bd178d94cbc4ed9857ef5411b92b738bf545303d
1,66.5851173,31,Female,3,1981,68ec2e28df9e3c1d776d1b40bd178d94cbc4ed9857ef5411b92b738bf545303d
1,64.30471624,36,Female,4,1982,68ec2e28df9e3c1d776d1b40bd178d94cbc4ed9857ef5411b92b738bf545303d
1,NA,38,Female,5,1983,68ec2e28df9e3c1d776d1b40bd178d94cbc4ed9857ef5411b92b738bf545303d
1,73.65273513,47,Female,6,1984,68ec2e28df9e3c1d776d1b40bd178d94cbc4ed9857ef5411b92b738bf545303d
1,72.30351118,51,Female,7,1985,68ec2e28df9e3c1d776d1b40bd178d94cbc4ed9857ef5411b92b738bf545303d
1,72.69558802,58,Female,8,1986,68ec2e28df9e3c1d776d1b40bd178d94cbc4ed9857ef5411b92b738bf545303d
1,72.30834885,61,Female,9,1987,68ec2e28df9e3c1d776d1b40bd178d94cbc4ed9857ef5411b92b738bf545303d
1,71.14311636,65,Female,10,1988,68ec2e28df9e3c1d776d1b40bd178d94cbc4ed9857ef5411b92b738bf545303d
1,72.02854475,72,Female,11,1989,68ec2e28df9e3c1d776d1b40bd178d94cbc4ed9857ef5411b92b738bf545303d
1,65.5800457,83,Female,12,1990,68ec2e28df9e3c1d776d1b40bd178d94cbc4ed9857ef5411b92b738bf545303d
1,69.82253385,97,Female,13,1991,68ec2e28df9e3c1d776d1b40bd178d94cbc4ed9857ef5411b92b738bf545303d
0,67.99651783,103,Female,14,1992,68ec2e28df9e3c1d776d1b40bd178d94cbc4ed9857ef5411b92b738bf545303d
0,NA,34,Male,0,1979,804fc72503bec391af10795a73c8b3236130a8d1be0335ccbacd8a4a6fae9037
1,NA,33,Male,0,1980,f90dca805bdcd1cb8aa1d21fce40ec3c5d9204ec23aedcb72f3aaae75c47d6b5
1,43.2053415,31,Male,1,1981,f90dca805bdcd1cb8aa1d21fce40ec3c5d9204ec23aedcb72f3aaae75c47d6b5
1,64.2834553,36,Male,2,1982,f90dca805bdcd1cb8aa1d21fce40ec3c5d9204ec23aedcb72f3aaae75c47d6b5
1,NA,38,Male,3,1983,f90dca805bdcd1cb8aa1d21fce40ec3c5d9204ec23aedcb72f3aaae75c47d6b5
1,85.28176716,47,Male,4,1984,f90dca805bdcd1cb8aa1d21fce40ec3c5d9204ec23aedcb72f3aaae75c47d6b5
NA,NA,51,Male,5,1985,f90dca805bdcd1cb8aa1d21fce40ec3c5d9204ec23aedcb72f3aaae75c47d6b5
1,40.51666667,31,Male,0,1981,cb3574ddd9636871314997ef90d204d702a200929c2a38c209a3dde22e420c43
1,66.36907851,36,Male,1,1982,cb3574ddd9636871314997ef90d204d702a200929c2a38c209a3dde22e420c43
1,83.95648616,38,Male,2,1983,cb3574ddd9636871314997ef90d204d702a200929c2a38c209a3dde22e420c43
1,NA,47,Male,3,1984,cb3574ddd9636871314997ef90d204d702a200929c2a38c209a3dde22e420c43
1,110.3160259,51,Male,4,1985,cb3574ddd9636871314997ef90d204d702a200929c2a38c209a3dde22e420c43
1,NA,58,Male,5,1986,cb3574ddd9636871314997ef90d204d702a200929c2a38c209a3dde22e420c43
NA,NA,61,Male,6,1987,cb3574ddd9636871314997ef90d204d702a200929c2a38c209a3dde22e420c43
1,NA,36,Male,4,1982,b54178ca9374efaa52198ef83c04816f67b52d9716dc549e2e38157b7ada6745
NA,NA,38,Male,5,1983,b54178ca9374efaa52198ef83c04816f67b52d9716dc549e2e38157b7ada6745
1,25.57395968,38,Female,0,1983,bbce4f8cd44d0bbd0e2d1038c7be1ff18e7a95b486d5cd44fb63d5fdf5ebb3ac
0,44.30463681,47,Female,1,1984,bbce4f8cd44d0bbd0e2d1038c7be1ff18e7a95b486d5cd44fb63d5fdf5ebb3ac
1,NA,47,Female,0,1984,d2e15ba7d4c2f6ceb71a3eeb6850c25e233963c6b1dc11db3d932f23392f48cc
0,NA,51,Female,1,1985,d2e15ba7d4c2f6ceb71a3eeb6850c25e233963c6b1dc11db3d932f23392f48cc
0,28.80052982,51,Female,0,1985,ab4173c139d2f266c565820bd55bae9d5e601c2aed3f97f26cb61544ca0f559e
1,56.97659019,58,Male,1,1986,0a18866dcb67f0f257fd9a353ef422e5f1f6cbafa846797ad17c977ea8b95e43
0,77.43867658,61,Male,2,1987,0a18866dcb67f0f257fd9a353ef422e5f1f6cbafa846797ad17c977ea8b95e43
1,33.76,58,Male,0,1986,b015c414cce770c52d922b24b8ba4a07799d2d65b6860304a0d8132147edb439
1,55.88638401,61,Male,1,1987,b015c414cce770c52d922b24b8ba4a07799d2d65b6860304a0d8132147edb439
0,NA,72,Male,3,1989,b015c414cce770c52d922b24b8ba4a07799d2d65b6860304a0d8132147edb439
0,58.19587393,61,Male,1,1987,b936a9a9a42b03504f67a7bb447a400c2a25757579131626ea2d2a58095c2578
1,NA,65,Female,0,1988,a87d507991ded23b05f8349fa72cba94b591571bb73b93ed8746773998afa022
1,43.79711631,72,Female,1,1989,a87d507991ded23b05f8349fa72cba94b591571bb73b93ed8746773998afa022
1,NA,83,Female,2,1990,a87d507991ded23b05f8349fa72cba94b591571bb73b93ed8746773998afa022
1,56.44283966,97,Female,3,1991,a87d507991ded23b05f8349fa72cba94b591571bb73b93ed8746773998afa022
1,69.07087573,103,Female,4,1992,a87d507991ded23b05f8349fa72cba94b591571bb73b93ed8746773998afa022
1,66.64178104,97,Female,5,1993,a87d507991ded23b05f8349fa72cba94b591571bb73b93ed8746773998afa022
1,NA,90,Female,6,1994,a87d507991ded23b05f8349fa72cba94b591571bb73b93ed8746773998afa022
1,68.12717504,79,Female,7,1995,a87d507991ded23b05f8349fa72cba94b591571bb73b93ed8746773998afa022
1,73.11976471,73,Female,8,1996,a87d507991ded23b05f8349fa72cba94b591571bb73b93ed8746773998afa022
0,NA,75,Female,9,1997,a87d507991ded23b05f8349fa72cba94b591571bb73b93ed8746773998afa022
0,27.09662921,72,Female,0,1989,a430a0ac85830e0e9a9c1fda37deb9544fe1d8993abe932ccbcdc7e012622f42
1,NA,83,Female,0,1990,a4f684574c186a24a59c519e7f2a0975ed0653badc30aef426ff366a623ec90d
1,35.31351004,97,Female,1,1991,a4f684574c186a24a59c519e7f2a0975ed0653badc30aef426ff366a623ec90d
1,42.83406868,103,Female,2,1992,a4f684574c186a24a59c519e7f2a0975ed0653badc30aef426ff366a623ec90d
1,55.05248383,97,Female,3,1993,a4f684574c186a24a59c519e7f2a0975ed0653badc30aef426ff366a623ec90d
1,63.96696694,90,Female,4,1994,a4f684574c186a24a59c519e7f2a0975ed0653badc30aef426ff366a623ec90d
1,69.72066839,79,Female,5,1995,a4f684574c186a24a59c519e7f2a0975ed0653badc30aef426ff366a623ec90d
1,67.83524584,73,Female,6,1996,a4f684574c186a24a59c519e7f2a0975ed0653badc30aef426ff366a623ec90d
0,70.91873419,75,Female,7,1997,a4f684574c186a24a59c519e7f2a0975ed0653badc30aef426ff366a623ec90d
1,22.06317094,97,Female,0,1991,11a6baae6a2076637defc09216aa9ff2d918b9c99ebd5a50b8aabb62de8a000e
0,NA,103,Female,1,1992,11a6baae6a2076637defc09216aa9ff2d918b9c99ebd5a50b8aabb62de8a000e
1,18.98119583,103,Female,0,1992,4d79cb85653514f6c151b683fd1ed7679c1a2763c7f70908e5a41deb1d0110f8
0,NA,97,Female,1,1993,4d79cb85653514f6c151b683fd1ed7679c1a2763c7f70908e5a41deb1d0110f8
0,20.40497093,97,Female,0,1993,c9b4c2bd4381fd6496b497fe8be7dcfbfaca75858ad63189e13b848efa95bd25
0,NA,90,Female,0,1994,d56370d8d5d8bdfd1832cd663f77525c23f7335073c5b9aee9e704e55261fcdd
NA,67.44826125,34,Female,8,1979,90413ac81310f0681f768b86c6ab7649daa786faf4127a92c8e1ad628e0a7231
1,72.65931544,34,Male,3,1979,93d48143ec2cecd2e317aa6764982ca6aec043e0eb0a3ce2bd9f3baf5a94fac8
1,NA,33,Male,4,1980,93d48143ec2cecd2e317aa6764982ca6aec043e0eb0a3ce2bd9f3baf5a94fac8
NA,NA,31,Male,5,1981,93d48143ec2cecd2e317aa6764982ca6aec043e0eb0a3ce2bd9f3baf5a94fac8
1,29.61127263,34,Male,0,1979,ac4ae1f5ad0d90a2458bb87c1bd8becad7262bddb42f30c7dbf746041b5cb496
1,58.60493116,33,Male,1,1980,ac4ae1f5ad0d90a2458bb87c1bd8becad7262bddb42f30c7dbf746041b5cb496
0,NA,31,Male,2,1981,ac4ae1f5ad0d90a2458bb87c1bd8becad7262bddb42f30c7dbf746041b5cb496
1,31.91071413,33,Male,0,1980,eca723cb126db3a20f140fe57fcc096a3d1857853ff229b2f95fc466318e99c4
0,50.1083078,31,Male,1,1981,eca723cb126db3a20f140fe57fcc096a3d1857853ff229b2f95fc466318e99c4
1,NA,31,Female,0,1981,c6fe26b5b5a84a46c78a3ccc640d59ca139d344e15601bdba2150ea78f89c5e9
1,NA,36,Female,1,1982,c6fe26b5b5a84a46c78a3ccc640d59ca139d344e15601bdba2150ea78f89c5e9
1,62.16168977,38,Female,2,1983,c6fe26b5b5a84a46c78a3ccc640d59ca139d344e15601bdba2150ea78f89c5e9
1,71.46875962,47,Female,3,1984,c6fe26b5b5a84a46c78a3ccc640d59ca139d344e15601bdba2150ea78f89c5e9
1,71.32326871,51,Female,4,1985,c6fe26b5b5a84a46c78a3ccc640d59ca139d344e15601bdba2150ea78f89c5e9
1,72.44835369,58,Female,5,1986,c6fe26b5b5a84a46c78a3ccc640d59ca139d344e15601bdba2150ea78f89c5e9
1,74.40682097,61,Female,6,1987,c6fe26b5b5a84a46c78a3ccc640d59ca139d344e15601bdba2150ea78f89c5e9
1,76.6497541,65,Female,7,1988,c6fe26b5b5a84a46c78a3ccc640d59ca139d344e15601bdba2150ea78f89c5e9
1,76.07417774,72,Female,8,1989,c6fe26b5b5a84a46c78a3ccc640d59ca139d344e15601bdba2150ea78f89c5e9
1,70.98042468,83,Female,9,1990,c6fe26b5b5a84a46c78a3ccc640d59ca139d344e15601bdba2150ea78f89c5e9
1,75.60676335,97,Female,10,1991,c6fe26b5b5a84a46c78a3ccc640d59ca139d344e15601bdba2150ea78f89c5e9
0,76.94168244,103,Female,11,1992,c6fe26b5b5a84a46c78a3ccc640d59ca139d344e15601bdba2150ea78f89c5e9
1,56.21646714,36,Male,1,1982,a7f411080575816a654d2b75256fa4bf81cf5ae6fde8b2545b743bc3dda5a644
1,79.11380532,38,Male,2,1983,a7f411080575816a654d2b75256fa4bf81cf5ae6fde8b2545b743bc3dda5a644
1,NA,47,Male,3,1984,a7f411080575816a654d2b75256fa4bf81cf5ae6fde8b2545b743bc3dda5a644
1,105.7844109,51,Male,4,1985,a7f411080575816a654d2b75256fa4bf81cf5ae6fde8b2545b743bc3dda5a644
1,NA,58,Male,5,1986,a7f411080575816a654d2b75256fa4bf81cf5ae6fde8b2545b743bc3dda5a644
NA,NA,61,Male,6,1987,a7f411080575816a654d2b75256fa4bf81cf5ae6fde8b2545b743bc3dda5a644
1,25.56312577,38,Male,0,1983,5d301d225f7c18f2228cb65461e65683ef2193c2d0d1bed44448729831bd6484
1,51.39443813,47,Male,1,1984,5d301d225f7c18f2228cb65461e65683ef2193c2d0d1bed44448729831bd6484
1,69.08870419,51,Male,2,1985,5d301d225f7c18f2228cb65461e65683ef2193c2d0d1bed44448729831bd6484
1,NA,58,Male,3,1986,5d301d225f7c18f2228cb65461e65683ef2193c2d0d1bed44448729831bd6484
1,NA,61,Male,4,1987,5d301d225f7c18f2228cb65461e65683ef2193c2d0d1bed44448729831bd6484
1,NA,65,Male,5,1988,5d301d225f7c18f2228cb65461e65683ef2193c2d0d1bed44448729831bd6484
1,100.6517046,72,Male,6,1989,5d301d225f7c18f2228cb65461e65683ef2193c2d0d1bed44448729831bd6484
1,NA,83,Male,7,1990,5d301d225f7c18f2228cb65461e65683ef2193c2d0d1bed44448729831bd6484
0,99.96088269,97,Male,8,1991,5d301d225f7c18f2228cb65461e65683ef2193c2d0d1bed44448729831bd6484
1,NA,47,Female,0,1984,17f2689613b7c07e597af570f4b451b4b7b4a5b84809d2cfa8d976ed383aa978
1,48.5982315,51,Female,1,1985,17f2689613b7c07e597af570f4b451b4b7b4a5b84809d2cfa8d976ed383aa978
1,59.85205577,58,Female,2,1986,17f2689613b7c07e597af570f4b451b4b7b4a5b84809d2cfa8d976ed383aa978
1,65.01169901,61,Female,3,1987,17f2689613b7c07e597af570f4b451b4b7b4a5b84809d2cfa8d976ed383aa978
1,62.93383058,65,Female,4,1988,17f2689613b7c07e597af570f4b451b4b7b4a5b84809d2cfa8d976ed383aa978
1,62.46640954,72,Female,5,1989,17f2689613b7c07e597af570f4b451b4b7b4a5b84809d2cfa8d976ed383aa978
1,69.66612682,83,Female,6,1990,17f2689613b7c07e597af570f4b451b4b7b4a5b84809d2cfa8d976ed383aa978
1,69.07491196,97,Female,7,1991,17f2689613b7c07e597af570f4b451b4b7b4a5b84809d2cfa8d976ed383aa978
1,71.10124316,103,Female,8,1992,17f2689613b7c07e597af570f4b451b4b7b4a5b84809d2cfa8d976ed383aa978
1,71.22049391,97,Female,9,1993,17f2689613b7c07e597af570f4b451b4b7b4a5b84809d2cfa8d976ed383aa978
1,71.43765418,90,Female,10,1994,17f2689613b7c07e597af570f4b451b4b7b4a5b84809d2cfa8d976ed383aa978
1,70.94225035,79,Female,11,1995,17f2689613b7c07e597af570f4b451b4b7b4a5b84809d2cfa8d976ed383aa978
1,71.8410893,73,Female,12,1996,17f2689613b7c07e597af570f4b451b4b7b4a5b84809d2cfa8d976ed383aa978
1,71.64462475,75,Female,13,1997,17f2689613b7c07e597af570f4b451b4b7b4a5b84809d2cfa8d976ed383aa978
NA,72.82798684,54,Female,14,1998,17f2689613b7c07e597af570f4b451b4b7b4a5b84809d2cfa8d976ed383aa978
1,NA,51,Male,0,1985,b3714cc454192bb5f18a279fc460968607ff4dcb7d68e17f8afb141b6af779ef
1,54.56109852,58,Male,1,1986,b3714cc454192bb5f18a279fc460968607ff4dcb7d68e17f8afb141b6af779ef
1,NA,61,Male,2,1987,b3714cc454192bb5f18a279fc460968607ff4dcb7d68e17f8afb141b6af779ef
1,NA,65,Male,3,1988,b3714cc454192bb5f18a279fc460968607ff4dcb7d68e17f8afb141b6af779ef
1,96.24825367,72,Male,4,1989,b3714cc454192bb5f18a279fc460968607ff4dcb7d68e17f8afb141b6af779ef
0,NA,83,Male,5,1990,b3714cc454192bb5f18a279fc460968607ff4dcb7d68e17f8afb141b6af779ef
1,29.04918033,58,Male,0,1986,76f869c13d4e681d4ce3d61d1d7676937d5bcf4d20a1ef5002f74f96d8d07fe1
1,49.40753365,61,Male,1,1987,76f869c13d4e681d4ce3d61d1d7676937d5bcf4d20a1ef5002f74f96d8d07fe1
1,69.02509681,65,Male,2,1988,76f869c13d4e681d4ce3d61d1d7676937d5bcf4d20a1ef5002f74f96d8d07fe1
1,84.52741657,72,Male,3,1989,76f869c13d4e681d4ce3d61d1d7676937d5bcf4d20a1ef5002f74f96d8d07fe1
0,NA,83,Male,4,1990,76f869c13d4e681d4ce3d61d1d7676937d5bcf4d20a1ef5002f74f96d8d07fe1
0,NA,61,Male,0,1987,1ff54ecc3dd0a406928ae7ef2f256e3d2789b39f24588ddbd34d982d23d86d1e
1,34.79226603,65,Female,0,1988,7605d9b82abfb7cf78a7ca17fc103627c723f0deba749eb7c1ab8cb149d7d779
1,43.73371418,72,Female,1,1989,7605d9b82abfb7cf78a7ca17fc103627c723f0deba749eb7c1ab8cb149d7d779
1,58.98311,83,Female,2,1990,7605d9b82abfb7cf78a7ca17fc103627c723f0deba749eb7c1ab8cb149d7d779
1,56.5247962,97,Female,3,1991,7605d9b82abfb7cf78a7ca17fc103627c723f0deba749eb7c1ab8cb149d7d779
1,69.9030835,103,Female,4,1992,7605d9b82abfb7cf78a7ca17fc103627c723f0deba749eb7c1ab8cb149d7d779
1,66.56560529,97,Female,5,1993,7605d9b82abfb7cf78a7ca17fc103627c723f0deba749eb7c1ab8cb149d7d779
1,NA,90,Female,6,1994,7605d9b82abfb7cf78a7ca17fc103627c723f0deba749eb7c1ab8cb149d7d779
1,80.01722298,79,Female,7,1995,7605d9b82abfb7cf78a7ca17fc103627c723f0deba749eb7c1ab8cb149d7d779
1,81.35370654,73,Female,8,1996,7605d9b82abfb7cf78a7ca17fc103627c723f0deba749eb7c1ab8cb149d7d779
0,72.29597551,75,Female,9,1997,7605d9b82abfb7cf78a7ca17fc103627c723f0deba749eb7c1ab8cb149d7d779
1,NA,72,Male,0,1989,5b18a4936c38fe197a50b936fab4dcce33851f1614348363965480ddfbcc423e
0,NA,83,Male,1,1990,5b18a4936c38fe197a50b936fab4dcce33851f1614348363965480ddfbcc423e
1,25.28125,83,Male,0,1990,8a46690cf71d99782a894aa7d82c9308386899babc1d4bad9e069b10e7415a3e
1,48.93392362,97,Male,1,1991,8a46690cf71d99782a894aa7d82c9308386899babc1d4bad9e069b10e7415a3e
1,64.82284621,103,Male,2,1992,8a46690cf71d99782a894aa7d82c9308386899babc1d4bad9e069b10e7415a3e
1,75.49012309,97,Male,3,1993,8a46690cf71d99782a894aa7d82c9308386899babc1d4bad9e069b10e7415a3e
1,88.32833631,90,Male,4,1994,8a46690cf71d99782a894aa7d82c9308386899babc1d4bad9e069b10e7415a3e
1,97.66518071,79,Male,5,1995,8a46690cf71d99782a894aa7d82c9308386899babc1d4bad9e069b10e7415a3e
1,107.00793,73,Male,6,1996,8a46690cf71d99782a894aa7d82c9308386899babc1d4bad9e069b10e7415a3e
1,107.474922,75,Male,7,1997,8a46690cf71d99782a894aa7d82c9308386899babc1d4bad9e069b10e7415a3e
0,109.6595008,54,Male,8,1998,8a46690cf71d99782a894aa7d82c9308386899babc1d4bad9e069b10e7415a3e
1,33.62272247,97,Male,0,1991,a4a1c512469926e731af7d1c44759bcae88120a75e4922ceb79e50840e1fb367
1,54.67562681,103,Male,1,1992,a4a1c512469926e731af7d1c44759bcae88120a75e4922ceb79e50840e1fb367
1,63.73769468,97,Male,2,1993,a4a1c512469926e731af7d1c44759bcae88120a75e4922ceb79e50840e1fb367
1,77.40669556,90,Male,3,1994,a4a1c512469926e731af7d1c44759bcae88120a75e4922ceb79e50840e1fb367
1,85.83283143,79,Male,4,1995,a4a1c512469926e731af7d1c44759bcae88120a75e4922ceb79e50840e1fb367
1,97.24438109,73,Male,5,1996,a4a1c512469926e731af7d1c44759bcae88120a75e4922ceb79e50840e1fb367
1,NA,75,Male,6,1997,a4a1c512469926e731af7d1c44759bcae88120a75e4922ceb79e50840e1fb367
0,101.6628364,54,Male,7,1998,a4a1c512469926e731af7d1c44759bcae88120a75e4922ceb79e50840e1fb367
0,20.25708731,103,Female,0,1992,6335b7dacfbd2ff9bd9e4a2471874135aa66f9c726ff3a2ca7c45140c430f0f1
0,20.49178605,97,Female,0,1993,8ccd9d20c0fb3937ef17bb1e415fd316709966f404440b878899b9e523d7939a
1,20.68992314,90,Male,0,1994,546ca09e3f6034ca0055b94a2a4ec4a463f532546fa6434c3a1f7ceb58451db4
0,NA,79,Male,1,1995,546ca09e3f6034ca0055b94a2a4ec4a463f532546fa6434c3a1f7ceb58451db4
NA,67.64743752,34,Female,3,1979,3702e6a3da5689b48032c1ec76bfc1f42b5947edf67d873d8e9ca07d3d04005a
1,81.92515122,34,Male,2,1979,e2e5c1cc3e291f6c8f0c387e4304efabd17dba595d65743214d8c04370920c86
1,NA,33,Male,3,1980,e2e5c1cc3e291f6c8f0c387e4304efabd17dba595d65743214d8c04370920c86
1,NA,31,Male,4,1981,e2e5c1cc3e291f6c8f0c387e4304efabd17dba595d65743214d8c04370920c86
1,NA,36,Male,5,1982,e2e5c1cc3e291f6c8f0c387e4304efabd17dba595d65743214d8c04370920c86
1,NA,38,Male,6,1983,e2e5c1cc3e291f6c8f0c387e4304efabd17dba595d65743214d8c04370920c86
NA,NA,47,Male,7,1984,e2e5c1cc3e291f6c8f0c387e4304efabd17dba595d65743214d8c04370920c86
1,25.87456404,34,Female,0,1979,208b235bbc215e17d63b901958944cbd9ec284ec1a0af74669ec652c1ff94ee6
0,47.46555201,33,Female,1,1980,208b235bbc215e17d63b901958944cbd9ec284ec1a0af74669ec652c1ff94ee6
1,NA,33,Female,0,1980,df2292734dda1f48fbd74e3da262b5878944e35a122f32ba2cbc267249d10d5b
NA,NA,31,Female,1,1981,df2292734dda1f48fbd74e3da262b5878944e35a122f32ba2cbc267249d10d5b
1,23,31,Male,0,1981,ebdade9e095864cfddc99d6304226965a2ea0775a505029502277781a25059e9
1,34.133317,36,Male,1,1982,ebdade9e095864cfddc99d6304226965a2ea0775a505029502277781a25059e9
1,47.94502321,38,Male,2,1983,ebdade9e095864cfddc99d6304226965a2ea0775a505029502277781a25059e9
0,64.84874475,47,Male,3,1984,ebdade9e095864cfddc99d6304226965a2ea0775a505029502277781a25059e9
1,NA,36,Male,2,1982,1743a6a07cd58e2d134e4cdcc512fd502488ad89c8ed5278d1d1a1be4640ef4b
1,NA,38,Male,3,1983,1743a6a07cd58e2d134e4cdcc512fd502488ad89c8ed5278d1d1a1be4640ef4b
1,NA,47,Male,4,1984,1743a6a07cd58e2d134e4cdcc512fd502488ad89c8ed5278d1d1a1be4640ef4b
1,NA,51,Male,5,1985,1743a6a07cd58e2d134e4cdcc512fd502488ad89c8ed5278d1d1a1be4640ef4b
1,NA,58,Male,6,1986,1743a6a07cd58e2d134e4cdcc512fd502488ad89c8ed5278d1d1a1be4640ef4b
0,NA,61,Male,7,1987,1743a6a07cd58e2d134e4cdcc512fd502488ad89c8ed5278d1d1a1be4640ef4b
0,NA,47,Male,0,1984,f02a705a8ccde01697deaa07cf2ef05552d8ef19fbb75261f39252f831d8c695
1,NA,51,Male,0,1985,913068d39bd4b190f9b8b28596a6851afa8f2c80e39363ed5871090ff8247383
1,52.66644958,58,Male,1,1986,913068d39bd4b190f9b8b28596a6851afa8f2c80e39363ed5871090ff8247383
1,68.85360856,61,Male,2,1987,913068d39bd4b190f9b8b28596a6851afa8f2c80e39363ed5871090ff8247383
0,83.01794648,65,Male,3,1988,913068d39bd4b190f9b8b28596a6851afa8f2c80e39363ed5871090ff8247383
1,NA,58,Male,0,1986,9e6599222940f31a9fc64682862f88c6b7965c3dcd38546d615f7f1a8e5da172
0,NA,61,Male,1,1987,9e6599222940f31a9fc64682862f88c6b7965c3dcd38546d615f7f1a8e5da172
1,24.86764706,61,Female,0,1987,ae94df8ce7794aca9bfecd1148cc699c9046a0071b3457e8d294936ff8ca93bc
1,47.79819683,65,Female,1,1988,ae94df8ce7794aca9bfecd1148cc699c9046a0071b3457e8d294936ff8ca93bc
1,57.96050162,72,Female,2,1989,ae94df8ce7794aca9bfecd1148cc699c9046a0071b3457e8d294936ff8ca93bc
1,65.57420749,83,Female,3,1990,ae94df8ce7794aca9bfecd1148cc699c9046a0071b3457e8d294936ff8ca93bc
1,65.94757898,97,Female,4,1991,ae94df8ce7794aca9bfecd1148cc699c9046a0071b3457e8d294936ff8ca93bc
1,72.8223186,103,Female,5,1992,ae94df8ce7794aca9bfecd1148cc699c9046a0071b3457e8d294936ff8ca93bc
1,68.25653299,97,Female,6,1993,ae94df8ce7794aca9bfecd1148cc699c9046a0071b3457e8d294936ff8ca93bc
1,73.64660879,90,Female,7,1994,ae94df8ce7794aca9bfecd1148cc699c9046a0071b3457e8d294936ff8ca93bc
1,71.70156691,79,Female,8,1995,ae94df8ce7794aca9bfecd1148cc699c9046a0071b3457e8d294936ff8ca93bc
1,74.61774641,73,Female,9,1996,ae94df8ce7794aca9bfecd1148cc699c9046a0071b3457e8d294936ff8ca93bc
0,68.42328258,75,Female,10,1997,ae94df8ce7794aca9bfecd1148cc699c9046a0071b3457e8d294936ff8ca93bc
0,30.91835415,65,Male,0,1988,2faf20bebc6643c69a684dc4ec9a835bbb5782b1a3aaa0734acf6da67360e31a
1,28.9078125,72,Female,0,1989,c67f3dd8c0b4bbe4f7a5dd8aa5c1dabb7b44b997cd6e0348248fe9a0573050b2
1,41.07938444,83,Female,1,1990,c67f3dd8c0b4bbe4f7a5dd8aa5c1dabb7b44b997cd6e0348248fe9a0573050b2
1,55.768214,97,Female,2,1991,c67f3dd8c0b4bbe4f7a5dd8aa5c1dabb7b44b997cd6e0348248fe9a0573050b2
0,68.12837405,103,Female,3,1992,c67f3dd8c0b4bbe4f7a5dd8aa5c1dabb7b44b997cd6e0348248fe9a0573050b2
1,NA,83,Male,0,1990,05752e7c5d104530b037b71f0457fcf03663972f6df2d9c4487dd00999412a09
1,46.27390027,97,Male,1,1991,05752e7c5d104530b037b71f0457fcf03663972f6df2d9c4487dd00999412a09
1,60.66268535,103,Male,2,1992,05752e7c5d104530b037b71f0457fcf03663972f6df2d9c4487dd00999412a09
1,NA,97,Male,3,1993,05752e7c5d104530b037b71f0457fcf03663972f6df2d9c4487dd00999412a09
1,78.24093631,90,Male,4,1994,05752e7c5d104530b037b71f0457fcf03663972f6df2d9c4487dd00999412a09
1,84.15933455,79,Male,5,1995,05752e7c5d104530b037b71f0457fcf03663972f6df2d9c4487dd00999412a09
1,94.40623243,73,Male,6,1996,05752e7c5d104530b037b71f0457fcf03663972f6df2d9c4487dd00999412a09
1,88.16245797,75,Male,7,1997,05752e7c5d104530b037b71f0457fcf03663972f6df2d9c4487dd00999412a09
0,88.29090975,54,Male,8,1998,05752e7c5d104530b037b71f0457fcf03663972f6df2d9c4487dd00999412a09
0,19.99410241,97,Male,0,1991,26b03217305c870000d8b0fbbf02ded67053ed41b27e72f160a2a603ec21f9eb
NA,NA,103,Female,0,1992,1ced01ecf32afc2d7e99d69fff9cbeee584eadf7d4a25f55eea89ae50405eebe
0,20.55262526,97,Female,0,1993,56e587a309a587782f45b27a9c46b0a691117411d357015795d9bcbe012d4e7a
1,NA,90,Female,0,1994,7f7222226f35a6343c4a1a8319eed19a864747df80ed79de5f37e0716a8c6320
0,NA,79,Female,1,1995,7f7222226f35a6343c4a1a8319eed19a864747df80ed79de5f37e0716a8c6320
NA,73.55474416,34,Female,11,1979,ca8912d5356205c225af4f4923c9417f64bba7a211c136f9f5d27968cc47c43c
1,77.96320485,34,Female,6,1979,ea68c96cf8d3cebe4bf1b4476a5f3d46d8ea2ee58c9747b4a7c35204c04edd64
1,72.49235133,33,Female,7,1980,ea68c96cf8d3cebe4bf1b4476a5f3d46d8ea2ee58c9747b4a7c35204c04edd64
1,77.00652485,31,Female,8,1981,ea68c96cf8d3cebe4bf1b4476a5f3d46d8ea2ee58c9747b4a7c35204c04edd64
1,72.77842765,36,Female,9,1982,ea68c96cf8d3cebe4bf1b4476a5f3d46d8ea2ee58c9747b4a7c35204c04edd64
1,78.56279606,38,Female,10,1983,ea68c96cf8d3cebe4bf1b4476a5f3d46d8ea2ee58c9747b4a7c35204c04edd64
1,78.26250551,47,Female,11,1984,ea68c96cf8d3cebe4bf1b4476a5f3d46d8ea2ee58c9747b4a7c35204c04edd64
1,73.81890894,51,Female,12,1985,ea68c96cf8d3cebe4bf1b4476a5f3d46d8ea2ee58c9747b4a7c35204c04edd64
1,72.1395759,58,Female,13,1986,ea68c96cf8d3cebe4bf1b4476a5f3d46d8ea2ee58c9747b4a7c35204c04edd64
0,NA,61,Female,14,1987,ea68c96cf8d3cebe4bf1b4476a5f3d46d8ea2ee58c9747b4a7c35204c04edd64
1,64.25593794,34,Female,3,1979,1cdb1bb8ad954dd060933c9eee26f449b76178b8e7fb7d66d8c7d441289e7c1c
1,69.21702049,33,Female,4,1980,1cdb1bb8ad954dd060933c9eee26f449b76178b8e7fb7d66d8c7d441289e7c1c
1,67.15826045,31,Female,5,1981,1cdb1bb8ad954dd060933c9eee26f449b76178b8e7fb7d66d8c7d441289e7c1c
1,63.21759361,36,Female,6,1982,1cdb1bb8ad954dd060933c9eee26f449b76178b8e7fb7d66d8c7d441289e7c1c
1,70.02953234,38,Female,7,1983,1cdb1bb8ad954dd060933c9eee26f449b76178b8e7fb7d66d8c7d441289e7c1c
1,NA,47,Female,8,1984,1cdb1bb8ad954dd060933c9eee26f449b76178b8e7fb7d66d8c7d441289e7c1c
1,77.50763297,51,Female,9,1985,1cdb1bb8ad954dd060933c9eee26f449b76178b8e7fb7d66d8c7d441289e7c1c
0,NA,58,Female,10,1986,1cdb1bb8ad954dd060933c9eee26f449b76178b8e7fb7d66d8c7d441289e7c1c
1,48.97374621,34,Female,1,1979,d882cce1a3ef2ac9dbc8bf470ebe6d76e9dd9f7e39326c773b0013202025bf63
1,56.9875882,33,Female,2,1980,d882cce1a3ef2ac9dbc8bf470ebe6d76e9dd9f7e39326c773b0013202025bf63
1,62.83944263,31,Female,3,1981,d882cce1a3ef2ac9dbc8bf470ebe6d76e9dd9f7e39326c773b0013202025bf63
0,NA,36,Female,4,1982,d882cce1a3ef2ac9dbc8bf470ebe6d76e9dd9f7e39326c773b0013202025bf63
1,24.7696985,34,Female,0,1979,f9126ccec2db23cf64cf36a6f593e9ed9cbc181d7b87201477a5017bb9dd8b34
1,44.12573761,33,Female,1,1980,f9126ccec2db23cf64cf36a6f593e9ed9cbc181d7b87201477a5017bb9dd8b34
1,63.92597859,31,Female,2,1981,f9126ccec2db23cf64cf36a6f593e9ed9cbc181d7b87201477a5017bb9dd8b34
1,64.41777336,36,Female,3,1982,f9126ccec2db23cf64cf36a6f593e9ed9cbc181d7b87201477a5017bb9dd8b34
1,64.95852707,38,Female,4,1983,f9126ccec2db23cf64cf36a6f593e9ed9cbc181d7b87201477a5017bb9dd8b34
0,72.71478444,47,Female,5,1984,f9126ccec2db23cf64cf36a6f593e9ed9cbc181d7b87201477a5017bb9dd8b34
1,NA,33,Female,0,1980,e90f937e3f0fc680354b870d593e2897d13b8ecb64d68c32ce87cad214f52e77
1,NA,31,Female,1,1981,e90f937e3f0fc680354b870d593e2897d13b8ecb64d68c32ce87cad214f52e77
1,58.01451434,36,Female,2,1982,e90f937e3f0fc680354b870d593e2897d13b8ecb64d68c32ce87cad214f52e77
1,NA,38,Female,3,1983,e90f937e3f0fc680354b870d593e2897d13b8ecb64d68c32ce87cad214f52e77
1,71.18622849,47,Female,4,1984,e90f937e3f0fc680354b870d593e2897d13b8ecb64d68c32ce87cad214f52e77
1,74.65548808,51,Female,5,1985,e90f937e3f0fc680354b870d593e2897d13b8ecb64d68c32ce87cad214f52e77
1,72.13924501,58,Female,6,1986,e90f937e3f0fc680354b870d593e2897d13b8ecb64d68c32ce87cad214f52e77
1,74.02693847,61,Female,7,1987,e90f937e3f0fc680354b870d593e2897d13b8ecb64d68c32ce87cad214f52e77
1,73.72146904,65,Female,8,1988,e90f937e3f0fc680354b870d593e2897d13b8ecb64d68c32ce87cad214f52e77
1,72.43518617,72,Female,9,1989,e90f937e3f0fc680354b870d593e2897d13b8ecb64d68c32ce87cad214f52e77
1,72.92643162,83,Female,10,1990,e90f937e3f0fc680354b870d593e2897d13b8ecb64d68c32ce87cad214f52e77
1,73.13234578,97,Female,11,1991,e90f937e3f0fc680354b870d593e2897d13b8ecb64d68c32ce87cad214f52e77
1,72.78677154,103,Female,12,1992,e90f937e3f0fc680354b870d593e2897d13b8ecb64d68c32ce87cad214f52e77
0,68.0497129,97,Female,13,1993,e90f937e3f0fc680354b870d593e2897d13b8ecb64d68c32ce87cad214f52e77
1,27.99622388,31,Male,0,1981,23beb1bd89d60b244129830d72b4c884af90a4d962ee05b42409a0c305b0139a
1,50.3537013,36,Male,1,1982,23beb1bd89d60b244129830d72b4c884af90a4d962ee05b42409a0c305b0139a
1,71.38609889,38,Male,2,1983,23beb1bd89d60b244129830d72b4c884af90a4d962ee05b42409a0c305b0139a
1,92.14929394,47,Male,3,1984,23beb1bd89d60b244129830d72b4c884af90a4d962ee05b42409a0c305b0139a
1,97.94542328,51,Male,4,1985,23beb1bd89d60b244129830d72b4c884af90a4d962ee05b42409a0c305b0139a
1,NA,58,Male,5,1986,23beb1bd89d60b244129830d72b4c884af90a4d962ee05b42409a0c305b0139a
1,NA,61,Male,6,1987,23beb1bd89d60b244129830d72b4c884af90a4d962ee05b42409a0c305b0139a
0,NA,65,Male,7,1988,23beb1bd89d60b244129830d72b4c884af90a4d962ee05b42409a0c305b0139a
1,34.72155309,36,Male,0,1982,c8b59a8cddce3562c8de5df59310aeeeda0cf1131964d624b50454283ab2f0c9
0,NA,38,Male,1,1983,c8b59a8cddce3562c8de5df59310aeeeda0cf1131964d624b50454283ab2f0c9
1,23.54611423,38,Female,0,1983,8bb157522efa1d0b6349da97403e59ab7cc81da0b309b3efcfb2bc2b43a43c7a
1,47.57639437,47,Female,1,1984,8bb157522efa1d0b6349da97403e59ab7cc81da0b309b3efcfb2bc2b43a43c7a
1,59.4527274,51,Female,2,1985,8bb157522efa1d0b6349da97403e59ab7cc81da0b309b3efcfb2bc2b43a43c7a
1,68.43016602,58,Female,3,1986,8bb157522efa1d0b6349da97403e59ab7cc81da0b309b3efcfb2bc2b43a43c7a
1,68.10907319,61,Female,4,1987,8bb157522efa1d0b6349da97403e59ab7cc81da0b309b3efcfb2bc2b43a43c7a
1,69.53057718,65,Female,5,1988,8bb157522efa1d0b6349da97403e59ab7cc81da0b309b3efcfb2bc2b43a43c7a
1,70.19020927,72,Female,6,1989,8bb157522efa1d0b6349da97403e59ab7cc81da0b309b3efcfb2bc2b43a43c7a
0,69.94389534,83,Female,7,1990,8bb157522efa1d0b6349da97403e59ab7cc81da0b309b3efcfb2bc2b43a43c7a
1,NA,47,Female,0,1984,08172516cadf345c76385456fed72d8c05be890dd8b7f378109275c97aefbf3c
0,47.08565178,51,Female,1,1985,08172516cadf345c76385456fed72d8c05be890dd8b7f378109275c97aefbf3c
1,NA,51,Female,0,1985,dd0896be9b52981b986a6cfbc13d28316986fd0bb0657e8a3e32711919295764
1,NA,58,Female,1,1986,dd0896be9b52981b986a6cfbc13d28316986fd0bb0657e8a3e32711919295764
1,62.25232534,61,Female,2,1987,dd0896be9b52981b986a6cfbc13d28316986fd0bb0657e8a3e32711919295764
1,59.41517782,65,Female,3,1988,dd0896be9b52981b986a6cfbc13d28316986fd0bb0657e8a3e32711919295764
1,64.8707248,72,Female,4,1989,dd0896be9b52981b986a6cfbc13d28316986fd0bb0657e8a3e32711919295764
1,67.18405938,83,Female,5,1990,dd0896be9b52981b986a6cfbc13d28316986fd0bb0657e8a3e32711919295764
1,68.18961276,97,Female,6,1991,dd0896be9b52981b986a6cfbc13d28316986fd0bb0657e8a3e32711919295764
1,67.41838236,103,Female,7,1992,dd0896be9b52981b986a6cfbc13d28316986fd0bb0657e8a3e32711919295764
1,65.96066583,97,Female,8,1993,dd0896be9b52981b986a6cfbc13d28316986fd0bb0657e8a3e32711919295764
0,70.21305006,90,Female,9,1994,dd0896be9b52981b986a6cfbc13d28316986fd0bb0657e8a3e32711919295764
1,NA,58,Female,0,1986,65f87ca172505afe5cc60a1fea8654c9427f953bfd30be6efa12803a9a4ee8e5
1,50.02425503,61,Female,1,1987,65f87ca172505afe5cc60a1fea8654c9427f953bfd30be6efa12803a9a4ee8e5
0,62.0402324,65,Female,2,1988,65f87ca172505afe5cc60a1fea8654c9427f953bfd30be6efa12803a9a4ee8e5
1,56.7360186,61,Male,1,1987,8e4eccc565a43d36ef77a67f044088ceb31e62e4679355a559156ce11bbde28d
1,74.73406941,65,Male,2,1988,8e4eccc565a43d36ef77a67f044088ceb31e62e4679355a559156ce11bbde28d
1,84.80587938,72,Male,3,1989,8e4eccc565a43d36ef77a67f044088ceb31e62e4679355a559156ce11bbde28d
1,NA,83,Male,4,1990,8e4eccc565a43d36ef77a67f044088ceb31e62e4679355a559156ce11bbde28d
1,101.1025069,97,Male,5,1991,8e4eccc565a43d36ef77a67f044088ceb31e62e4679355a559156ce11bbde28d
1,NA,103,Male,6,1992,8e4eccc565a43d36ef77a67f044088ceb31e62e4679355a559156ce11bbde28d
1,98.65321231,97,Male,7,1993,8e4eccc565a43d36ef77a67f044088ceb31e62e4679355a559156ce11bbde28d
1,104.5529708,90,Male,8,1994,8e4eccc565a43d36ef77a67f044088ceb31e62e4679355a559156ce11bbde28d
1,111.2867619,79,Male,9,1995,8e4eccc565a43d36ef77a67f044088ceb31e62e4679355a559156ce11bbde28d
1,115.8479366,73,Male,10,1996,8e4eccc565a43d36ef77a67f044088ceb31e62e4679355a559156ce11bbde28d
1,NA,75,Male,11,1997,8e4eccc565a43d36ef77a67f044088ceb31e62e4679355a559156ce11bbde28d
0,107.5307595,54,Male,12,1998,8e4eccc565a43d36ef77a67f044088ceb31e62e4679355a559156ce11bbde28d
1,NA,61,Male,0,1987,d6074ea7379f6c735cc88aef73d4afe85f38c9c8ab2ce8af2fa079c2fb8742e6
1,54.66862894,65,Male,1,1988,d6074ea7379f6c735cc88aef73d4afe85f38c9c8ab2ce8af2fa079c2fb8742e6
1,70.62974287,72,Male,2,1989,d6074ea7379f6c735cc88aef73d4afe85f38c9c8ab2ce8af2fa079c2fb8742e6
1,NA,83,Male,3,1990,d6074ea7379f6c735cc88aef73d4afe85f38c9c8ab2ce8af2fa079c2fb8742e6
0,85.57482736,97,Male,4,1991,d6074ea7379f6c735cc88aef73d4afe85f38c9c8ab2ce8af2fa079c2fb8742e6
0,NA,72,Female,0,1989,80b9073bbf77df1628565e63a111988ef458a504ac8856de289a5f7ffb1bee0c
0,NA,83,Male,0,1990,f1900c6dcb932175f9b5eec4476181b4054241f634f22626cd66d1817415800c
1,22.98127768,97,Male,0,1991,6764ddf96226ebfcc69bd062b7ad2efff631d2783ba4c04c3f567d204885d5dd
1,38.85366949,103,Male,1,1992,6764ddf96226ebfcc69bd062b7ad2efff631d2783ba4c04c3f567d204885d5dd
1,53.84998049,97,Male,2,1993,6764ddf96226ebfcc69bd062b7ad2efff631d2783ba4c04c3f567d204885d5dd
1,71.60758282,90,Male,3,1994,6764ddf96226ebfcc69bd062b7ad2efff631d2783ba4c04c3f567d204885d5dd
1,80.97075942,79,Male,4,1995,6764ddf96226ebfcc69bd062b7ad2efff631d2783ba4c04c3f567d204885d5dd
1,92.64566206,73,Male,5,1996,6764ddf96226ebfcc69bd062b7ad2efff631d2783ba4c04c3f567d204885d5dd
0,NA,75,Male,6,1997,6764ddf96226ebfcc69bd062b7ad2efff631d2783ba4c04c3f567d204885d5dd
0,NA,103,Male,0,1992,26a5c3b0011d4ffcec09970fbb0af7b03da249e35eb3b1afd95b8a74021cef40
0,NA,97,Male,0,1993,9f4df0749b27ae119dd12793fb7657c449e955582ae0759f4cc022bef1c6adb2
1,NA,90,Female,0,1994,789aeb175df3565fc0bfa1059174fb2118fa9e0be900775d2b0c5489650ea78f
1,38.25904424,79,Female,1,1995,789aeb175df3565fc0bfa1059174fb2118fa9e0be900775d2b0c5489650ea78f
1,49.75269581,73,Female,2,1996,789aeb175df3565fc0bfa1059174fb2118fa9e0be900775d2b0c5489650ea78f
1,54.42197354,75,Female,3,1997,789aeb175df3565fc0bfa1059174fb2118fa9e0be900775d2b0c5489650ea78f
1,60.66239017,54,Female,4,1998,789aeb175df3565fc0bfa1059174fb2118fa9e0be900775d2b0c5489650ea78f
1,58.35662575,45,Female,5,1999,789aeb175df3565fc0bfa1059174fb2118fa9e0be900775d2b0c5489650ea78f
1,59.66906065,37,Female,6,2000,789aeb175df3565fc0bfa1059174fb2118fa9e0be900775d2b0c5489650ea78f
0,59.31674049,32,Female,7,2001,789aeb175df3565fc0bfa1059174fb2118fa9e0be900775d2b0c5489650ea78f
1,NA,34,Male,3,1979,ef707ad4a92d696e1b0447469776da5849bde6e855b886ddccfdf824677f7feb
1,NA,33,Male,4,1980,ef707ad4a92d696e1b0447469776da5849bde6e855b886ddccfdf824677f7feb
1,NA,31,Male,5,1981,ef707ad4a92d696e1b0447469776da5849bde6e855b886ddccfdf824677f7feb
1,NA,36,Male,6,1982,ef707ad4a92d696e1b0447469776da5849bde6e855b886ddccfdf824677f7feb
NA,125.3889776,38,Male,7,1983,ef707ad4a92d696e1b0447469776da5849bde6e855b886ddccfdf824677f7feb
1,71.56002772,34,Female,2,1979,69b994acf11fa73dfbbe439716dd4180a6fa9c49a738e1b60dd95c1f8416d018
NA,72.88585814,33,Female,3,1980,69b994acf11fa73dfbbe439716dd4180a6fa9c49a738e1b60dd95c1f8416d018
1,65.75998505,34,Female,2,1979,12457014b9910a9d61d4f0f0e37789b95cb30e2adac66635f0ebfb729f06b631
1,67.01790284,33,Female,3,1980,12457014b9910a9d61d4f0f0e37789b95cb30e2adac66635f0ebfb729f06b631
1,70.84305437,31,Female,4,1981,12457014b9910a9d61d4f0f0e37789b95cb30e2adac66635f0ebfb729f06b631
1,72.43241364,36,Female,5,1982,12457014b9910a9d61d4f0f0e37789b95cb30e2adac66635f0ebfb729f06b631
1,70.87128816,38,Female,6,1983,12457014b9910a9d61d4f0f0e37789b95cb30e2adac66635f0ebfb729f06b631
1,78.63259034,47,Female,7,1984,12457014b9910a9d61d4f0f0e37789b95cb30e2adac66635f0ebfb729f06b631
1,78.590765,51,Female,8,1985,12457014b9910a9d61d4f0f0e37789b95cb30e2adac66635f0ebfb729f06b631
0,72.99368863,58,Female,9,1986,12457014b9910a9d61d4f0f0e37789b95cb30e2adac66635f0ebfb729f06b631
1,29.16094153,34,Female,0,1979,288dd1fc67d089d06cb36cff2756656191e777a5706050e290d6afc760ccc272
1,50.60723442,33,Female,1,1980,288dd1fc67d089d06cb36cff2756656191e777a5706050e290d6afc760ccc272
NA,56.288507,31,Female,2,1981,288dd1fc67d089d06cb36cff2756656191e777a5706050e290d6afc760ccc272
0,31.77403404,33,Male,0,1980,8ff15adc32137d3570f7aefa0607cec75d41ded2dfec4f3dd05d062aa133b525
0,37.67153856,31,Male,0,1981,2785b96c03acc9e86ff31ba713188322df79162530c1c577cff30ecf6def6fbf
1,29.70425271,36,Female,0,1982,a51de119927132c34c8257381b34590a0b19719ea3e0907754eb201bc629c5fc
1,52.10038576,38,Female,1,1983,a51de119927132c34c8257381b34590a0b19719ea3e0907754eb201bc629c5fc
1,68.0216635,47,Female,2,1984,a51de119927132c34c8257381b34590a0b19719ea3e0907754eb201bc629c5fc
1,65.59117362,51,Female,3,1985,a51de119927132c34c8257381b34590a0b19719ea3e0907754eb201bc629c5fc
1,72.80730745,58,Female,4,1986,a51de119927132c34c8257381b34590a0b19719ea3e0907754eb201bc629c5fc
1,74.44883966,61,Female,5,1987,a51de119927132c34c8257381b34590a0b19719ea3e0907754eb201bc629c5fc
1,77.56777934,65,Female,6,1988,a51de119927132c34c8257381b34590a0b19719ea3e0907754eb201bc629c5fc
1,75.92584102,72,Female,7,1989,a51de119927132c34c8257381b34590a0b19719ea3e0907754eb201bc629c5fc
1,78.94472876,83,Female,8,1990,a51de119927132c34c8257381b34590a0b19719ea3e0907754eb201bc629c5fc
1,79.30257768,97,Female,9,1991,a51de119927132c34c8257381b34590a0b19719ea3e0907754eb201bc629c5fc
1,75.81400088,103,Female,10,1992,a51de119927132c34c8257381b34590a0b19719ea3e0907754eb201bc629c5fc
1,71.42665967,97,Female,11,1993,a51de119927132c34c8257381b34590a0b19719ea3e0907754eb201bc629c5fc
1,80.14868144,90,Female,12,1994,a51de119927132c34c8257381b34590a0b19719ea3e0907754eb201bc629c5fc
NA,77.11478583,79,Female,13,1995,a51de119927132c34c8257381b34590a0b19719ea3e0907754eb201bc629c5fc
1,30.82991476,38,Male,0,1983,1744c129ac4672a36bb77bf290f7609bc6dccc2959c4f3ae11b872642bf3f902
1,60.16575618,47,Male,1,1984,1744c129ac4672a36bb77bf290f7609bc6dccc2959c4f3ae11b872642bf3f902
0,NA,51,Male,2,1985,1744c129ac4672a36bb77bf290f7609bc6dccc2959c4f3ae11b872642bf3f902
0,NA,47,Female,0,1984,ae58274d9e1879d986ecc5c745bf26af25d036540ed4549cba8711e2a6dd8752
0,23.47267094,51,Male,0,1985,c6c6e30d110af909d42a891c116f510c1cec9e5e96847104ad5cc7c0c84b9e51
1,26.23684211,58,Female,0,1986,6c29321656b59d0e33dd3eb43b83b85ed539a1f67a04b2d9f7f762b45d9b07e0
1,41.88897423,61,Female,1,1987,6c29321656b59d0e33dd3eb43b83b85ed539a1f67a04b2d9f7f762b45d9b07e0
1,56.06236293,65,Female,2,1988,6c29321656b59d0e33dd3eb43b83b85ed539a1f67a04b2d9f7f762b45d9b07e0
1,63.80579106,72,Female,3,1989,6c29321656b59d0e33dd3eb43b83b85ed539a1f67a04b2d9f7f762b45d9b07e0
1,66.17002029,83,Female,4,1990,6c29321656b59d0e33dd3eb43b83b85ed539a1f67a04b2d9f7f762b45d9b07e0
1,63.09438509,97,Female,5,1991,6c29321656b59d0e33dd3eb43b83b85ed539a1f67a04b2d9f7f762b45d9b07e0
1,71.40013987,103,Female,6,1992,6c29321656b59d0e33dd3eb43b83b85ed539a1f67a04b2d9f7f762b45d9b07e0
1,68.19241382,97,Female,7,1993,6c29321656b59d0e33dd3eb43b83b85ed539a1f67a04b2d9f7f762b45d9b07e0
0,74.08690223,90,Female,8,1994,6c29321656b59d0e33dd3eb43b83b85ed539a1f67a04b2d9f7f762b45d9b07e0
1,NA,61,Male,0,1987,7ec22ec5b1e3170bbd01fcedbac9a06ce497bac7f6be7c243ebfed823c0bbd24
0,56.54788847,65,Male,1,1988,7ec22ec5b1e3170bbd01fcedbac9a06ce497bac7f6be7c243ebfed823c0bbd24
1,NA,61,Female,0,1987,dcf01067aa4580478e50252d96589b4702bda2fa6aacda06b927302f53ff49f2
1,43.73788301,65,Female,1,1988,dcf01067aa4580478e50252d96589b4702bda2fa6aacda06b927302f53ff49f2
1,54.73141155,72,Female,2,1989,dcf01067aa4580478e50252d96589b4702bda2fa6aacda06b927302f53ff49f2
1,63.6889249,83,Female,3,1990,dcf01067aa4580478e50252d96589b4702bda2fa6aacda06b927302f53ff49f2
1,66.75848746,97,Female,4,1991,dcf01067aa4580478e50252d96589b4702bda2fa6aacda06b927302f53ff49f2
1,66.38593346,103,Female,5,1992,dcf01067aa4580478e50252d96589b4702bda2fa6aacda06b927302f53ff49f2
1,65.39638102,97,Female,6,1993,dcf01067aa4580478e50252d96589b4702bda2fa6aacda06b927302f53ff49f2
1,72.52723931,90,Female,7,1994,dcf01067aa4580478e50252d96589b4702bda2fa6aacda06b927302f53ff49f2
1,71.33879273,79,Female,8,1995,dcf01067aa4580478e50252d96589b4702bda2fa6aacda06b927302f53ff49f2
0,NA,73,Female,9,1996,dcf01067aa4580478e50252d96589b4702bda2fa6aacda06b927302f53ff49f2
1,29,72,Male,0,1989,243285d40eb6165692d690010792e87e00a884c1bbe35753a2472cdc9b3a8e4f
1,40.67600599,83,Male,1,1990,243285d40eb6165692d690010792e87e00a884c1bbe35753a2472cdc9b3a8e4f
0,59.74586491,97,Male,2,1991,243285d40eb6165692d690010792e87e00a884c1bbe35753a2472cdc9b3a8e4f
1,NA,83,Female,0,1990,34e8c02f55aa4f64933b5691bc949585a9e56b9b3906ff20e7d2de1365d6e4ba
1,35.5187613,97,Female,1,1991,34e8c02f55aa4f64933b5691bc949585a9e56b9b3906ff20e7d2de1365d6e4ba
1,53.00076185,103,Female,2,1992,34e8c02f55aa4f64933b5691bc949585a9e56b9b3906ff20e7d2de1365d6e4ba
1,64.25567062,97,Female,3,1993,34e8c02f55aa4f64933b5691bc949585a9e56b9b3906ff20e7d2de1365d6e4ba
1,73.29889574,90,Female,4,1994,34e8c02f55aa4f64933b5691bc949585a9e56b9b3906ff20e7d2de1365d6e4ba
1,70.84400503,79,Female,5,1995,34e8c02f55aa4f64933b5691bc949585a9e56b9b3906ff20e7d2de1365d6e4ba
1,74.79645316,73,Female,6,1996,34e8c02f55aa4f64933b5691bc949585a9e56b9b3906ff20e7d2de1365d6e4ba
1,74.85570203,75,Female,7,1997,34e8c02f55aa4f64933b5691bc949585a9e56b9b3906ff20e7d2de1365d6e4ba
1,70.69561629,54,Female,8,1998,34e8c02f55aa4f64933b5691bc949585a9e56b9b3906ff20e7d2de1365d6e4ba
NA,67.87542467,45,Female,9,1999,34e8c02f55aa4f64933b5691bc949585a9e56b9b3906ff20e7d2de1365d6e4ba
1,26.23078513,97,Male,0,1991,709b704a0bdcf5152aaa67771a31528d6e42049f38c2943c5b0dccdaa5020def
1,43.2074343,103,Male,1,1992,709b704a0bdcf5152aaa67771a31528d6e42049f38c2943c5b0dccdaa5020def
1,57.02329782,97,Male,2,1993,709b704a0bdcf5152aaa67771a31528d6e42049f38c2943c5b0dccdaa5020def
1,74.66762729,90,Male,3,1994,709b704a0bdcf5152aaa67771a31528d6e42049f38c2943c5b0dccdaa5020def
1,81.99598691,79,Male,4,1995,709b704a0bdcf5152aaa67771a31528d6e42049f38c2943c5b0dccdaa5020def
1,95.33042807,73,Male,5,1996,709b704a0bdcf5152aaa67771a31528d6e42049f38c2943c5b0dccdaa5020def
1,NA,75,Male,6,1997,709b704a0bdcf5152aaa67771a31528d6e42049f38c2943c5b0dccdaa5020def
1,96.20105837,54,Male,7,1998,709b704a0bdcf5152aaa67771a31528d6e42049f38c2943c5b0dccdaa5020def
1,98.36401722,45,Male,8,1999,709b704a0bdcf5152aaa67771a31528d6e42049f38c2943c5b0dccdaa5020def
0,NA,37,Male,9,2000,709b704a0bdcf5152aaa67771a31528d6e42049f38c2943c5b0dccdaa5020def
0,15.62627527,97,Female,0,1993,1b112511b5916b0641e94b1867fc7891d7c50f07bf94ebdc83ae8562f23440e0
1,NA,90,Female,0,1994,beb8d466e149c4fae3a3161f4a5269dde8b65df920faf368c282c42f5b7eb598
1,41.19183507,79,Female,1,1995,beb8d466e149c4fae3a3161f4a5269dde8b65df920faf368c282c42f5b7eb598
1,56.76703372,73,Female,2,1996,beb8d466e149c4fae3a3161f4a5269dde8b65df920faf368c282c42f5b7eb598
1,62.40471872,75,Female,3,1997,beb8d466e149c4fae3a3161f4a5269dde8b65df920faf368c282c42f5b7eb598
1,65.20056429,54,Female,4,1998,beb8d466e149c4fae3a3161f4a5269dde8b65df920faf368c282c42f5b7eb598
1,68.47820779,45,Female,5,1999,beb8d466e149c4fae3a3161f4a5269dde8b65df920faf368c282c42f5b7eb598
1,72.62764559,37,Female,6,2000,beb8d466e149c4fae3a3161f4a5269dde8b65df920faf368c282c42f5b7eb598
1,71.70460545,32,Female,7,2001,beb8d466e149c4fae3a3161f4a5269dde8b65df920faf368c282c42f5b7eb598
1,70.3438676,21,Female,8,2002,beb8d466e149c4fae3a3161f4a5269dde8b65df920faf368c282c42f5b7eb598
1,71.39244893,20,Female,9,2003,beb8d466e149c4fae3a3161f4a5269dde8b65df920faf368c282c42f5b7eb598
1,74.64720822,18,Female,10,2004,beb8d466e149c4fae3a3161f4a5269dde8b65df920faf368c282c42f5b7eb598
0,75.38808315,19,Female,11,2005,beb8d466e149c4fae3a3161f4a5269dde8b65df920faf368c282c42f5b7eb598
1,100.0397842,34,Male,5,1979,c94474fc57e0bb567700fad8d8f842b24e2558e441c3ee781f88694417c4a022
1,NA,33,Male,6,1980,c94474fc57e0bb567700fad8d8f842b24e2558e441c3ee781f88694417c4a022
1,NA,31,Male,7,1981,c94474fc57e0bb567700fad8d8f842b24e2558e441c3ee781f88694417c4a022
NA,NA,36,Male,8,1982,c94474fc57e0bb567700fad8d8f842b24e2558e441c3ee781f88694417c4a022
1,65.58778087,34,Female,4,1979,392156fa4c73a95551da02bf95b44b436d3f47f65bea1dfda0803cb153ad02e1
NA,68.55908171,33,Female,5,1980,392156fa4c73a95551da02bf95b44b436d3f47f65bea1dfda0803cb153ad02e1
1,55.88271828,34,Male,1,1979,7b111ea7a1f1a527294db950781da29687a0c33fb89bbbd82334550b08d72381
1,77.88185205,33,Male,2,1980,7b111ea7a1f1a527294db950781da29687a0c33fb89bbbd82334550b08d72381
1,NA,31,Male,3,1981,7b111ea7a1f1a527294db950781da29687a0c33fb89bbbd82334550b08d72381
1,NA,36,Male,4,1982,7b111ea7a1f1a527294db950781da29687a0c33fb89bbbd82334550b08d72381
0,NA,38,Male,5,1983,7b111ea7a1f1a527294db950781da29687a0c33fb89bbbd82334550b08d72381
1,28.41525223,34,Male,0,1979,26e6b481e99e6f24e73c95a1ec15ea7d51f2890ffdab934555ffa421defb2007
1,49.14422518,33,Male,1,1980,26e6b481e99e6f24e73c95a1ec15ea7d51f2890ffdab934555ffa421defb2007
0,81.10693396,31,Male,2,1981,26e6b481e99e6f24e73c95a1ec15ea7d51f2890ffdab934555ffa421defb2007
1,25.83091471,33,Female,0,1980,8ee311d5546992148a490fc00fac110b0797721c6eee355e051aec3609fd6e54
1,45.16966576,31,Female,1,1981,8ee311d5546992148a490fc00fac110b0797721c6eee355e051aec3609fd6e54
1,59.99889382,36,Female,2,1982,8ee311d5546992148a490fc00fac110b0797721c6eee355e051aec3609fd6e54
1,63.91916454,38,Female,3,1983,8ee311d5546992148a490fc00fac110b0797721c6eee355e051aec3609fd6e54
1,71.60915104,47,Female,4,1984,8ee311d5546992148a490fc00fac110b0797721c6eee355e051aec3609fd6e54
1,69.34809196,51,Female,5,1985,8ee311d5546992148a490fc00fac110b0797721c6eee355e051aec3609fd6e54
1,73.49291841,58,Female,6,1986,8ee311d5546992148a490fc00fac110b0797721c6eee355e051aec3609fd6e54
1,72.53951175,61,Female,7,1987,8ee311d5546992148a490fc00fac110b0797721c6eee355e051aec3609fd6e54
1,69.16109332,65,Female,8,1988,8ee311d5546992148a490fc00fac110b0797721c6eee355e051aec3609fd6e54
1,67.95308495,72,Female,9,1989,8ee311d5546992148a490fc00fac110b0797721c6eee355e051aec3609fd6e54
1,69.50552794,83,Female,10,1990,8ee311d5546992148a490fc00fac110b0797721c6eee355e051aec3609fd6e54
1,70.77854481,97,Female,11,1991,8ee311d5546992148a490fc00fac110b0797721c6eee355e051aec3609fd6e54
0,72.39671463,103,Female,12,1992,8ee311d5546992148a490fc00fac110b0797721c6eee355e051aec3609fd6e54
1,28.58741259,31,Female,0,1981,37e40535ccf7cfd831decd2f15b8c090a7ee4515c3625b5f2b48d4673516d1d3
1,49.11301181,36,Female,1,1982,37e40535ccf7cfd831decd2f15b8c090a7ee4515c3625b5f2b48d4673516d1d3
NA,59.53294153,38,Female,2,1983,37e40535ccf7cfd831decd2f15b8c090a7ee4515c3625b5f2b48d4673516d1d3
1,71.73809074,47,Female,3,1984,37e40535ccf7cfd831decd2f15b8c090a7ee4515c3625b5f2b48d4673516d1d3
1,75.92904061,51,Female,4,1985,37e40535ccf7cfd831decd2f15b8c090a7ee4515c3625b5f2b48d4673516d1d3
1,72.80573008,58,Female,5,1986,37e40535ccf7cfd831decd2f15b8c090a7ee4515c3625b5f2b48d4673516d1d3
1,76.19202607,61,Female,6,1987,37e40535ccf7cfd831decd2f15b8c090a7ee4515c3625b5f2b48d4673516d1d3
1,73.40000858,65,Female,7,1988,37e40535ccf7cfd831decd2f15b8c090a7ee4515c3625b5f2b48d4673516d1d3
1,76.03795381,72,Female,8,1989,37e40535ccf7cfd831decd2f15b8c090a7ee4515c3625b5f2b48d4673516d1d3
1,72.69399456,83,Female,9,1990,37e40535ccf7cfd831decd2f15b8c090a7ee4515c3625b5f2b48d4673516d1d3
1,75.14295513,97,Female,10,1991,37e40535ccf7cfd831decd2f15b8c090a7ee4515c3625b5f2b48d4673516d1d3
1,75.11373307,103,Female,11,1992,37e40535ccf7cfd831decd2f15b8c090a7ee4515c3625b5f2b48d4673516d1d3
1,72.86152825,97,Female,12,1993,37e40535ccf7cfd831decd2f15b8c090a7ee4515c3625b5f2b48d4673516d1d3
1,76.09283686,90,Female,13,1994,37e40535ccf7cfd831decd2f15b8c090a7ee4515c3625b5f2b48d4673516d1d3
1,73.97368884,79,Female,14,1995,37e40535ccf7cfd831decd2f15b8c090a7ee4515c3625b5f2b48d4673516d1d3
1,76.40889406,73,Female,15,1996,37e40535ccf7cfd831decd2f15b8c090a7ee4515c3625b5f2b48d4673516d1d3
0,72.87801524,75,Female,16,1997,37e40535ccf7cfd831decd2f15b8c090a7ee4515c3625b5f2b48d4673516d1d3
1,30.08140716,36,Female,0,1982,ed682864f8aaa06bf02e578fb3c1e435b42ad01c26b3138ce3e027143540f2ff
1,49.1188541,38,Female,1,1983,ed682864f8aaa06bf02e578fb3c1e435b42ad01c26b3138ce3e027143540f2ff
1,66.54253548,47,Female,2,1984,ed682864f8aaa06bf02e578fb3c1e435b42ad01c26b3138ce3e027143540f2ff
1,66.69508189,51,Female,3,1985,ed682864f8aaa06bf02e578fb3c1e435b42ad01c26b3138ce3e027143540f2ff
1,73.74916823,58,Female,4,1986,ed682864f8aaa06bf02e578fb3c1e435b42ad01c26b3138ce3e027143540f2ff
1,73.04660261,61,Female,5,1987,ed682864f8aaa06bf02e578fb3c1e435b42ad01c26b3138ce3e027143540f2ff
1,74.38799253,65,Female,6,1988,ed682864f8aaa06bf02e578fb3c1e435b42ad01c26b3138ce3e027143540f2ff
1,73.38250989,72,Female,7,1989,ed682864f8aaa06bf02e578fb3c1e435b42ad01c26b3138ce3e027143540f2ff
1,72.17701029,83,Female,8,1990,ed682864f8aaa06bf02e578fb3c1e435b42ad01c26b3138ce3e027143540f2ff
1,76.35685102,97,Female,9,1991,ed682864f8aaa06bf02e578fb3c1e435b42ad01c26b3138ce3e027143540f2ff
1,77.8160383,103,Female,10,1992,ed682864f8aaa06bf02e578fb3c1e435b42ad01c26b3138ce3e027143540f2ff
1,74.6541403,97,Female,11,1993,ed682864f8aaa06bf02e578fb3c1e435b42ad01c26b3138ce3e027143540f2ff
1,76.48774261,90,Female,12,1994,ed682864f8aaa06bf02e578fb3c1e435b42ad01c26b3138ce3e027143540f2ff
1,67.61038501,79,Female,13,1995,ed682864f8aaa06bf02e578fb3c1e435b42ad01c26b3138ce3e027143540f2ff
0,76.55673513,73,Female,14,1996,ed682864f8aaa06bf02e578fb3c1e435b42ad01c26b3138ce3e027143540f2ff
1,32.28613148,38,Male,0,1983,a81655cd380b062331b89df8312e21d37bbb3743521841b435792aa3582322c7
0,NA,47,Male,1,1984,a81655cd380b062331b89df8312e21d37bbb3743521841b435792aa3582322c7
1,NA,38,Male,0,1983,f5a10c9c9e1815ba37cad8a920af4bd0cf357908101983759c8f3f4fc5eb1d2e
1,NA,47,Male,1,1984,f5a10c9c9e1815ba37cad8a920af4bd0cf357908101983759c8f3f4fc5eb1d2e
1,NA,51,Male,2,1985,f5a10c9c9e1815ba37cad8a920af4bd0cf357908101983759c8f3f4fc5eb1d2e
1,89.12506889,58,Male,3,1986,f5a10c9c9e1815ba37cad8a920af4bd0cf357908101983759c8f3f4fc5eb1d2e
1,NA,61,Male,4,1987,f5a10c9c9e1815ba37cad8a920af4bd0cf357908101983759c8f3f4fc5eb1d2e
1,NA,65,Male,5,1988,f5a10c9c9e1815ba37cad8a920af4bd0cf357908101983759c8f3f4fc5eb1d2e
NA,121.3725133,72,Male,6,1989,f5a10c9c9e1815ba37cad8a920af4bd0cf357908101983759c8f3f4fc5eb1d2e
0,26.72888846,51,Male,0,1985,c755655975dfb229000539c46665f9f4be6aed5ef9067015f39dc19f2b8f1a17
0,28.26315789,58,Male,0,1986,2f948fa3471ad1df74303ce2e6550b1697071a79771dec21f3cf0b0665f7197e
1,NA,61,Male,0,1987,be2e9208d1a1f133b49f3fc2fadb99d3f8063f9cd1c65ff403f228569f0a562e
1,59.05547802,65,Male,1,1988,be2e9208d1a1f133b49f3fc2fadb99d3f8063f9cd1c65ff403f228569f0a562e
1,75.71783139,72,Male,2,1989,be2e9208d1a1f133b49f3fc2fadb99d3f8063f9cd1c65ff403f228569f0a562e
0,87.85793684,83,Male,3,1990,be2e9208d1a1f133b49f3fc2fadb99d3f8063f9cd1c65ff403f228569f0a562e
1,NA,61,Male,0,1987,1937ee5b63c999999ea99ad0768209a1a63f0cabf8fc80256147f7bd5dbc9fd0
1,57.87336357,65,Male,1,1988,1937ee5b63c999999ea99ad0768209a1a63f0cabf8fc80256147f7bd5dbc9fd0
1,76.2910289,72,Male,2,1989,1937ee5b63c999999ea99ad0768209a1a63f0cabf8fc80256147f7bd5dbc9fd0
1,NA,83,Male,3,1990,1937ee5b63c999999ea99ad0768209a1a63f0cabf8fc80256147f7bd5dbc9fd0
1,NA,97,Male,4,1991,1937ee5b63c999999ea99ad0768209a1a63f0cabf8fc80256147f7bd5dbc9fd0
1,NA,97,Male,6,1993,1937ee5b63c999999ea99ad0768209a1a63f0cabf8fc80256147f7bd5dbc9fd0
NA,NA,90,Male,7,1994,1937ee5b63c999999ea99ad0768209a1a63f0cabf8fc80256147f7bd5dbc9fd0
1,28.36065574,72,Female,0,1989,7eda9e4a12fc0a72202db72569a45544aea6ef441b107bbd98cdb971e3a3d7f3
1,43.67597432,83,Female,1,1990,7eda9e4a12fc0a72202db72569a45544aea6ef441b107bbd98cdb971e3a3d7f3
1,59.43138404,97,Female,2,1991,7eda9e4a12fc0a72202db72569a45544aea6ef441b107bbd98cdb971e3a3d7f3
1,64.49834511,103,Female,3,1992,7eda9e4a12fc0a72202db72569a45544aea6ef441b107bbd98cdb971e3a3d7f3
1,63.93501594,97,Female,4,1993,7eda9e4a12fc0a72202db72569a45544aea6ef441b107bbd98cdb971e3a3d7f3
1,73.50291539,90,Female,5,1994,7eda9e4a12fc0a72202db72569a45544aea6ef441b107bbd98cdb971e3a3d7f3
1,69.41535153,79,Female,6,1995,7eda9e4a12fc0a72202db72569a45544aea6ef441b107bbd98cdb971e3a3d7f3
0,67.81780491,73,Female,7,1996,7eda9e4a12fc0a72202db72569a45544aea6ef441b107bbd98cdb971e3a3d7f3
1,28.30434783,83,Male,0,1990,c6868103b9cb71025bd5a60413692644c0846d78d916d3499ee7458d72a7b9a1
1,52.09115963,97,Male,1,1991,c6868103b9cb71025bd5a60413692644c0846d78d916d3499ee7458d72a7b9a1
1,64.89897042,103,Male,2,1992,c6868103b9cb71025bd5a60413692644c0846d78d916d3499ee7458d72a7b9a1
1,73.86434118,97,Male,3,1993,c6868103b9cb71025bd5a60413692644c0846d78d916d3499ee7458d72a7b9a1
1,87.86119385,90,Male,4,1994,c6868103b9cb71025bd5a60413692644c0846d78d916d3499ee7458d72a7b9a1
1,93.12197904,79,Male,5,1995,c6868103b9cb71025bd5a60413692644c0846d78d916d3499ee7458d72a7b9a1
0,102.6694614,73,Male,6,1996,c6868103b9cb71025bd5a60413692644c0846d78d916d3499ee7458d72a7b9a1
0,24.35339056,97,Male,0,1991,55537660996b0a35e786c0b3d7a95fe5be49f28fe98b316b45299fe9a3b635bf
1,NA,103,Male,1,1992,507eecf28eba0d457afaa6131ad7a099e7a3e7f077b89ff9e0da097d8355d128
1,NA,97,Male,2,1993,507eecf28eba0d457afaa6131ad7a099e7a3e7f077b89ff9e0da097d8355d128
1,NA,90,Male,3,1994,507eecf28eba0d457afaa6131ad7a099e7a3e7f077b89ff9e0da097d8355d128
1,NA,73,Male,5,1996,507eecf28eba0d457afaa6131ad7a099e7a3e7f077b89ff9e0da097d8355d128
0,NA,75,Male,6,1997,507eecf28eba0d457afaa6131ad7a099e7a3e7f077b89ff9e0da097d8355d128
0,NA,97,Female,0,1993,c6e1eb39fe4503e856f92f0e6810b7060d4a5586970d96a5af34540fe391c2bb
1,NA,34,Male,3,1979,ab5641b3fe8174287032d31d3de0a4b0f2d69899817cc5b31269361048fe1962
NA,NA,33,Male,4,1980,ab5641b3fe8174287032d31d3de0a4b0f2d69899817cc5b31269361048fe1962
1,60.15314034,34,Male,1,1979,78d90e7b24966afc2d2f5e2322d607a33c84672a201ee436034da22ffd6f6499
1,NA,33,Male,2,1980,78d90e7b24966afc2d2f5e2322d607a33c84672a201ee436034da22ffd6f6499
0,92.44543429,31,Male,3,1981,78d90e7b24966afc2d2f5e2322d607a33c84672a201ee436034da22ffd6f6499
1,30.86376312,34,Male,0,1979,729ecef5280bbd283ca0ddf7cc9944eda2dcc651ff017f90c91c8cb58c0da114
1,59.34032444,33,Male,1,1980,729ecef5280bbd283ca0ddf7cc9944eda2dcc651ff017f90c91c8cb58c0da114
1,82.21618767,31,Male,2,1981,729ecef5280bbd283ca0ddf7cc9944eda2dcc651ff017f90c91c8cb58c0da114
1,99.14825724,36,Male,3,1982,729ecef5280bbd283ca0ddf7cc9944eda2dcc651ff017f90c91c8cb58c0da114
NA,NA,38,Male,4,1983,729ecef5280bbd283ca0ddf7cc9944eda2dcc651ff017f90c91c8cb58c0da114
1,22.13202486,33,Female,0,1980,c2a3e8a949f7b4099012e9b38fd7a112b8fe07237b9c868abefa6653b30df239
1,45.27111523,31,Female,1,1981,c2a3e8a949f7b4099012e9b38fd7a112b8fe07237b9c868abefa6653b30df239
1,57.81131571,36,Female,2,1982,c2a3e8a949f7b4099012e9b38fd7a112b8fe07237b9c868abefa6653b30df239
1,63.51147643,38,Female,3,1983,c2a3e8a949f7b4099012e9b38fd7a112b8fe07237b9c868abefa6653b30df239
1,68.79038826,47,Female,4,1984,c2a3e8a949f7b4099012e9b38fd7a112b8fe07237b9c868abefa6653b30df239
1,69.85313624,51,Female,5,1985,c2a3e8a949f7b4099012e9b38fd7a112b8fe07237b9c868abefa6653b30df239
1,67.28831994,58,Female,6,1986,c2a3e8a949f7b4099012e9b38fd7a112b8fe07237b9c868abefa6653b30df239
0,69.97934758,61,Female,7,1987,c2a3e8a949f7b4099012e9b38fd7a112b8fe07237b9c868abefa6653b30df239
1,28.41393947,31,Male,0,1981,87bed9914aa400d9d2f223719e6e3efea39463cecf7d7adf184d2aad63612cfd
1,48.93710295,36,Male,1,1982,87bed9914aa400d9d2f223719e6e3efea39463cecf7d7adf184d2aad63612cfd
1,70.26034309,38,Male,2,1983,87bed9914aa400d9d2f223719e6e3efea39463cecf7d7adf184d2aad63612cfd
1,NA,47,Male,3,1984,87bed9914aa400d9d2f223719e6e3efea39463cecf7d7adf184d2aad63612cfd
1,97.39761844,51,Male,4,1985,87bed9914aa400d9d2f223719e6e3efea39463cecf7d7adf184d2aad63612cfd
1,NA,58,Male,5,1986,87bed9914aa400d9d2f223719e6e3efea39463cecf7d7adf184d2aad63612cfd
1,NA,61,Male,6,1987,87bed9914aa400d9d2f223719e6e3efea39463cecf7d7adf184d2aad63612cfd
1,NA,65,Male,7,1988,87bed9914aa400d9d2f223719e6e3efea39463cecf7d7adf184d2aad63612cfd
1,NA,72,Male,8,1989,87bed9914aa400d9d2f223719e6e3efea39463cecf7d7adf184d2aad63612cfd
NA,NA,83,Male,9,1990,87bed9914aa400d9d2f223719e6e3efea39463cecf7d7adf184d2aad63612cfd
1,25.58940289,36,Male,0,1982,0b0bf8503c1a9c66772a10ce8f1e19c5d03253daf205859c06ac227142a8004b
0,NA,38,Male,1,1983,0b0bf8503c1a9c66772a10ce8f1e19c5d03253daf205859c06ac227142a8004b
NA,27.35869904,38,Female,0,1983,fd3f78e87f6d730dbf94066f965ba9dfbed796975df02a23a88137b99b11c470
0,NA,47,Male,0,1984,84f18d5e6cc641aa9a0d135fe5608405b3ab0c6e838a962ee42aadb6dbe4788f
1,29.95286355,51,Female,0,1985,cff8d79c0ed4b59e63244285cede84846242c3d75c34b926d33a56726ee5e20f
1,41.33786586,58,Female,1,1986,cff8d79c0ed4b59e63244285cede84846242c3d75c34b926d33a56726ee5e20f
1,59.27050668,61,Female,2,1987,cff8d79c0ed4b59e63244285cede84846242c3d75c34b926d33a56726ee5e20f
1,54.50019156,65,Female,3,1988,cff8d79c0ed4b59e63244285cede84846242c3d75c34b926d33a56726ee5e20f
1,56.47894244,72,Female,4,1989,cff8d79c0ed4b59e63244285cede84846242c3d75c34b926d33a56726ee5e20f
1,57.22619828,83,Female,5,1990,cff8d79c0ed4b59e63244285cede84846242c3d75c34b926d33a56726ee5e20f
1,58.9177935,97,Female,6,1991,cff8d79c0ed4b59e63244285cede84846242c3d75c34b926d33a56726ee5e20f
1,63.96129337,103,Female,7,1992,cff8d79c0ed4b59e63244285cede84846242c3d75c34b926d33a56726ee5e20f
0,61.35516541,97,Female,8,1993,cff8d79c0ed4b59e63244285cede84846242c3d75c34b926d33a56726ee5e20f
1,NA,58,Male,0,1986,37545a3666f36413a6ef3fbd8bde66195fccb7083cd95a5628b6c76c3de8a8a4
1,62.39431659,61,Male,1,1987,37545a3666f36413a6ef3fbd8bde66195fccb7083cd95a5628b6c76c3de8a8a4
1,NA,65,Male,2,1988,37545a3666f36413a6ef3fbd8bde66195fccb7083cd95a5628b6c76c3de8a8a4
1,85.24986305,72,Male,3,1989,37545a3666f36413a6ef3fbd8bde66195fccb7083cd95a5628b6c76c3de8a8a4
0,98.91209629,97,Male,5,1991,37545a3666f36413a6ef3fbd8bde66195fccb7083cd95a5628b6c76c3de8a8a4
1,NA,61,Male,1,1987,8e80c8b4ffa841f8b0efb31fcf69747e669ea799917a721aaa4b195ec05685fa
1,NA,65,Male,2,1988,8e80c8b4ffa841f8b0efb31fcf69747e669ea799917a721aaa4b195ec05685fa
0,NA,83,Male,4,1990,8e80c8b4ffa841f8b0efb31fcf69747e669ea799917a721aaa4b195ec05685fa
0,19.12522029,65,Male,0,1988,d9d30e4b9bb68d1eef6291827d0ea1e0356f8516aab43e1c24ae98bafeb05e3e
1,49.72430791,72,Female,1,1989,4e8c93dfecc47f5e4e2c38abebac2bd7941dab1efb70594e1fb7a43e8855a325
1,62.28081335,83,Female,2,1990,4e8c93dfecc47f5e4e2c38abebac2bd7941dab1efb70594e1fb7a43e8855a325
1,69.55240106,97,Female,3,1991,4e8c93dfecc47f5e4e2c38abebac2bd7941dab1efb70594e1fb7a43e8855a325
1,77.17130265,103,Female,4,1992,4e8c93dfecc47f5e4e2c38abebac2bd7941dab1efb70594e1fb7a43e8855a325
1,72.12771687,97,Female,5,1993,4e8c93dfecc47f5e4e2c38abebac2bd7941dab1efb70594e1fb7a43e8855a325
0,NA,90,Female,6,1994,4e8c93dfecc47f5e4e2c38abebac2bd7941dab1efb70594e1fb7a43e8855a325
1,NA,83,Female,0,1990,54a83af4a7145909b74be2a869f6d277327e65c20761eafa91b720493ea57f33
0,43.05511847,97,Female,1,1991,54a83af4a7145909b74be2a869f6d277327e65c20761eafa91b720493ea57f33
1,NA,97,Female,0,1991,10e3af7e5579af49e3960ca508985d40082cbf2a8cf5de9780776f8bfdf0fd52
0,NA,103,Female,1,1992,10e3af7e5579af49e3960ca508985d40082cbf2a8cf5de9780776f8bfdf0fd52
0,21.66584542,103,Female,0,1992,342a4efc8daf3467743832ab295c6768f9359a7c62450853014df9f0cbf6283a
0,20.30677138,97,Female,0,1993,c4d93ad5cf4a329d086ae7f2ae47f60b75a2767394366b6bf779a8847137aacc
1,NA,34,Male,6,1979,9d7d5a4a71ac6bc0fb59131e7284a8d9f6b0ea66d582fdde382a2bf0de586c66
1,NA,33,Male,7,1980,9d7d5a4a71ac6bc0fb59131e7284a8d9f6b0ea66d582fdde382a2bf0de586c66
1,124.6630219,31,Male,8,1981,9d7d5a4a71ac6bc0fb59131e7284a8d9f6b0ea66d582fdde382a2bf0de586c66
1,125.1643705,36,Male,9,1982,9d7d5a4a71ac6bc0fb59131e7284a8d9f6b0ea66d582fdde382a2bf0de586c66
1,NA,38,Male,10,1983,9d7d5a4a71ac6bc0fb59131e7284a8d9f6b0ea66d582fdde382a2bf0de586c66
1,NA,47,Male,11,1984,9d7d5a4a71ac6bc0fb59131e7284a8d9f6b0ea66d582fdde382a2bf0de586c66
0,NA,51,Male,12,1985,9d7d5a4a71ac6bc0fb59131e7284a8d9f6b0ea66d582fdde382a2bf0de586c66
NA,59.74205563,34,Female,3,1979,fab1b052acfa6b7d6be740434b9828bbc820331add6d2f8e9ac206d8e8218796
1,59.27307181,34,Male,1,1979,4294cf447e7052a565a248c76b183a9feb863cff8a1b2beee128a44b70f1f5cf
1,NA,33,Male,2,1980,4294cf447e7052a565a248c76b183a9feb863cff8a1b2beee128a44b70f1f5cf
0,NA,31,Male,3,1981,4294cf447e7052a565a248c76b183a9feb863cff8a1b2beee128a44b70f1f5cf
1,38.10383378,34,Male,0,1979,0421ebdb17009325f310cbc98845bc470690a8f6a094925cef7f9174208ca868
1,66.02831125,33,Male,1,1980,0421ebdb17009325f310cbc98845bc470690a8f6a094925cef7f9174208ca868
1,87.50062144,31,Male,2,1981,0421ebdb17009325f310cbc98845bc470690a8f6a094925cef7f9174208ca868
1,NA,36,Male,3,1982,0421ebdb17009325f310cbc98845bc470690a8f6a094925cef7f9174208ca868
1,NA,38,Male,4,1983,0421ebdb17009325f310cbc98845bc470690a8f6a094925cef7f9174208ca868
0,NA,47,Male,5,1984,0421ebdb17009325f310cbc98845bc470690a8f6a094925cef7f9174208ca868
0,27.12847971,33,Male,0,1980,372d50124efa5b3fac5fbce2e45e59f652a0ab285cb1d698a72059108de3a3ae
1,30.21393947,31,Male,0,1981,b88f9f72f6cae53af6f2880492c415baf13b5ec53a917226654b9f4ef3e7d322
0,54.30575066,36,Male,1,1982,b88f9f72f6cae53af6f2880492c415baf13b5ec53a917226654b9f4ef3e7d322
1,53.64501711,36,Female,1,1982,13beb6f9b27aec08f40011c8f0f2c136ada5bb6a6183b470118f5e02ae575677
1,59.43208116,38,Female,2,1983,13beb6f9b27aec08f40011c8f0f2c136ada5bb6a6183b470118f5e02ae575677
1,65.5474481,47,Female,3,1984,13beb6f9b27aec08f40011c8f0f2c136ada5bb6a6183b470118f5e02ae575677
1,60.67108161,51,Female,4,1985,13beb6f9b27aec08f40011c8f0f2c136ada5bb6a6183b470118f5e02ae575677
1,68.89630878,58,Female,5,1986,13beb6f9b27aec08f40011c8f0f2c136ada5bb6a6183b470118f5e02ae575677
1,63.30693904,61,Female,6,1987,13beb6f9b27aec08f40011c8f0f2c136ada5bb6a6183b470118f5e02ae575677
1,67.00248509,65,Female,7,1988,13beb6f9b27aec08f40011c8f0f2c136ada5bb6a6183b470118f5e02ae575677
1,67.05231122,72,Female,8,1989,13beb6f9b27aec08f40011c8f0f2c136ada5bb6a6183b470118f5e02ae575677
1,65.39347439,83,Female,9,1990,13beb6f9b27aec08f40011c8f0f2c136ada5bb6a6183b470118f5e02ae575677
1,67.32823411,97,Female,10,1991,13beb6f9b27aec08f40011c8f0f2c136ada5bb6a6183b470118f5e02ae575677
0,69.50410416,103,Female,11,1992,13beb6f9b27aec08f40011c8f0f2c136ada5bb6a6183b470118f5e02ae575677
1,32.52827681,38,Male,0,1983,c14cd33f662569fa6267a290aae3af614fede4ea7963b5723d5d56e30fbb8c7e
1,57.79654523,47,Male,1,1984,c14cd33f662569fa6267a290aae3af614fede4ea7963b5723d5d56e30fbb8c7e
0,NA,51,Male,2,1985,c14cd33f662569fa6267a290aae3af614fede4ea7963b5723d5d56e30fbb8c7e
1,37.514067,47,Male,0,1984,eca22223faf203f5e4ee942a146ec878647a0f4f7f5e2b03b067792e64540a30
1,60.78560018,51,Male,1,1985,eca22223faf203f5e4ee942a146ec878647a0f4f7f5e2b03b067792e64540a30
1,82.63160132,58,Male,2,1986,eca22223faf203f5e4ee942a146ec878647a0f4f7f5e2b03b067792e64540a30
1,NA,61,Male,3,1987,eca22223faf203f5e4ee942a146ec878647a0f4f7f5e2b03b067792e64540a30
1,NA,65,Male,4,1988,eca22223faf203f5e4ee942a146ec878647a0f4f7f5e2b03b067792e64540a30
0,119.010537,72,Male,5,1989,eca22223faf203f5e4ee942a146ec878647a0f4f7f5e2b03b067792e64540a30
1,19.70286355,51,Female,0,1985,7fecc2b3edf1d1fadd34b789ef2260e79b25550bc9e53af4e9c338c86a8ea98d
0,37.0480532,58,Female,1,1986,7fecc2b3edf1d1fadd34b789ef2260e79b25550bc9e53af4e9c338c86a8ea98d
1,NA,58,Female,0,1986,c3d2ba7e4917587bc2e8d1cd887833e57cf031c17357a67a5a562b81fbd7df8f
1,50.7749737,61,Female,1,1987,c3d2ba7e4917587bc2e8d1cd887833e57cf031c17357a67a5a562b81fbd7df8f
1,65.1814317,65,Female,2,1988,c3d2ba7e4917587bc2e8d1cd887833e57cf031c17357a67a5a562b81fbd7df8f
1,65.29189481,72,Female,3,1989,c3d2ba7e4917587bc2e8d1cd887833e57cf031c17357a67a5a562b81fbd7df8f
1,72.92170703,83,Female,4,1990,c3d2ba7e4917587bc2e8d1cd887833e57cf031c17357a67a5a562b81fbd7df8f
1,73.33416008,97,Female,5,1991,c3d2ba7e4917587bc2e8d1cd887833e57cf031c17357a67a5a562b81fbd7df8f
0,77.5631553,103,Female,6,1992,c3d2ba7e4917587bc2e8d1cd887833e57cf031c17357a67a5a562b81fbd7df8f
1,31.65018739,61,Male,1,1987,22b2657668bb8a3aded972b0630f74a9042865a287336b8f7d0b1194ee7e1eeb
1,56.44972868,65,Male,2,1988,22b2657668bb8a3aded972b0630f74a9042865a287336b8f7d0b1194ee7e1eeb
1,67.73921449,72,Male,3,1989,22b2657668bb8a3aded972b0630f74a9042865a287336b8f7d0b1194ee7e1eeb
1,NA,83,Male,4,1990,22b2657668bb8a3aded972b0630f74a9042865a287336b8f7d0b1194ee7e1eeb
0,NA,97,Male,5,1991,22b2657668bb8a3aded972b0630f74a9042865a287336b8f7d0b1194ee7e1eeb
1,NA,61,Male,0,1987,b0b60d3bcaca2e0a22d0fe77752373165c9ffd06f11fcb64264d304283b85233
1,51.72517645,65,Male,1,1988,b0b60d3bcaca2e0a22d0fe77752373165c9ffd06f11fcb64264d304283b85233
1,66.38666883,72,Male,2,1989,b0b60d3bcaca2e0a22d0fe77752373165c9ffd06f11fcb64264d304283b85233
1,80.94882255,83,Male,3,1990,b0b60d3bcaca2e0a22d0fe77752373165c9ffd06f11fcb64264d304283b85233
1,92.1614052,97,Male,4,1991,b0b60d3bcaca2e0a22d0fe77752373165c9ffd06f11fcb64264d304283b85233
1,103.0888999,103,Male,5,1992,b0b60d3bcaca2e0a22d0fe77752373165c9ffd06f11fcb64264d304283b85233
0,NA,97,Male,6,1993,b0b60d3bcaca2e0a22d0fe77752373165c9ffd06f11fcb64264d304283b85233
0,NA,72,Male,0,1989,704fa6fe3dc66ff3216444a1f401521c7940852bd8de044312e7f7c2dc592497
0,19.875,83,Male,0,1990,00eede15b1b8a6f08bc9c62285b1b4fb895873b873fdd605a21bedc429432a75
1,25.52200749,97,Male,0,1991,92c47b44f8fbd4535615dfe72bec0df39025bd8f6c9249f761aff9b25781714c
1,49.20982496,103,Male,1,1992,92c47b44f8fbd4535615dfe72bec0df39025bd8f6c9249f761aff9b25781714c
1,58.13256109,97,Male,2,1993,92c47b44f8fbd4535615dfe72bec0df39025bd8f6c9249f761aff9b25781714c
1,75.14924273,90,Male,3,1994,92c47b44f8fbd4535615dfe72bec0df39025bd8f6c9249f761aff9b25781714c
1,86.74769806,79,Male,4,1995,92c47b44f8fbd4535615dfe72bec0df39025bd8f6c9249f761aff9b25781714c
1,96.84516934,73,Male,5,1996,92c47b44f8fbd4535615dfe72bec0df39025bd8f6c9249f761aff9b25781714c
0,99.42801884,75,Male,6,1997,92c47b44f8fbd4535615dfe72bec0df39025bd8f6c9249f761aff9b25781714c
1,19.6348104,103,Female,0,1992,0b9cdb3dd8c97cef9f52f25d7c59055ae559dabb57a7f285e0b0c597ef768dea
0,36.27510699,97,Female,1,1993,0b9cdb3dd8c97cef9f52f25d7c59055ae559dabb57a7f285e0b0c597ef768dea
0,22.63835524,97,Female,0,1993,50576d59bf088dc5b84df1784bf184edbc5544efdfddd34b3cc7db2785767535
1,NA,34,Male,11,1979,f6a6a85bf6a338f155baad8488fbc4f6cc799771cd17bdc87dad2dcb78c94a00
1,NA,33,Male,12,1980,f6a6a85bf6a338f155baad8488fbc4f6cc799771cd17bdc87dad2dcb78c94a00
NA,NA,31,Male,13,1981,f6a6a85bf6a338f155baad8488fbc4f6cc799771cd17bdc87dad2dcb78c94a00
1,78.11423005,34,Female,4,1979,3bd865f4a7a5704eeddf4ac8de2ee6f69a4b5aae31b8be16cfdf300302004102
NA,78.00910383,33,Female,5,1980,3bd865f4a7a5704eeddf4ac8de2ee6f69a4b5aae31b8be16cfdf300302004102
1,54.49901092,34,Female,3,1979,69472375aed80ec12768e214a9586f3fd63cb7f8e2ee9b9526319ff6d806abab
1,53.56265859,33,Female,4,1980,69472375aed80ec12768e214a9586f3fd63cb7f8e2ee9b9526319ff6d806abab
1,55.33422297,31,Female,5,1981,69472375aed80ec12768e214a9586f3fd63cb7f8e2ee9b9526319ff6d806abab
0,65.06709115,36,Female,6,1982,69472375aed80ec12768e214a9586f3fd63cb7f8e2ee9b9526319ff6d806abab
1,49.00502432,34,Male,1,1979,daab507fb5483b36134b70f9ad83445134ca6fca716d5bf0499c57158c6544bb
1,71.25936814,33,Male,2,1980,daab507fb5483b36134b70f9ad83445134ca6fca716d5bf0499c57158c6544bb
1,69.06327458,31,Male,3,1981,daab507fb5483b36134b70f9ad83445134ca6fca716d5bf0499c57158c6544bb
1,NA,36,Male,4,1982,daab507fb5483b36134b70f9ad83445134ca6fca716d5bf0499c57158c6544bb
1,NA,38,Male,5,1983,daab507fb5483b36134b70f9ad83445134ca6fca716d5bf0499c57158c6544bb
NA,112.1939554,47,Male,6,1984,daab507fb5483b36134b70f9ad83445134ca6fca716d5bf0499c57158c6544bb
0,NA,34,Male,0,1979,16441a8afc9d26c124c053acb99a20b973235055005ff79e3c9c27dc18734c21
1,27.90641323,33,Male,0,1980,2ffca2e0fcd7d2c915215a9774b1ac19992ce0aeaa6d525705257e1f4dbce1d1
1,61.92531913,31,Male,1,1981,2ffca2e0fcd7d2c915215a9774b1ac19992ce0aeaa6d525705257e1f4dbce1d1
1,77.96620759,36,Male,2,1982,2ffca2e0fcd7d2c915215a9774b1ac19992ce0aeaa6d525705257e1f4dbce1d1
1,94.50669186,38,Male,3,1983,2ffca2e0fcd7d2c915215a9774b1ac19992ce0aeaa6d525705257e1f4dbce1d1
NA,NA,47,Male,4,1984,2ffca2e0fcd7d2c915215a9774b1ac19992ce0aeaa6d525705257e1f4dbce1d1
1,31.37279726,31,Male,0,1981,87f5a7798e9e4dbace5abd01048098323ccd2fcba42d87e97c431f2a11a91734
1,56.20008151,36,Male,1,1982,87f5a7798e9e4dbace5abd01048098323ccd2fcba42d87e97c431f2a11a91734
1,76.97979857,38,Male,2,1983,87f5a7798e9e4dbace5abd01048098323ccd2fcba42d87e97c431f2a11a91734
1,NA,47,Male,3,1984,87f5a7798e9e4dbace5abd01048098323ccd2fcba42d87e97c431f2a11a91734
1,101.7491844,51,Male,4,1985,87f5a7798e9e4dbace5abd01048098323ccd2fcba42d87e97c431f2a11a91734
1,NA,58,Male,5,1986,87f5a7798e9e4dbace5abd01048098323ccd2fcba42d87e97c431f2a11a91734
1,NA,61,Male,6,1987,87f5a7798e9e4dbace5abd01048098323ccd2fcba42d87e97c431f2a11a91734
0,NA,65,Male,7,1988,87f5a7798e9e4dbace5abd01048098323ccd2fcba42d87e97c431f2a11a91734
1,NA,36,Female,0,1982,6f619853b95d55fb2ad911cd026587504948640393c57c7705b63b1c4eb393dd
1,51.36664565,38,Female,1,1983,6f619853b95d55fb2ad911cd026587504948640393c57c7705b63b1c4eb393dd
1,65.93028064,47,Female,2,1984,6f619853b95d55fb2ad911cd026587504948640393c57c7705b63b1c4eb393dd
1,70.04859073,51,Female,3,1985,6f619853b95d55fb2ad911cd026587504948640393c57c7705b63b1c4eb393dd
1,69.24701575,58,Female,4,1986,6f619853b95d55fb2ad911cd026587504948640393c57c7705b63b1c4eb393dd
1,72.91228157,61,Female,5,1987,6f619853b95d55fb2ad911cd026587504948640393c57c7705b63b1c4eb393dd
1,75.10596397,65,Female,6,1988,6f619853b95d55fb2ad911cd026587504948640393c57c7705b63b1c4eb393dd
1,71.91224915,72,Female,7,1989,6f619853b95d55fb2ad911cd026587504948640393c57c7705b63b1c4eb393dd
1,74.95528993,83,Female,8,1990,6f619853b95d55fb2ad911cd026587504948640393c57c7705b63b1c4eb393dd
1,76.54979828,97,Female,9,1991,6f619853b95d55fb2ad911cd026587504948640393c57c7705b63b1c4eb393dd
1,73.82316328,103,Female,10,1992,6f619853b95d55fb2ad911cd026587504948640393c57c7705b63b1c4eb393dd
1,71.37555675,97,Female,11,1993,6f619853b95d55fb2ad911cd026587504948640393c57c7705b63b1c4eb393dd
1,79.85052035,90,Female,12,1994,6f619853b95d55fb2ad911cd026587504948640393c57c7705b63b1c4eb393dd
1,76.84294134,79,Female,13,1995,6f619853b95d55fb2ad911cd026587504948640393c57c7705b63b1c4eb393dd
1,75.76360614,73,Female,14,1996,6f619853b95d55fb2ad911cd026587504948640393c57c7705b63b1c4eb393dd
0,NA,75,Female,15,1997,6f619853b95d55fb2ad911cd026587504948640393c57c7705b63b1c4eb393dd
0,32.6171598,38,Male,0,1983,91c597974566a280e5c68b9a66bd40644f798de34fd5c89585c4c65911682eac
1,34.51119845,47,Female,0,1984,2a9d62ba3c56e51b99a07e506b30cbde4c96f9f616d2931b23c9fd57e68313a1
1,53.19104161,51,Female,1,1985,2a9d62ba3c56e51b99a07e506b30cbde4c96f9f616d2931b23c9fd57e68313a1
1,NA,58,Female,2,1986,2a9d62ba3c56e51b99a07e506b30cbde4c96f9f616d2931b23c9fd57e68313a1
1,67.54971477,61,Female,3,1987,2a9d62ba3c56e51b99a07e506b30cbde4c96f9f616d2931b23c9fd57e68313a1
1,68.97991036,65,Female,4,1988,2a9d62ba3c56e51b99a07e506b30cbde4c96f9f616d2931b23c9fd57e68313a1
1,71.94740684,72,Female,5,1989,2a9d62ba3c56e51b99a07e506b30cbde4c96f9f616d2931b23c9fd57e68313a1
1,71.18666738,83,Female,6,1990,2a9d62ba3c56e51b99a07e506b30cbde4c96f9f616d2931b23c9fd57e68313a1
1,74.15963378,97,Female,7,1991,2a9d62ba3c56e51b99a07e506b30cbde4c96f9f616d2931b23c9fd57e68313a1
1,74.15270027,103,Female,8,1992,2a9d62ba3c56e51b99a07e506b30cbde4c96f9f616d2931b23c9fd57e68313a1
1,74.07319827,97,Female,9,1993,2a9d62ba3c56e51b99a07e506b30cbde4c96f9f616d2931b23c9fd57e68313a1
1,79.48066139,90,Female,10,1994,2a9d62ba3c56e51b99a07e506b30cbde4c96f9f616d2931b23c9fd57e68313a1
1,75.9318151,79,Female,11,1995,2a9d62ba3c56e51b99a07e506b30cbde4c96f9f616d2931b23c9fd57e68313a1
1,76.32509842,73,Female,12,1996,2a9d62ba3c56e51b99a07e506b30cbde4c96f9f616d2931b23c9fd57e68313a1
1,71.59745132,75,Female,13,1997,2a9d62ba3c56e51b99a07e506b30cbde4c96f9f616d2931b23c9fd57e68313a1
0,76.21096411,54,Female,14,1998,2a9d62ba3c56e51b99a07e506b30cbde4c96f9f616d2931b23c9fd57e68313a1
0,12.48510597,51,Male,0,1985,0393229900d6ebea16e7739cb2ebf111fe2fe5daaa89ee829769bc63014d7dfe
1,NA,58,Male,1,1986,eac34df07b684e72335d332cd3481d197b139ece4830aa253bd5e3213a89e6d5
1,NA,61,Male,2,1987,eac34df07b684e72335d332cd3481d197b139ece4830aa253bd5e3213a89e6d5
1,NA,83,Male,5,1990,eac34df07b684e72335d332cd3481d197b139ece4830aa253bd5e3213a89e6d5
1,NA,97,Male,6,1991,eac34df07b684e72335d332cd3481d197b139ece4830aa253bd5e3213a89e6d5
NA,NA,97,Male,8,1993,eac34df07b684e72335d332cd3481d197b139ece4830aa253bd5e3213a89e6d5
1,NA,61,Female,0,1987,ea82b781904e80fe60c571264429d476e13b60c6e12147e6174a2a65532d21e4
1,43.94069401,65,Female,1,1988,ea82b781904e80fe60c571264429d476e13b60c6e12147e6174a2a65532d21e4
0,58.44990291,72,Female,2,1989,ea82b781904e80fe60c571264429d476e13b60c6e12147e6174a2a65532d21e4
1,NA,61,Male,0,1987,9ef002fda4d48aac518b82f376b652667f31409e70b602e4efe04ff32fc05fc7
1,50.26638603,65,Male,1,1988,9ef002fda4d48aac518b82f376b652667f31409e70b602e4efe04ff32fc05fc7
0,58.33641177,72,Male,2,1989,9ef002fda4d48aac518b82f376b652667f31409e70b602e4efe04ff32fc05fc7
1,NA,72,Female,0,1989,b16ef0b887ad5b1da9db272add553afb9ed30b456be5f24cd19168479f5e79aa
1,42.96163851,83,Female,1,1990,b16ef0b887ad5b1da9db272add553afb9ed30b456be5f24cd19168479f5e79aa
1,59.96672928,97,Female,2,1991,b16ef0b887ad5b1da9db272add553afb9ed30b456be5f24cd19168479f5e79aa
1,68.17097094,103,Female,3,1992,b16ef0b887ad5b1da9db272add553afb9ed30b456be5f24cd19168479f5e79aa
1,65.72431503,97,Female,4,1993,b16ef0b887ad5b1da9db272add553afb9ed30b456be5f24cd19168479f5e79aa
1,73.97959071,90,Female,5,1994,b16ef0b887ad5b1da9db272add553afb9ed30b456be5f24cd19168479f5e79aa
0,74.50216912,79,Female,6,1995,b16ef0b887ad5b1da9db272add553afb9ed30b456be5f24cd19168479f5e79aa
1,NA,83,Male,0,1990,33c7e45b0ce5bfefba0e910e7ed650b1d69fee8642af9575f971b72cf7873b20
0,47.82021599,97,Male,1,1991,33c7e45b0ce5bfefba0e910e7ed650b1d69fee8642af9575f971b72cf7873b20
1,NA,97,Female,0,1991,56973b252ac2e406ecd036b3901d23af4aba16ef0c66d7461a787c3f4ca31075
1,NA,103,Female,1,1992,56973b252ac2e406ecd036b3901d23af4aba16ef0c66d7461a787c3f4ca31075
1,NA,97,Female,2,1993,56973b252ac2e406ecd036b3901d23af4aba16ef0c66d7461a787c3f4ca31075
1,62.6298674,90,Female,3,1994,56973b252ac2e406ecd036b3901d23af4aba16ef0c66d7461a787c3f4ca31075
1,69.61226943,79,Female,4,1995,56973b252ac2e406ecd036b3901d23af4aba16ef0c66d7461a787c3f4ca31075
1,72.58577495,73,Female,5,1996,56973b252ac2e406ecd036b3901d23af4aba16ef0c66d7461a787c3f4ca31075
1,72.14032678,75,Female,6,1997,56973b252ac2e406ecd036b3901d23af4aba16ef0c66d7461a787c3f4ca31075
1,70.29951861,54,Female,7,1998,56973b252ac2e406ecd036b3901d23af4aba16ef0c66d7461a787c3f4ca31075
0,71.321424,45,Female,8,1999,56973b252ac2e406ecd036b3901d23af4aba16ef0c66d7461a787c3f4ca31075
0,NA,103,Male,0,1992,379223c8a7e62b9e8af617ee6149d142605f1262eecb4c67d05a80bb3d78aa7d
0,22.88948275,97,Female,0,1993,dfe9cf982088537fd6fde277082345fa15158c740f29ce619e615826fe38d78b
NA,64.23926506,34,Female,3,1979,0166c7ec13e72cdd14ad7a02182f00119378abed713338f2e22e6202ff77b34f
1,55.14794596,34,Female,1,1979,586bf1d6650490112e048e0a8237c0828b921abd494fc06478aa173369bbc5a4
1,66.99095227,33,Female,2,1980,586bf1d6650490112e048e0a8237c0828b921abd494fc06478aa173369bbc5a4
1,70.17616506,31,Female,3,1981,586bf1d6650490112e048e0a8237c0828b921abd494fc06478aa173369bbc5a4
1,70.30265511,36,Female,4,1982,586bf1d6650490112e048e0a8237c0828b921abd494fc06478aa173369bbc5a4
1,72.00514078,38,Female,5,1983,586bf1d6650490112e048e0a8237c0828b921abd494fc06478aa173369bbc5a4
1,74.33685311,47,Female,6,1984,586bf1d6650490112e048e0a8237c0828b921abd494fc06478aa173369bbc5a4
1,74.73050254,51,Female,7,1985,586bf1d6650490112e048e0a8237c0828b921abd494fc06478aa173369bbc5a4
1,73.98856717,58,Female,8,1986,586bf1d6650490112e048e0a8237c0828b921abd494fc06478aa173369bbc5a4
1,74.70618751,61,Female,9,1987,586bf1d6650490112e048e0a8237c0828b921abd494fc06478aa173369bbc5a4
0,74.32375257,65,Female,10,1988,586bf1d6650490112e048e0a8237c0828b921abd494fc06478aa173369bbc5a4
1,58.16154392,34,Female,1,1979,25f30b70ac98449aeb55ef8734f12bb141a519a5704f436634915a8b7217cf5b
1,65.53124483,33,Female,2,1980,25f30b70ac98449aeb55ef8734f12bb141a519a5704f436634915a8b7217cf5b
1,61.22491625,31,Female,3,1981,25f30b70ac98449aeb55ef8734f12bb141a519a5704f436634915a8b7217cf5b
1,69.64093066,36,Female,4,1982,25f30b70ac98449aeb55ef8734f12bb141a519a5704f436634915a8b7217cf5b
1,72.52126531,38,Female,5,1983,25f30b70ac98449aeb55ef8734f12bb141a519a5704f436634915a8b7217cf5b
1,77.8314217,47,Female,6,1984,25f30b70ac98449aeb55ef8734f12bb141a519a5704f436634915a8b7217cf5b
1,76.41937322,51,Female,7,1985,25f30b70ac98449aeb55ef8734f12bb141a519a5704f436634915a8b7217cf5b
1,73.91179825,58,Female,8,1986,25f30b70ac98449aeb55ef8734f12bb141a519a5704f436634915a8b7217cf5b
1,79.19533952,61,Female,9,1987,25f30b70ac98449aeb55ef8734f12bb141a519a5704f436634915a8b7217cf5b
1,76.31089312,65,Female,10,1988,25f30b70ac98449aeb55ef8734f12bb141a519a5704f436634915a8b7217cf5b
1,74.15063387,72,Female,11,1989,25f30b70ac98449aeb55ef8734f12bb141a519a5704f436634915a8b7217cf5b
1,73.86621262,83,Female,12,1990,25f30b70ac98449aeb55ef8734f12bb141a519a5704f436634915a8b7217cf5b
1,78.14186448,97,Female,13,1991,25f30b70ac98449aeb55ef8734f12bb141a519a5704f436634915a8b7217cf5b
0,75.64611298,103,Female,14,1992,25f30b70ac98449aeb55ef8734f12bb141a519a5704f436634915a8b7217cf5b
0,33.67334458,33,Male,0,1980,3e7e064ebede60847f897dbf8f71e974a7509683c4b22dd72500f237671c4fb4
1,59.59576887,31,Male,1,1981,102d42b9cc007c87b1041173cfb4ccaa75f7761611ac4c11238e289e0283e42b
1,69.37880082,36,Male,2,1982,102d42b9cc007c87b1041173cfb4ccaa75f7761611ac4c11238e289e0283e42b
1,90.62115896,38,Male,3,1983,102d42b9cc007c87b1041173cfb4ccaa75f7761611ac4c11238e289e0283e42b
0,NA,47,Male,4,1984,102d42b9cc007c87b1041173cfb4ccaa75f7761611ac4c11238e289e0283e42b
NA,NA,36,Female,0,1982,c04d86ca1b234dae2539f44a3ea605b8ed59fb65ec5ded09937ebacbfa100264
1,32.90842673,38,Male,0,1983,1863d6bc4d4328a477730ed50e987a2f54c932663fd6cb34884da2e83e939564
1,64.02046304,47,Male,1,1984,1863d6bc4d4328a477730ed50e987a2f54c932663fd6cb34884da2e83e939564
1,84.54557586,51,Male,2,1985,1863d6bc4d4328a477730ed50e987a2f54c932663fd6cb34884da2e83e939564
1,NA,58,Male,3,1986,1863d6bc4d4328a477730ed50e987a2f54c932663fd6cb34884da2e83e939564
1,120.929387,61,Male,4,1987,1863d6bc4d4328a477730ed50e987a2f54c932663fd6cb34884da2e83e939564
1,NA,65,Male,5,1988,1863d6bc4d4328a477730ed50e987a2f54c932663fd6cb34884da2e83e939564
NA,115.1933842,72,Male,6,1989,1863d6bc4d4328a477730ed50e987a2f54c932663fd6cb34884da2e83e939564
1,NA,38,Female,0,1983,d092ad673073a21f8b43e00527ddd98df87e31f2f7588679989855e680b6fbb4
1,44.92695129,47,Female,1,1984,d092ad673073a21f8b43e00527ddd98df87e31f2f7588679989855e680b6fbb4
1,58.86920299,51,Female,2,1985,d092ad673073a21f8b43e00527ddd98df87e31f2f7588679989855e680b6fbb4
0,59.17236301,58,Female,3,1986,d092ad673073a21f8b43e00527ddd98df87e31f2f7588679989855e680b6fbb4
1,49.36629784,51,Female,1,1985,a53c716aaaa27d4c6da9f0f92ae9f313d2c7597a4b65333fd85605d9b085ede8
1,60.98347406,58,Female,2,1986,a53c716aaaa27d4c6da9f0f92ae9f313d2c7597a4b65333fd85605d9b085ede8
1,65.99043445,61,Female,3,1987,a53c716aaaa27d4c6da9f0f92ae9f313d2c7597a4b65333fd85605d9b085ede8
1,66.10018583,65,Female,4,1988,a53c716aaaa27d4c6da9f0f92ae9f313d2c7597a4b65333fd85605d9b085ede8
1,72.03405259,72,Female,5,1989,a53c716aaaa27d4c6da9f0f92ae9f313d2c7597a4b65333fd85605d9b085ede8
1,69.3360115,83,Female,6,1990,a53c716aaaa27d4c6da9f0f92ae9f313d2c7597a4b65333fd85605d9b085ede8
1,NA,97,Female,7,1991,a53c716aaaa27d4c6da9f0f92ae9f313d2c7597a4b65333fd85605d9b085ede8
0,73.06908219,103,Female,8,1992,a53c716aaaa27d4c6da9f0f92ae9f313d2c7597a4b65333fd85605d9b085ede8
1,48.98294227,58,Female,1,1986,8c8e73ff0eedd3b9d43aaa033c203711c1de18920bb38070cee2046773f35dbe
1,62.34546825,61,Female,2,1987,8c8e73ff0eedd3b9d43aaa033c203711c1de18920bb38070cee2046773f35dbe
1,66.45775934,65,Female,3,1988,8c8e73ff0eedd3b9d43aaa033c203711c1de18920bb38070cee2046773f35dbe
1,66.66454708,72,Female,4,1989,8c8e73ff0eedd3b9d43aaa033c203711c1de18920bb38070cee2046773f35dbe
1,67.38326275,83,Female,5,1990,8c8e73ff0eedd3b9d43aaa033c203711c1de18920bb38070cee2046773f35dbe
1,70.74934753,97,Female,6,1991,8c8e73ff0eedd3b9d43aaa033c203711c1de18920bb38070cee2046773f35dbe
1,71.74105637,103,Female,7,1992,8c8e73ff0eedd3b9d43aaa033c203711c1de18920bb38070cee2046773f35dbe
1,69.47710653,97,Female,8,1993,8c8e73ff0eedd3b9d43aaa033c203711c1de18920bb38070cee2046773f35dbe
1,72.52828291,90,Female,9,1994,8c8e73ff0eedd3b9d43aaa033c203711c1de18920bb38070cee2046773f35dbe
1,72.85787851,79,Female,10,1995,8c8e73ff0eedd3b9d43aaa033c203711c1de18920bb38070cee2046773f35dbe
1,73.94330235,73,Female,11,1996,8c8e73ff0eedd3b9d43aaa033c203711c1de18920bb38070cee2046773f35dbe
0,68.65563219,75,Female,12,1997,8c8e73ff0eedd3b9d43aaa033c203711c1de18920bb38070cee2046773f35dbe
1,55.2389448,58,Male,1,1986,f809c0e83117f71e0046e54b3ed3edb36e8b4f595b8d36708b281460c4400849
1,NA,61,Male,2,1987,f809c0e83117f71e0046e54b3ed3edb36e8b4f595b8d36708b281460c4400849
1,92.40933054,65,Male,3,1988,f809c0e83117f71e0046e54b3ed3edb36e8b4f595b8d36708b281460c4400849
NA,105.4868315,72,Male,4,1989,f809c0e83117f71e0046e54b3ed3edb36e8b4f595b8d36708b281460c4400849
1,47.22256701,61,Male,1,1987,2ae52edcbeaabcdf8d448c873789d59d3496d6ba130fed326e4b601087deb02c
0,NA,65,Male,2,1988,2ae52edcbeaabcdf8d448c873789d59d3496d6ba130fed326e4b601087deb02c
1,NA,65,Female,0,1988,599d8a9678362b7f68239c44e615ad60a58e7ffc66389c44f1a14c5e56425fd0
1,27.98557966,72,Female,1,1989,599d8a9678362b7f68239c44e615ad60a58e7ffc66389c44f1a14c5e56425fd0
1,45.75995271,83,Female,2,1990,599d8a9678362b7f68239c44e615ad60a58e7ffc66389c44f1a14c5e56425fd0
1,57.46343184,97,Female,3,1991,599d8a9678362b7f68239c44e615ad60a58e7ffc66389c44f1a14c5e56425fd0
1,64.15622286,103,Female,4,1992,599d8a9678362b7f68239c44e615ad60a58e7ffc66389c44f1a14c5e56425fd0
1,60.96440134,97,Female,5,1993,599d8a9678362b7f68239c44e615ad60a58e7ffc66389c44f1a14c5e56425fd0
1,67.86415035,90,Female,6,1994,599d8a9678362b7f68239c44e615ad60a58e7ffc66389c44f1a14c5e56425fd0
1,66.50591577,79,Female,7,1995,599d8a9678362b7f68239c44e615ad60a58e7ffc66389c44f1a14c5e56425fd0
0,71.31092527,73,Female,8,1996,599d8a9678362b7f68239c44e615ad60a58e7ffc66389c44f1a14c5e56425fd0
1,53.03149802,72,Male,1,1989,21eb6ec71d94d05f741dcd5222dbfb5105559fc2dcf41c49380fa18a7cded7d2
0,NA,83,Male,2,1990,21eb6ec71d94d05f741dcd5222dbfb5105559fc2dcf41c49380fa18a7cded7d2
1,NA,83,Female,0,1990,bdc6aca938aefde97ac123063ea4a3cf757ef58f53620ca759fdd16590870100
1,41.85028195,97,Female,1,1991,bdc6aca938aefde97ac123063ea4a3cf757ef58f53620ca759fdd16590870100
1,52.19638855,103,Female,2,1992,bdc6aca938aefde97ac123063ea4a3cf757ef58f53620ca759fdd16590870100
1,56.56766396,97,Female,3,1993,bdc6aca938aefde97ac123063ea4a3cf757ef58f53620ca759fdd16590870100
0,64.2970529,90,Female,4,1994,bdc6aca938aefde97ac123063ea4a3cf757ef58f53620ca759fdd16590870100
1,27.64110329,97,Male,0,1991,a548780b897ddc15bc959f7bb6e813aa60129580971f66581463bb0e8086ac7e
1,43.39972754,103,Male,1,1992,a548780b897ddc15bc959f7bb6e813aa60129580971f66581463bb0e8086ac7e
0,59.69833277,97,Male,2,1993,a548780b897ddc15bc959f7bb6e813aa60129580971f66581463bb0e8086ac7e
0,NA,103,Female,1,1992,f13448bc6fa0f86adef021bdfefc510f34816761c6d00af928e243af0328d750
NA,NA,103,Female,0,1992,7cf631049bd2adec227af0bb0aa067c4531c6a278f4dc94cddffaae66c794c02
0,22.31176175,97,Female,0,1993,6cf96a82e80af72d8d6e0d86011f0ec570228c9d6f44b1a0fad0eb18556b2136
0,NA,90,Male,0,1994,7ab4d30be008d3a268b38f0ef1ea688440fe64b5c769a9964690922f1be3f265
1,NA,34,Male,4,1979,bb1555398675a56da9ff8f031ec1d2b329c60c131e3d6c3c20b4c6b73cb4fb3a
0,NA,33,Male,5,1980,bb1555398675a56da9ff8f031ec1d2b329c60c131e3d6c3c20b4c6b73cb4fb3a
1,NA,34,Male,3,1979,7fe6e55e572f1420366f43d99b0916e52a5ea65383bea6e6803de9fca146ee31
1,NA,33,Male,4,1980,7fe6e55e572f1420366f43d99b0916e52a5ea65383bea6e6803de9fca146ee31
1,NA,31,Male,5,1981,7fe6e55e572f1420366f43d99b0916e52a5ea65383bea6e6803de9fca146ee31
0,NA,36,Male,6,1982,7fe6e55e572f1420366f43d99b0916e52a5ea65383bea6e6803de9fca146ee31
1,72.97829337,34,Male,2,1979,2718304804e325a2ea47b5b0eefec61a73a8ff333b246e9839133de07ce2e212
1,NA,33,Male,3,1980,2718304804e325a2ea47b5b0eefec61a73a8ff333b246e9839133de07ce2e212
1,NA,31,Male,4,1981,2718304804e325a2ea47b5b0eefec61a73a8ff333b246e9839133de07ce2e212
1,NA,36,Male,5,1982,2718304804e325a2ea47b5b0eefec61a73a8ff333b246e9839133de07ce2e212
1,NA,38,Male,6,1983,2718304804e325a2ea47b5b0eefec61a73a8ff333b246e9839133de07ce2e212
1,NA,51,Male,8,1985,2718304804e325a2ea47b5b0eefec61a73a8ff333b246e9839133de07ce2e212
NA,NA,58,Male,9,1986,2718304804e325a2ea47b5b0eefec61a73a8ff333b246e9839133de07ce2e212
1,32.52569594,33,Male,0,1980,6b22da351ebcafb076e91aae4ff2472b0526da61b3588cae37ad61bb0664ddcc
1,51.96693695,31,Male,1,1981,6b22da351ebcafb076e91aae4ff2472b0526da61b3588cae37ad61bb0664ddcc
1,72.71031906,36,Male,2,1982,6b22da351ebcafb076e91aae4ff2472b0526da61b3588cae37ad61bb0664ddcc
0,89.91913293,38,Male,3,1983,6b22da351ebcafb076e91aae4ff2472b0526da61b3588cae37ad61bb0664ddcc
1,27.86363636,31,Female,0,1981,ed4ee6d87c4c3d70431f7898eaa24f3a56a577a97a16d1d1afc95a9e03b5d7b9
1,47.28706061,36,Female,1,1982,ed4ee6d87c4c3d70431f7898eaa24f3a56a577a97a16d1d1afc95a9e03b5d7b9
1,60.23502268,38,Female,2,1983,ed4ee6d87c4c3d70431f7898eaa24f3a56a577a97a16d1d1afc95a9e03b5d7b9
1,61.15824962,47,Female,3,1984,ed4ee6d87c4c3d70431f7898eaa24f3a56a577a97a16d1d1afc95a9e03b5d7b9
1,67.41770899,51,Female,4,1985,ed4ee6d87c4c3d70431f7898eaa24f3a56a577a97a16d1d1afc95a9e03b5d7b9
1,68.69958171,58,Female,5,1986,ed4ee6d87c4c3d70431f7898eaa24f3a56a577a97a16d1d1afc95a9e03b5d7b9
1,70.04376124,61,Female,6,1987,ed4ee6d87c4c3d70431f7898eaa24f3a56a577a97a16d1d1afc95a9e03b5d7b9
1,69.94103849,65,Female,7,1988,ed4ee6d87c4c3d70431f7898eaa24f3a56a577a97a16d1d1afc95a9e03b5d7b9
1,66.72453133,72,Female,8,1989,ed4ee6d87c4c3d70431f7898eaa24f3a56a577a97a16d1d1afc95a9e03b5d7b9
0,62.93401181,83,Female,9,1990,ed4ee6d87c4c3d70431f7898eaa24f3a56a577a97a16d1d1afc95a9e03b5d7b9
1,NA,36,Female,0,1982,b1a6672f39a492913159edad5939af7952e96e815a769b46254219024d47f3e5
1,46.13309053,38,Female,1,1983,b1a6672f39a492913159edad5939af7952e96e815a769b46254219024d47f3e5
1,64.45295591,47,Female,2,1984,b1a6672f39a492913159edad5939af7952e96e815a769b46254219024d47f3e5
1,69.25478863,51,Female,3,1985,b1a6672f39a492913159edad5939af7952e96e815a769b46254219024d47f3e5
1,68.92704928,58,Female,4,1986,b1a6672f39a492913159edad5939af7952e96e815a769b46254219024d47f3e5
1,75.02677117,61,Female,5,1987,b1a6672f39a492913159edad5939af7952e96e815a769b46254219024d47f3e5
1,72.51135472,65,Female,6,1988,b1a6672f39a492913159edad5939af7952e96e815a769b46254219024d47f3e5
1,72.55315312,72,Female,7,1989,b1a6672f39a492913159edad5939af7952e96e815a769b46254219024d47f3e5
1,68.36674613,83,Female,8,1990,b1a6672f39a492913159edad5939af7952e96e815a769b46254219024d47f3e5
1,73.41272931,97,Female,9,1991,b1a6672f39a492913159edad5939af7952e96e815a769b46254219024d47f3e5
1,71.33238905,103,Female,10,1992,b1a6672f39a492913159edad5939af7952e96e815a769b46254219024d47f3e5
1,69.6927487,97,Female,11,1993,b1a6672f39a492913159edad5939af7952e96e815a769b46254219024d47f3e5
0,70.97814792,90,Female,12,1994,b1a6672f39a492913159edad5939af7952e96e815a769b46254219024d47f3e5
1,24.78565204,38,Female,0,1983,5fce9e953984bd85f5c8264d88fc6ceb2eb9d5c35b36320d5d5b7817b72cac33
0,NA,47,Female,1,1984,5fce9e953984bd85f5c8264d88fc6ceb2eb9d5c35b36320d5d5b7817b72cac33
1,NA,47,Male,2,1984,eb6efda2f92648411a12e514ba568d18881014da287f97f6c3788868cf87e754
0,NA,51,Male,3,1985,eb6efda2f92648411a12e514ba568d18881014da287f97f6c3788868cf87e754
1,28.75375851,51,Male,0,1985,4aa3cfc76e68ca72f4e6e0fcf12ce96cfb3281500e12f6634d03d51fab421920
1,55.03001065,58,Male,1,1986,4aa3cfc76e68ca72f4e6e0fcf12ce96cfb3281500e12f6634d03d51fab421920
1,69.39178545,61,Male,2,1987,4aa3cfc76e68ca72f4e6e0fcf12ce96cfb3281500e12f6634d03d51fab421920
1,NA,65,Male,3,1988,4aa3cfc76e68ca72f4e6e0fcf12ce96cfb3281500e12f6634d03d51fab421920
0,NA,72,Male,4,1989,4aa3cfc76e68ca72f4e6e0fcf12ce96cfb3281500e12f6634d03d51fab421920
1,33.58646617,58,Female,0,1986,ee724403b4b74b95792eebcacaea4c5b0fa2882dd9a4847243bea1a5443d4ed5
1,51.30299532,61,Female,1,1987,ee724403b4b74b95792eebcacaea4c5b0fa2882dd9a4847243bea1a5443d4ed5
1,53.33975182,65,Female,2,1988,ee724403b4b74b95792eebcacaea4c5b0fa2882dd9a4847243bea1a5443d4ed5
1,66.70126091,72,Female,3,1989,ee724403b4b74b95792eebcacaea4c5b0fa2882dd9a4847243bea1a5443d4ed5
1,67.56625591,83,Female,4,1990,ee724403b4b74b95792eebcacaea4c5b0fa2882dd9a4847243bea1a5443d4ed5
1,70.24052751,97,Female,5,1991,ee724403b4b74b95792eebcacaea4c5b0fa2882dd9a4847243bea1a5443d4ed5
1,72.50179763,103,Female,6,1992,ee724403b4b74b95792eebcacaea4c5b0fa2882dd9a4847243bea1a5443d4ed5
1,70.82470932,97,Female,7,1993,ee724403b4b74b95792eebcacaea4c5b0fa2882dd9a4847243bea1a5443d4ed5
1,77.5766101,90,Female,8,1994,ee724403b4b74b95792eebcacaea4c5b0fa2882dd9a4847243bea1a5443d4ed5
1,74.79485614,79,Female,9,1995,ee724403b4b74b95792eebcacaea4c5b0fa2882dd9a4847243bea1a5443d4ed5
1,76.74990474,73,Female,10,1996,ee724403b4b74b95792eebcacaea4c5b0fa2882dd9a4847243bea1a5443d4ed5
1,72.7022868,75,Female,11,1997,ee724403b4b74b95792eebcacaea4c5b0fa2882dd9a4847243bea1a5443d4ed5
1,74.30163563,54,Female,12,1998,ee724403b4b74b95792eebcacaea4c5b0fa2882dd9a4847243bea1a5443d4ed5
NA,NA,45,Female,13,1999,ee724403b4b74b95792eebcacaea4c5b0fa2882dd9a4847243bea1a5443d4ed5
0,34.8237725,61,Male,0,1987,1b827267ae3a2661f8696b5dbdf9c86e668984964148c8a28102ae3dadd2953e
1,32.0810402,65,Male,0,1988,f29f5d9abf44ef58d4267f88d478b3f4159f55cc3f8446a8068ae0e555dc592b
1,41.66286074,72,Male,1,1989,f29f5d9abf44ef58d4267f88d478b3f4159f55cc3f8446a8068ae0e555dc592b
1,59.04614013,83,Male,2,1990,f29f5d9abf44ef58d4267f88d478b3f4159f55cc3f8446a8068ae0e555dc592b
1,77.48987127,97,Male,3,1991,f29f5d9abf44ef58d4267f88d478b3f4159f55cc3f8446a8068ae0e555dc592b
1,NA,103,Male,4,1992,f29f5d9abf44ef58d4267f88d478b3f4159f55cc3f8446a8068ae0e555dc592b
0,90.66218429,97,Male,5,1993,f29f5d9abf44ef58d4267f88d478b3f4159f55cc3f8446a8068ae0e555dc592b
1,21.93548387,72,Female,0,1989,b9f3cf14b867a8ea7fe75a4adaf49569760f5bcbc3d2a536a81455196a21a2c9
1,39.72091283,83,Female,1,1990,b9f3cf14b867a8ea7fe75a4adaf49569760f5bcbc3d2a536a81455196a21a2c9
1,58.28118327,97,Female,2,1991,b9f3cf14b867a8ea7fe75a4adaf49569760f5bcbc3d2a536a81455196a21a2c9
1,66.34802474,103,Female,3,1992,b9f3cf14b867a8ea7fe75a4adaf49569760f5bcbc3d2a536a81455196a21a2c9
1,61.27178478,97,Female,4,1993,b9f3cf14b867a8ea7fe75a4adaf49569760f5bcbc3d2a536a81455196a21a2c9
1,69.10019736,90,Female,5,1994,b9f3cf14b867a8ea7fe75a4adaf49569760f5bcbc3d2a536a81455196a21a2c9
1,68.65874249,79,Female,6,1995,b9f3cf14b867a8ea7fe75a4adaf49569760f5bcbc3d2a536a81455196a21a2c9
0,69.67382314,73,Female,7,1996,b9f3cf14b867a8ea7fe75a4adaf49569760f5bcbc3d2a536a81455196a21a2c9
1,NA,83,Female,0,1990,dc3bb131bb3a4d70eca181a1735645f2f5968beba88bb6dfd543ba6390755ed9
1,43.91716273,97,Female,1,1991,dc3bb131bb3a4d70eca181a1735645f2f5968beba88bb6dfd543ba6390755ed9
1,50.66413984,103,Female,2,1992,dc3bb131bb3a4d70eca181a1735645f2f5968beba88bb6dfd543ba6390755ed9
1,NA,97,Female,3,1993,dc3bb131bb3a4d70eca181a1735645f2f5968beba88bb6dfd543ba6390755ed9
1,65.01423582,90,Female,4,1994,dc3bb131bb3a4d70eca181a1735645f2f5968beba88bb6dfd543ba6390755ed9
1,66.99463249,79,Female,5,1995,dc3bb131bb3a4d70eca181a1735645f2f5968beba88bb6dfd543ba6390755ed9
1,70.77745193,73,Female,6,1996,dc3bb131bb3a4d70eca181a1735645f2f5968beba88bb6dfd543ba6390755ed9
1,67.76903822,75,Female,7,1997,dc3bb131bb3a4d70eca181a1735645f2f5968beba88bb6dfd543ba6390755ed9
0,67.82691357,54,Female,8,1998,dc3bb131bb3a4d70eca181a1735645f2f5968beba88bb6dfd543ba6390755ed9
0,NA,97,Male,0,1991,fe4b7412d8f97b3cb86e88dec3a6079e67c89304014000c3f0ed6b6e97fb0164
0,25.35791214,103,Male,0,1992,fbc5b2914dee274041271fe755e46ed069077bc4b6e5192e11b183076c054eb8
0,21.98077915,97,Female,0,1993,5358d232772a2d270a3038e47ca8aba6c1bdbed9ad1a9134823ccc985ddb7ccd
0,73.70406847,34,Female,7,1979,18e932b4d7961d2e80956f4708dda23a626e4f36b6c23ed1d0ada60537377d0d
1,76.82832969,34,Female,6,1979,4234ccb652b1cbc1c68f888f6d0aa02a67809431949ac616559224474ea24ef9
1,NA,33,Female,7,1980,4234ccb652b1cbc1c68f888f6d0aa02a67809431949ac616559224474ea24ef9
1,75.49002865,31,Female,8,1981,4234ccb652b1cbc1c68f888f6d0aa02a67809431949ac616559224474ea24ef9
1,73.60450664,36,Female,9,1982,4234ccb652b1cbc1c68f888f6d0aa02a67809431949ac616559224474ea24ef9
1,73.26882585,38,Female,10,1983,4234ccb652b1cbc1c68f888f6d0aa02a67809431949ac616559224474ea24ef9
1,77.59324772,47,Female,11,1984,4234ccb652b1cbc1c68f888f6d0aa02a67809431949ac616559224474ea24ef9
1,74.07968898,51,Female,12,1985,4234ccb652b1cbc1c68f888f6d0aa02a67809431949ac616559224474ea24ef9
1,73.80116809,58,Female,13,1986,4234ccb652b1cbc1c68f888f6d0aa02a67809431949ac616559224474ea24ef9
1,72.13003919,61,Female,14,1987,4234ccb652b1cbc1c68f888f6d0aa02a67809431949ac616559224474ea24ef9
0,67.81971301,65,Female,15,1988,4234ccb652b1cbc1c68f888f6d0aa02a67809431949ac616559224474ea24ef9
NA,64.31226086,34,Female,3,1979,ad50f3353af30526583b05a415c94c6033aca1dd95c74bb9024150c687444f55
1,51.61307069,34,Female,1,1979,6f2c1a128483de78b0d1d275b0bb07fbe3b445b01fed8d77af3a167ca0d6580a
1,61.08949849,33,Female,2,1980,6f2c1a128483de78b0d1d275b0bb07fbe3b445b01fed8d77af3a167ca0d6580a
1,72.50314364,31,Female,3,1981,6f2c1a128483de78b0d1d275b0bb07fbe3b445b01fed8d77af3a167ca0d6580a
1,73.00770347,36,Female,4,1982,6f2c1a128483de78b0d1d275b0bb07fbe3b445b01fed8d77af3a167ca0d6580a
1,75.0316391,38,Female,5,1983,6f2c1a128483de78b0d1d275b0bb07fbe3b445b01fed8d77af3a167ca0d6580a
1,77.49375673,47,Female,6,1984,6f2c1a128483de78b0d1d275b0bb07fbe3b445b01fed8d77af3a167ca0d6580a
1,78.79372821,51,Female,7,1985,6f2c1a128483de78b0d1d275b0bb07fbe3b445b01fed8d77af3a167ca0d6580a
1,76.97916335,58,Female,8,1986,6f2c1a128483de78b0d1d275b0bb07fbe3b445b01fed8d77af3a167ca0d6580a
1,78.96879163,61,Female,9,1987,6f2c1a128483de78b0d1d275b0bb07fbe3b445b01fed8d77af3a167ca0d6580a
1,80.79064085,65,Female,10,1988,6f2c1a128483de78b0d1d275b0bb07fbe3b445b01fed8d77af3a167ca0d6580a
1,79.50971774,72,Female,11,1989,6f2c1a128483de78b0d1d275b0bb07fbe3b445b01fed8d77af3a167ca0d6580a
1,74.73809741,83,Female,12,1990,6f2c1a128483de78b0d1d275b0bb07fbe3b445b01fed8d77af3a167ca0d6580a
1,77.29771782,97,Female,13,1991,6f2c1a128483de78b0d1d275b0bb07fbe3b445b01fed8d77af3a167ca0d6580a
1,77.5402299,103,Female,14,1992,6f2c1a128483de78b0d1d275b0bb07fbe3b445b01fed8d77af3a167ca0d6580a
1,70.46924893,97,Female,15,1993,6f2c1a128483de78b0d1d275b0bb07fbe3b445b01fed8d77af3a167ca0d6580a
1,75.30766999,90,Female,16,1994,6f2c1a128483de78b0d1d275b0bb07fbe3b445b01fed8d77af3a167ca0d6580a
1,78.74155823,79,Female,17,1995,6f2c1a128483de78b0d1d275b0bb07fbe3b445b01fed8d77af3a167ca0d6580a
1,76.3039778,73,Female,18,1996,6f2c1a128483de78b0d1d275b0bb07fbe3b445b01fed8d77af3a167ca0d6580a
0,71.91373477,75,Female,19,1997,6f2c1a128483de78b0d1d275b0bb07fbe3b445b01fed8d77af3a167ca0d6580a
1,32.94712467,34,Male,0,1979,c58b1ada43567b3b6e23b023ec1761213d1074d94aac1b6d673e5cffd6091cde
1,58.454844,33,Male,1,1980,c58b1ada43567b3b6e23b023ec1761213d1074d94aac1b6d673e5cffd6091cde
1,76.56460842,31,Male,2,1981,c58b1ada43567b3b6e23b023ec1761213d1074d94aac1b6d673e5cffd6091cde
1,99.4281004,36,Male,3,1982,c58b1ada43567b3b6e23b023ec1761213d1074d94aac1b6d673e5cffd6091cde
1,NA,47,Male,5,1984,c58b1ada43567b3b6e23b023ec1761213d1074d94aac1b6d673e5cffd6091cde
0,NA,51,Male,6,1985,c58b1ada43567b3b6e23b023ec1761213d1074d94aac1b6d673e5cffd6091cde
1,24.43262315,33,Female,0,1980,a0c7059c67d34f28d62fa791454832998047944cfa1b38995757e69f046d92e5
0,47.54824531,31,Female,1,1981,a0c7059c67d34f28d62fa791454832998047944cfa1b38995757e69f046d92e5
1,28.96769981,36,Female,0,1982,d48f97cd1ec500e950823d42b924bd9a74aebfe0916b0a8575db39be0820dc83
1,49.45810598,38,Female,1,1983,d48f97cd1ec500e950823d42b924bd9a74aebfe0916b0a8575db39be0820dc83
1,64.80945295,47,Female,2,1984,d48f97cd1ec500e950823d42b924bd9a74aebfe0916b0a8575db39be0820dc83
1,62.66914344,51,Female,3,1985,d48f97cd1ec500e950823d42b924bd9a74aebfe0916b0a8575db39be0820dc83
1,67.65458186,58,Female,4,1986,d48f97cd1ec500e950823d42b924bd9a74aebfe0916b0a8575db39be0820dc83
1,68.49707406,61,Female,5,1987,d48f97cd1ec500e950823d42b924bd9a74aebfe0916b0a8575db39be0820dc83
1,69.92673388,65,Female,6,1988,d48f97cd1ec500e950823d42b924bd9a74aebfe0916b0a8575db39be0820dc83
1,68.97051258,72,Female,7,1989,d48f97cd1ec500e950823d42b924bd9a74aebfe0916b0a8575db39be0820dc83
0,66.56630175,83,Female,8,1990,d48f97cd1ec500e950823d42b924bd9a74aebfe0916b0a8575db39be0820dc83
1,28.99685813,38,Male,0,1983,00bdc04ee05cfecced1f619b64fac79f8f1f712c2466e7c3f910fb0d02e7e98e
1,54.11229216,47,Male,1,1984,00bdc04ee05cfecced1f619b64fac79f8f1f712c2466e7c3f910fb0d02e7e98e
1,76.94166614,51,Male,2,1985,00bdc04ee05cfecced1f619b64fac79f8f1f712c2466e7c3f910fb0d02e7e98e
1,99.54545827,58,Male,3,1986,00bdc04ee05cfecced1f619b64fac79f8f1f712c2466e7c3f910fb0d02e7e98e
NA,NA,61,Male,4,1987,00bdc04ee05cfecced1f619b64fac79f8f1f712c2466e7c3f910fb0d02e7e98e
NA,NA,47,Male,0,1984,83b7f5e5c6be465a551eced6f334d1d2a53ee68f15a5ac14d08cd220cc040b67
0,29.75686821,51,Male,0,1985,e6ab35de53d61578d4239317ee09f850cc250f13619955a4ff30e98e0d3b34db
1,25.61759563,58,Male,0,1986,8f1ed39baf4c6461ff69283c15dd3bab0e324cb33daf97d8e9f55da8326958c8
1,NA,61,Male,1,1987,8f1ed39baf4c6461ff69283c15dd3bab0e324cb33daf97d8e9f55da8326958c8
1,72.96097977,65,Male,2,1988,8f1ed39baf4c6461ff69283c15dd3bab0e324cb33daf97d8e9f55da8326958c8
1,87.0165427,72,Male,3,1989,8f1ed39baf4c6461ff69283c15dd3bab0e324cb33daf97d8e9f55da8326958c8
1,NA,83,Male,4,1990,8f1ed39baf4c6461ff69283c15dd3bab0e324cb33daf97d8e9f55da8326958c8
1,106.1706617,97,Male,5,1991,8f1ed39baf4c6461ff69283c15dd3bab0e324cb33daf97d8e9f55da8326958c8
0,NA,103,Male,6,1992,8f1ed39baf4c6461ff69283c15dd3bab0e324cb33daf97d8e9f55da8326958c8
1,26.8237725,61,Male,0,1987,53e4b1347fa9979d19ed717191a70d9788dfee2f4da1ff7c8e57d6cc678c3992
1,45.89244414,65,Male,1,1988,53e4b1347fa9979d19ed717191a70d9788dfee2f4da1ff7c8e57d6cc678c3992
1,63.05257463,72,Male,2,1989,53e4b1347fa9979d19ed717191a70d9788dfee2f4da1ff7c8e57d6cc678c3992
1,74.77750151,83,Male,3,1990,53e4b1347fa9979d19ed717191a70d9788dfee2f4da1ff7c8e57d6cc678c3992
1,88.97017564,97,Male,4,1991,53e4b1347fa9979d19ed717191a70d9788dfee2f4da1ff7c8e57d6cc678c3992
0,NA,103,Male,5,1992,53e4b1347fa9979d19ed717191a70d9788dfee2f4da1ff7c8e57d6cc678c3992
1,NA,65,Male,0,1988,b2a3d38186d87b6c0e7f1caf5986c06dbc91f064d8aba8fbb58e7ac195a31852
1,48.26067894,72,Male,1,1989,b2a3d38186d87b6c0e7f1caf5986c06dbc91f064d8aba8fbb58e7ac195a31852
1,67.56024438,83,Male,2,1990,b2a3d38186d87b6c0e7f1caf5986c06dbc91f064d8aba8fbb58e7ac195a31852
1,83.89660454,97,Male,3,1991,b2a3d38186d87b6c0e7f1caf5986c06dbc91f064d8aba8fbb58e7ac195a31852
1,93.24947896,103,Male,4,1992,b2a3d38186d87b6c0e7f1caf5986c06dbc91f064d8aba8fbb58e7ac195a31852
1,NA,97,Male,5,1993,b2a3d38186d87b6c0e7f1caf5986c06dbc91f064d8aba8fbb58e7ac195a31852
NA,108.5982309,90,Male,6,1994,b2a3d38186d87b6c0e7f1caf5986c06dbc91f064d8aba8fbb58e7ac195a31852
0,18.57142857,72,Female,0,1989,b05741be162e5c50b8dee5ee33e4425ac796e3d8038843fa1d2d02b83f7a9a34
0,NA,83,Female,0,1990,7da00ed75fa3c673b82947dd3183a1e0107599d90e948272e999bc1f3c03d3e1
1,41.85780554,97,Female,1,1991,2c12211beb257821b25ec0391902a7c04a0944f0623a4352c8afbe2e00176c23
1,57.50187406,103,Female,2,1992,2c12211beb257821b25ec0391902a7c04a0944f0623a4352c8afbe2e00176c23
1,64.33625321,97,Female,3,1993,2c12211beb257821b25ec0391902a7c04a0944f0623a4352c8afbe2e00176c23
1,71.8266027,90,Female,4,1994,2c12211beb257821b25ec0391902a7c04a0944f0623a4352c8afbe2e00176c23
1,69.22982797,79,Female,5,1995,2c12211beb257821b25ec0391902a7c04a0944f0623a4352c8afbe2e00176c23
1,71.87564688,73,Female,6,1996,2c12211beb257821b25ec0391902a7c04a0944f0623a4352c8afbe2e00176c23
1,67.09595778,75,Female,7,1997,2c12211beb257821b25ec0391902a7c04a0944f0623a4352c8afbe2e00176c23
1,77.18541816,54,Female,8,1998,2c12211beb257821b25ec0391902a7c04a0944f0623a4352c8afbe2e00176c23
0,72.96360468,45,Female,9,1999,2c12211beb257821b25ec0391902a7c04a0944f0623a4352c8afbe2e00176c23
1,60.75093436,103,Female,2,1992,72b703c8e0dce5d2d74010e7e38c251bf289281aae0c8384c851d8237d60157d
1,71.50208543,97,Female,3,1993,72b703c8e0dce5d2d74010e7e38c251bf289281aae0c8384c851d8237d60157d
1,75.60237578,90,Female,4,1994,72b703c8e0dce5d2d74010e7e38c251bf289281aae0c8384c851d8237d60157d
1,68.4576178,79,Female,5,1995,72b703c8e0dce5d2d74010e7e38c251bf289281aae0c8384c851d8237d60157d
1,77.48579068,73,Female,6,1996,72b703c8e0dce5d2d74010e7e38c251bf289281aae0c8384c851d8237d60157d
1,74.8617207,75,Female,7,1997,72b703c8e0dce5d2d74010e7e38c251bf289281aae0c8384c851d8237d60157d
1,77.17100453,54,Female,8,1998,72b703c8e0dce5d2d74010e7e38c251bf289281aae0c8384c851d8237d60157d
1,69.63122719,45,Female,9,1999,72b703c8e0dce5d2d74010e7e38c251bf289281aae0c8384c851d8237d60157d
1,73.45337861,37,Female,10,2000,72b703c8e0dce5d2d74010e7e38c251bf289281aae0c8384c851d8237d60157d
0,72.96492601,32,Female,11,2001,72b703c8e0dce5d2d74010e7e38c251bf289281aae0c8384c851d8237d60157d
0,23.8302834,97,Male,0,1993,65921ec9b5e0a528025649a6202c14dcfc17f23a9e5be4aa6ecb29f03a51bc99
1,49.90017922,34,Female,1,1979,c934b361c840175f8965677461ac5f710f9eb57d29aa5c79498fe07d70c44117
1,57.00380423,33,Female,2,1980,c934b361c840175f8965677461ac5f710f9eb57d29aa5c79498fe07d70c44117
1,66.60452396,31,Female,3,1981,c934b361c840175f8965677461ac5f710f9eb57d29aa5c79498fe07d70c44117
0,63.12216472,36,Female,4,1982,c934b361c840175f8965677461ac5f710f9eb57d29aa5c79498fe07d70c44117
1,34.07091506,34,Female,0,1979,264e8c514524f44b6205d125416549bd59bb2025e7d88c277b25dd5c5e32fa45
1,50.87226862,33,Female,1,1980,264e8c514524f44b6205d125416549bd59bb2025e7d88c277b25dd5c5e32fa45
1,58.14365259,31,Female,2,1981,264e8c514524f44b6205d125416549bd59bb2025e7d88c277b25dd5c5e32fa45
1,62.84348816,36,Female,3,1982,264e8c514524f44b6205d125416549bd59bb2025e7d88c277b25dd5c5e32fa45
1,67.83277194,38,Female,4,1983,264e8c514524f44b6205d125416549bd59bb2025e7d88c277b25dd5c5e32fa45
1,76.8631187,47,Female,5,1984,264e8c514524f44b6205d125416549bd59bb2025e7d88c277b25dd5c5e32fa45
1,75.0228018,51,Female,6,1985,264e8c514524f44b6205d125416549bd59bb2025e7d88c277b25dd5c5e32fa45
1,74.19636484,58,Female,7,1986,264e8c514524f44b6205d125416549bd59bb2025e7d88c277b25dd5c5e32fa45
1,75.16344447,61,Female,8,1987,264e8c514524f44b6205d125416549bd59bb2025e7d88c277b25dd5c5e32fa45
1,74.48817541,65,Female,9,1988,264e8c514524f44b6205d125416549bd59bb2025e7d88c277b25dd5c5e32fa45
1,73.56428481,72,Female,10,1989,264e8c514524f44b6205d125416549bd59bb2025e7d88c277b25dd5c5e32fa45
1,71.37037997,83,Female,11,1990,264e8c514524f44b6205d125416549bd59bb2025e7d88c277b25dd5c5e32fa45
1,72.99888589,97,Female,12,1991,264e8c514524f44b6205d125416549bd59bb2025e7d88c277b25dd5c5e32fa45
1,73.75131375,103,Female,13,1992,264e8c514524f44b6205d125416549bd59bb2025e7d88c277b25dd5c5e32fa45
1,70.17230323,97,Female,14,1993,264e8c514524f44b6205d125416549bd59bb2025e7d88c277b25dd5c5e32fa45
0,NA,90,Female,15,1994,264e8c514524f44b6205d125416549bd59bb2025e7d88c277b25dd5c5e32fa45
0,NA,36,Male,4,1982,c9f02701c43ef8f3bcb3a0a6255804d71ddc01f2ee33f90044d3cd861e7bc43a
0,35.13998439,47,Male,0,1984,9ac81e03a980e6dccf1f4283155bafb4b111c041e6e8e3c9b5ebfaaf3ca92b89
1,27.50343996,51,Female,0,1985,012042fda5cf9452f6e63d4862c26dfa9befc3f16f16dbee6b736843cee046f5
1,42.50298878,58,Female,1,1986,012042fda5cf9452f6e63d4862c26dfa9befc3f16f16dbee6b736843cee046f5
1,56.97008302,61,Female,2,1987,012042fda5cf9452f6e63d4862c26dfa9befc3f16f16dbee6b736843cee046f5
1,57.71014543,65,Female,3,1988,012042fda5cf9452f6e63d4862c26dfa9befc3f16f16dbee6b736843cee046f5
1,63.58824133,72,Female,4,1989,012042fda5cf9452f6e63d4862c26dfa9befc3f16f16dbee6b736843cee046f5
1,66.24455675,83,Female,5,1990,012042fda5cf9452f6e63d4862c26dfa9befc3f16f16dbee6b736843cee046f5
1,NA,97,Female,6,1991,012042fda5cf9452f6e63d4862c26dfa9befc3f16f16dbee6b736843cee046f5
1,71.3332286,103,Female,7,1992,012042fda5cf9452f6e63d4862c26dfa9befc3f16f16dbee6b736843cee046f5
0,69.5645643,97,Female,8,1993,012042fda5cf9452f6e63d4862c26dfa9befc3f16f16dbee6b736843cee046f5
1,21.89836066,58,Male,0,1986,a0e4ce933648bb6c5aa57e471a502cff7ec94c41a807ece2e4e2b4dbdc6ce9a6
1,43.97197752,61,Male,1,1987,a0e4ce933648bb6c5aa57e471a502cff7ec94c41a807ece2e4e2b4dbdc6ce9a6
1,56.88847558,65,Male,2,1988,a0e4ce933648bb6c5aa57e471a502cff7ec94c41a807ece2e4e2b4dbdc6ce9a6
1,69.41133922,72,Male,3,1989,a0e4ce933648bb6c5aa57e471a502cff7ec94c41a807ece2e4e2b4dbdc6ce9a6
1,NA,83,Male,4,1990,a0e4ce933648bb6c5aa57e471a502cff7ec94c41a807ece2e4e2b4dbdc6ce9a6
1,80.43584104,97,Male,5,1991,a0e4ce933648bb6c5aa57e471a502cff7ec94c41a807ece2e4e2b4dbdc6ce9a6
1,NA,103,Male,6,1992,a0e4ce933648bb6c5aa57e471a502cff7ec94c41a807ece2e4e2b4dbdc6ce9a6
1,NA,97,Male,7,1993,a0e4ce933648bb6c5aa57e471a502cff7ec94c41a807ece2e4e2b4dbdc6ce9a6
1,92.17907436,90,Male,8,1994,a0e4ce933648bb6c5aa57e471a502cff7ec94c41a807ece2e4e2b4dbdc6ce9a6
1,94.93477821,79,Male,9,1995,a0e4ce933648bb6c5aa57e471a502cff7ec94c41a807ece2e4e2b4dbdc6ce9a6
1,98.77396595,73,Male,10,1996,a0e4ce933648bb6c5aa57e471a502cff7ec94c41a807ece2e4e2b4dbdc6ce9a6
0,95.31320684,75,Male,11,1997,a0e4ce933648bb6c5aa57e471a502cff7ec94c41a807ece2e4e2b4dbdc6ce9a6
1,29.8237725,61,Male,0,1987,77c2bc7f54e80c14838bbd61302e66c8dfde35625b807a6c321e7d12f14dc272
1,53.30833798,65,Male,1,1988,77c2bc7f54e80c14838bbd61302e66c8dfde35625b807a6c321e7d12f14dc272
1,70.32739674,72,Male,2,1989,77c2bc7f54e80c14838bbd61302e66c8dfde35625b807a6c321e7d12f14dc272
1,83.82574884,83,Male,3,1990,77c2bc7f54e80c14838bbd61302e66c8dfde35625b807a6c321e7d12f14dc272
0,96.54778168,97,Male,4,1991,77c2bc7f54e80c14838bbd61302e66c8dfde35625b807a6c321e7d12f14dc272
1,NA,61,Female,0,1987,93819ec3a41028b3d948b8341e7b454e09cb8c315a616d3b1ac0b670e0f9de03
1,45.62062156,65,Female,1,1988,93819ec3a41028b3d948b8341e7b454e09cb8c315a616d3b1ac0b670e0f9de03
0,52.18667388,72,Female,2,1989,93819ec3a41028b3d948b8341e7b454e09cb8c315a616d3b1ac0b670e0f9de03
1,28.31707317,72,Female,0,1989,005132000c5930a3bbd3daba6c05fff37e486e6225a7b9ffdcd6e11b4df86b6b
1,48.31468545,83,Female,1,1990,005132000c5930a3bbd3daba6c05fff37e486e6225a7b9ffdcd6e11b4df86b6b
1,72.34926912,97,Female,2,1991,005132000c5930a3bbd3daba6c05fff37e486e6225a7b9ffdcd6e11b4df86b6b
0,72.80342065,103,Female,3,1992,005132000c5930a3bbd3daba6c05fff37e486e6225a7b9ffdcd6e11b4df86b6b
0,NA,83,Female,0,1990,60e271194adb8460273a90b0234be2d41b171d45072e85cdc597fa76fb6ab566
0,NA,97,Female,0,1991,29ca38051cdaf18ba997f4e717edfefa7557f0b146fd01bc30ee1ee0d34b9ffb
0,25.94598905,103,Male,0,1992,b38b0c702dfacb0ae25432f96eeb72f3fc64d17a2d151ab7d74c8b10f567e7e7
0,20.35832722,97,Male,0,1993,3173fd074aac9abac9941d28764e7d5ae78995b720510a68aa65eb0601ef6e03
NA,60.45076181,34,Female,3,1979,fca457a052cbc03f587829855f15f26386c20db9ea4aad57cdcfdea3e0114ae3
NA,NA,34,Male,9,1979,f0091491021b057beef362be92df0833b8b6354583a456c4b34bad01568d273b
1,NA,36,Female,0,1982,be1bb86107ea277c588102bf8b72be02574d4967ab74887a287efb3342f535d9
0,NA,38,Female,1,1983,be1bb86107ea277c588102bf8b72be02574d4967ab74887a287efb3342f535d9
1,35.12725854,47,Male,0,1984,d0ee23fe1238d05e126870bd984e66ae8bc5d4b50a95adfb6852523b6edc7b78
1,61.02775594,51,Male,1,1985,d0ee23fe1238d05e126870bd984e66ae8bc5d4b50a95adfb6852523b6edc7b78
1,NA,58,Male,2,1986,d0ee23fe1238d05e126870bd984e66ae8bc5d4b50a95adfb6852523b6edc7b78
0,NA,61,Male,3,1987,d0ee23fe1238d05e126870bd984e66ae8bc5d4b50a95adfb6852523b6edc7b78
1,NA,51,Female,0,1985,8cafe4ff26c683f512c4bd2f4633d3a4181675faee7ebd91cfdb46390aa6c944
0,42.18309769,58,Female,1,1986,8cafe4ff26c683f512c4bd2f4633d3a4181675faee7ebd91cfdb46390aa6c944
0,25.6684153,58,Male,0,1986,57278180426c070f7d9c7ab550895ff1868f8dba3fb7756a2efd7c0e85edb4a0
1,29.07352941,61,Male,0,1987,6f3b4ec31add45fa704bdf3e9c647567dc9cf765ce8817a78798982b4b2652a4
1,47.12908057,65,Male,1,1988,6f3b4ec31add45fa704bdf3e9c647567dc9cf765ce8817a78798982b4b2652a4
1,72.75543261,72,Male,2,1989,6f3b4ec31add45fa704bdf3e9c647567dc9cf765ce8817a78798982b4b2652a4
1,83.66549509,83,Male,3,1990,6f3b4ec31add45fa704bdf3e9c647567dc9cf765ce8817a78798982b4b2652a4
1,97.54778295,97,Male,4,1991,6f3b4ec31add45fa704bdf3e9c647567dc9cf765ce8817a78798982b4b2652a4
1,NA,103,Male,5,1992,6f3b4ec31add45fa704bdf3e9c647567dc9cf765ce8817a78798982b4b2652a4
NA,100.7075491,97,Male,6,1993,6f3b4ec31add45fa704bdf3e9c647567dc9cf765ce8817a78798982b4b2652a4
1,29.43834243,65,Female,0,1988,9bb2e0c7ee928fe0d33d00ad20f296bf67b1b9390059c1470932219a5514136f
1,42.43852652,72,Female,1,1989,9bb2e0c7ee928fe0d33d00ad20f296bf67b1b9390059c1470932219a5514136f
1,50.78236674,83,Female,2,1990,9bb2e0c7ee928fe0d33d00ad20f296bf67b1b9390059c1470932219a5514136f
1,60.38151141,97,Female,3,1991,9bb2e0c7ee928fe0d33d00ad20f296bf67b1b9390059c1470932219a5514136f
1,66.89670936,103,Female,4,1992,9bb2e0c7ee928fe0d33d00ad20f296bf67b1b9390059c1470932219a5514136f
1,NA,97,Female,5,1993,9bb2e0c7ee928fe0d33d00ad20f296bf67b1b9390059c1470932219a5514136f
1,70.57894262,90,Female,6,1994,9bb2e0c7ee928fe0d33d00ad20f296bf67b1b9390059c1470932219a5514136f
1,72.62556306,79,Female,7,1995,9bb2e0c7ee928fe0d33d00ad20f296bf67b1b9390059c1470932219a5514136f
0,74.81282851,73,Female,8,1996,9bb2e0c7ee928fe0d33d00ad20f296bf67b1b9390059c1470932219a5514136f
1,27.07142857,72,Female,0,1989,b68a7e090673b773e90f2e44dbe831fd61dd71642660c836e038d0377a4aa9c4
1,38.28752077,83,Female,1,1990,b68a7e090673b773e90f2e44dbe831fd61dd71642660c836e038d0377a4aa9c4
1,64.788167,97,Female,2,1991,b68a7e090673b773e90f2e44dbe831fd61dd71642660c836e038d0377a4aa9c4
1,63.59258491,103,Female,3,1992,b68a7e090673b773e90f2e44dbe831fd61dd71642660c836e038d0377a4aa9c4
1,66.28612882,97,Female,4,1993,b68a7e090673b773e90f2e44dbe831fd61dd71642660c836e038d0377a4aa9c4
1,69.17270543,90,Female,5,1994,b68a7e090673b773e90f2e44dbe831fd61dd71642660c836e038d0377a4aa9c4
1,70.89279613,79,Female,6,1995,b68a7e090673b773e90f2e44dbe831fd61dd71642660c836e038d0377a4aa9c4
1,69.50040845,73,Female,7,1996,b68a7e090673b773e90f2e44dbe831fd61dd71642660c836e038d0377a4aa9c4
0,71.06642212,75,Female,8,1997,b68a7e090673b773e90f2e44dbe831fd61dd71642660c836e038d0377a4aa9c4
NA,NA,83,Male,0,1990,5103ca81415a8687ba0719e4d66f111091348e3c87ecf1c0b537a1295b9dcc67
0,26.11636543,97,Male,0,1991,bd271fe41d04235c3fbefe564a545c28ee3449f56e57c7383f5a6a45646fc2da
1,21.31490505,103,Female,0,1992,b357bdacdaaee134dffd6baf23df203d24f6eb026567af06c4af082bc38892f8
0,NA,97,Female,1,1993,b357bdacdaaee134dffd6baf23df203d24f6eb026567af06c4af082bc38892f8
0,24.7962784,97,Female,0,1993,347adbc276b70c01f25666046f3b91896707675ba9d1624e87e6b4ad245514e3
1,NA,34,Male,3,1979,d6bc6d77d4be85ed31bb3efb3a8654175569e05f40cbcff1a4c79227495942b2
1,NA,33,Male,4,1980,d6bc6d77d4be85ed31bb3efb3a8654175569e05f40cbcff1a4c79227495942b2
0,NA,31,Male,5,1981,d6bc6d77d4be85ed31bb3efb3a8654175569e05f40cbcff1a4c79227495942b2
1,48.22420441,36,Female,1,1982,1095ecdd1e6da3c96f516ca69e596e9e4163abed016efe599c62606e63f242d8
0,57.98299563,38,Female,2,1983,1095ecdd1e6da3c96f516ca69e596e9e4163abed016efe599c62606e63f242d8
1,23.07104956,47,Female,0,1984,3087bda6cdaa33cd4f88d50e6e8606afaf62acf1546896596641155579f10de2
0,44.03437433,51,Female,1,1985,3087bda6cdaa33cd4f88d50e6e8606afaf62acf1546896596641155579f10de2
1,32.39387836,51,Male,0,1985,b0b38d65258d7da354f83bb2aa1f586998767047c6ed04ef562754f56114d8b5
1,55.07450792,58,Male,1,1986,b0b38d65258d7da354f83bb2aa1f586998767047c6ed04ef562754f56114d8b5
1,NA,61,Male,2,1987,b0b38d65258d7da354f83bb2aa1f586998767047c6ed04ef562754f56114d8b5
NA,NA,83,Male,5,1990,b0b38d65258d7da354f83bb2aa1f586998767047c6ed04ef562754f56114d8b5
0,26.43846995,58,Male,0,1986,510811d34a26943b39735a46d1da4681bfbc759b856260f90f49734180da90e8
1,31.42941898,61,Male,0,1987,7e390639d45f37ea3ca173102975e2d3eee236da5dccc5aa6d224b5e1ecca722
1,57.17706256,65,Male,1,1988,7e390639d45f37ea3ca173102975e2d3eee236da5dccc5aa6d224b5e1ecca722
1,78.94371488,72,Male,2,1989,7e390639d45f37ea3ca173102975e2d3eee236da5dccc5aa6d224b5e1ecca722
1,92.76690212,83,Male,3,1990,7e390639d45f37ea3ca173102975e2d3eee236da5dccc5aa6d224b5e1ecca722
1,103.9227014,97,Male,4,1991,7e390639d45f37ea3ca173102975e2d3eee236da5dccc5aa6d224b5e1ecca722
0,107.2622323,103,Male,5,1992,7e390639d45f37ea3ca173102975e2d3eee236da5dccc5aa6d224b5e1ecca722
1,NA,61,Female,0,1987,c0a8d3566747c55d2c6e94953a7550012217f7cf53850ace619c4d86e277d994
1,43.70755356,65,Female,1,1988,c0a8d3566747c55d2c6e94953a7550012217f7cf53850ace619c4d86e277d994
1,49.22512042,72,Female,2,1989,c0a8d3566747c55d2c6e94953a7550012217f7cf53850ace619c4d86e277d994
1,61.14920411,83,Female,3,1990,c0a8d3566747c55d2c6e94953a7550012217f7cf53850ace619c4d86e277d994
0,NA,97,Female,4,1991,c0a8d3566747c55d2c6e94953a7550012217f7cf53850ace619c4d86e277d994
0,NA,72,Female,0,1989,eacdc2fad032fbf64512ce14d7fc68f61afcb63745afa47389bd26326401cc6b
0,NA,83,Female,0,1990,b8a45982c74e544ccadd158a4f68e602e44a18bff985cf8f385a8a096622c1cc
1,NA,97,Male,0,1991,686ab46038926b7da59962399d493544ac0b33534f245890d3edd41d6e1ee765
1,41.4819896,103,Male,1,1992,686ab46038926b7da59962399d493544ac0b33534f245890d3edd41d6e1ee765
1,54.02844044,97,Male,2,1993,686ab46038926b7da59962399d493544ac0b33534f245890d3edd41d6e1ee765
1,69.52838513,90,Male,3,1994,686ab46038926b7da59962399d493544ac0b33534f245890d3edd41d6e1ee765
1,81.56232347,79,Male,4,1995,686ab46038926b7da59962399d493544ac0b33534f245890d3edd41d6e1ee765
1,93.6971388,73,Male,5,1996,686ab46038926b7da59962399d493544ac0b33534f245890d3edd41d6e1ee765
0,93.38531219,75,Male,6,1997,686ab46038926b7da59962399d493544ac0b33534f245890d3edd41d6e1ee765
NA,18.53406597,103,Male,0,1992,996b8be8c247bf797ba2d2ee36b2129b3dd5dbc2b09fd086e4947f0d689d3903
0,24.48771461,97,Male,0,1993,d76b4603c70a814ec5fd8ebae7cb3d14bde9f1b26de5151a4929f64f6259f6b0
1,22.67862569,36,Male,0,1982,ba9ec38165e43e254bbf5ecf6e9a13cd6a58687447db35fee0c93dce816e14bc
0,NA,38,Male,1,1983,ba9ec38165e43e254bbf5ecf6e9a13cd6a58687447db35fee0c93dce816e14bc
1,32.37600919,47,Female,0,1984,37f74007a15860aab18881c48ed9757ae6d515185d87db68ccfd0a9c4b0975b3
1,50.08329018,51,Female,1,1985,37f74007a15860aab18881c48ed9757ae6d515185d87db68ccfd0a9c4b0975b3
1,61.554244,58,Female,2,1986,37f74007a15860aab18881c48ed9757ae6d515185d87db68ccfd0a9c4b0975b3
1,67.38581443,61,Female,3,1987,37f74007a15860aab18881c48ed9757ae6d515185d87db68ccfd0a9c4b0975b3
1,69.61984052,65,Female,4,1988,37f74007a15860aab18881c48ed9757ae6d515185d87db68ccfd0a9c4b0975b3
1,69.21405539,72,Female,5,1989,37f74007a15860aab18881c48ed9757ae6d515185d87db68ccfd0a9c4b0975b3
1,67.4103668,83,Female,6,1990,37f74007a15860aab18881c48ed9757ae6d515185d87db68ccfd0a9c4b0975b3
0,NA,97,Female,7,1991,37f74007a15860aab18881c48ed9757ae6d515185d87db68ccfd0a9c4b0975b3
1,29.25375851,51,Male,0,1985,0ed7bddfa01c06f41a7f42ec8c44c59abaf53c4aedad750718c424ac3b3937b0
1,40.39464952,58,Male,1,1986,0ed7bddfa01c06f41a7f42ec8c44c59abaf53c4aedad750718c424ac3b3937b0
1,58.78307008,61,Male,2,1987,0ed7bddfa01c06f41a7f42ec8c44c59abaf53c4aedad750718c424ac3b3937b0
0,82.22422222,65,Male,3,1988,0ed7bddfa01c06f41a7f42ec8c44c59abaf53c4aedad750718c424ac3b3937b0
1,28.05263158,58,Female,0,1986,b36b9d3af0768c0eadbda8a90844002c1a28edfb9ca28807f0bd115da84040de
1,41.26749465,61,Female,1,1987,b36b9d3af0768c0eadbda8a90844002c1a28edfb9ca28807f0bd115da84040de
1,51.81442708,65,Female,2,1988,b36b9d3af0768c0eadbda8a90844002c1a28edfb9ca28807f0bd115da84040de
1,54.46546084,72,Female,3,1989,b36b9d3af0768c0eadbda8a90844002c1a28edfb9ca28807f0bd115da84040de
1,60.14969427,83,Female,4,1990,b36b9d3af0768c0eadbda8a90844002c1a28edfb9ca28807f0bd115da84040de
1,NA,97,Female,5,1991,b36b9d3af0768c0eadbda8a90844002c1a28edfb9ca28807f0bd115da84040de
1,64.88860954,103,Female,6,1992,b36b9d3af0768c0eadbda8a90844002c1a28edfb9ca28807f0bd115da84040de
1,62.04404572,97,Female,7,1993,b36b9d3af0768c0eadbda8a90844002c1a28edfb9ca28807f0bd115da84040de
0,67.24501907,90,Female,8,1994,b36b9d3af0768c0eadbda8a90844002c1a28edfb9ca28807f0bd115da84040de
1,30.35294118,61,Female,0,1987,7afb8b6e782a1bc2cc68e65f2e4769745f020ed81a0ef16cfe9a10ec78299bf2
1,40.9877842,65,Female,1,1988,7afb8b6e782a1bc2cc68e65f2e4769745f020ed81a0ef16cfe9a10ec78299bf2
1,50.37984121,72,Female,2,1989,7afb8b6e782a1bc2cc68e65f2e4769745f020ed81a0ef16cfe9a10ec78299bf2
1,64.3075016,83,Female,3,1990,7afb8b6e782a1bc2cc68e65f2e4769745f020ed81a0ef16cfe9a10ec78299bf2
1,69.80110339,97,Female,4,1991,7afb8b6e782a1bc2cc68e65f2e4769745f020ed81a0ef16cfe9a10ec78299bf2
1,70.20814152,103,Female,5,1992,7afb8b6e782a1bc2cc68e65f2e4769745f020ed81a0ef16cfe9a10ec78299bf2
1,71.63747447,97,Female,6,1993,7afb8b6e782a1bc2cc68e65f2e4769745f020ed81a0ef16cfe9a10ec78299bf2
1,77.4238019,90,Female,7,1994,7afb8b6e782a1bc2cc68e65f2e4769745f020ed81a0ef16cfe9a10ec78299bf2
1,78.87901765,79,Female,8,1995,7afb8b6e782a1bc2cc68e65f2e4769745f020ed81a0ef16cfe9a10ec78299bf2
1,81.04628873,73,Female,9,1996,7afb8b6e782a1bc2cc68e65f2e4769745f020ed81a0ef16cfe9a10ec78299bf2
1,80.50172704,75,Female,10,1997,7afb8b6e782a1bc2cc68e65f2e4769745f020ed81a0ef16cfe9a10ec78299bf2
1,77.40421087,54,Female,11,1998,7afb8b6e782a1bc2cc68e65f2e4769745f020ed81a0ef16cfe9a10ec78299bf2
1,75.69020575,45,Female,12,1999,7afb8b6e782a1bc2cc68e65f2e4769745f020ed81a0ef16cfe9a10ec78299bf2
1,76.63586642,37,Female,13,2000,7afb8b6e782a1bc2cc68e65f2e4769745f020ed81a0ef16cfe9a10ec78299bf2
0,77.17976627,32,Female,14,2001,7afb8b6e782a1bc2cc68e65f2e4769745f020ed81a0ef16cfe9a10ec78299bf2
1,NA,65,Female,0,1988,ab74c0c24b76f818529ad25428d4ba3cceb1d658ef9135c55017eba005f5c73d
0,NA,72,Female,1,1989,ab74c0c24b76f818529ad25428d4ba3cceb1d658ef9135c55017eba005f5c73d
1,22.76923077,72,Female,0,1989,4cbd988fa431e2766468fa736c6a8e9e3e0baaaec95285102fe9c20e2d817228
0,NA,83,Female,1,1990,4cbd988fa431e2766468fa736c6a8e9e3e0baaaec95285102fe9c20e2d817228
1,NA,83,Female,0,1990,8fb92886658ad8f5f8ffa7e18143d6aed256d7564bf2ba85faaa1d8ba669ab8c
1,44.702096,97,Female,1,1991,8fb92886658ad8f5f8ffa7e18143d6aed256d7564bf2ba85faaa1d8ba669ab8c
1,63.19799879,103,Female,2,1992,8fb92886658ad8f5f8ffa7e18143d6aed256d7564bf2ba85faaa1d8ba669ab8c
1,64.39173089,97,Female,3,1993,8fb92886658ad8f5f8ffa7e18143d6aed256d7564bf2ba85faaa1d8ba669ab8c
1,69.92014394,90,Female,4,1994,8fb92886658ad8f5f8ffa7e18143d6aed256d7564bf2ba85faaa1d8ba669ab8c
0,71.2040468,79,Female,5,1995,8fb92886658ad8f5f8ffa7e18143d6aed256d7564bf2ba85faaa1d8ba669ab8c
1,NA,97,Male,0,1991,51c23495aefd515bb7dadca324baa4727564ff93f92065ff16e03e85f8d48e2f
1,41.09865121,103,Male,1,1992,51c23495aefd515bb7dadca324baa4727564ff93f92065ff16e03e85f8d48e2f
1,NA,97,Male,2,1993,51c23495aefd515bb7dadca324baa4727564ff93f92065ff16e03e85f8d48e2f
0,NA,90,Male,3,1994,51c23495aefd515bb7dadca324baa4727564ff93f92065ff16e03e85f8d48e2f
0,24.86321156,103,Female,0,1992,68fe5dd3f6b8934d20fa342a21212f1321ef7f8d114ad71224a29c063e741afb
1,24.32309549,97,Male,0,1993,c7ed6d5e6298c209ea34abde5b908e53fedfaecda26026220a67f870d9fab514
1,NA,90,Male,1,1994,c7ed6d5e6298c209ea34abde5b908e53fedfaecda26026220a67f870d9fab514
1,45.99958889,79,Male,2,1995,c7ed6d5e6298c209ea34abde5b908e53fedfaecda26026220a67f870d9fab514
1,73.90080152,73,Male,3,1996,c7ed6d5e6298c209ea34abde5b908e53fedfaecda26026220a67f870d9fab514
1,NA,75,Male,4,1997,c7ed6d5e6298c209ea34abde5b908e53fedfaecda26026220a67f870d9fab514
1,94.80973523,54,Male,5,1998,c7ed6d5e6298c209ea34abde5b908e53fedfaecda26026220a67f870d9fab514
1,104.5307857,45,Male,6,1999,c7ed6d5e6298c209ea34abde5b908e53fedfaecda26026220a67f870d9fab514
1,NA,37,Male,7,2000,c7ed6d5e6298c209ea34abde5b908e53fedfaecda26026220a67f870d9fab514
0,NA,32,Male,8,2001,c7ed6d5e6298c209ea34abde5b908e53fedfaecda26026220a67f870d9fab514
1,55.31632179,34,Female,1,1979,1532f93f2baab46ceb8eb0372725785365bf73fb6760e49d7fbd86669aca1692
1,65.80958285,33,Female,2,1980,1532f93f2baab46ceb8eb0372725785365bf73fb6760e49d7fbd86669aca1692
1,72.46863768,31,Female,3,1981,1532f93f2baab46ceb8eb0372725785365bf73fb6760e49d7fbd86669aca1692
1,73.89717392,36,Female,4,1982,1532f93f2baab46ceb8eb0372725785365bf73fb6760e49d7fbd86669aca1692
1,74.2743404,38,Female,5,1983,1532f93f2baab46ceb8eb0372725785365bf73fb6760e49d7fbd86669aca1692
1,81.73889665,47,Female,6,1984,1532f93f2baab46ceb8eb0372725785365bf73fb6760e49d7fbd86669aca1692
1,67.41404269,51,Female,7,1985,1532f93f2baab46ceb8eb0372725785365bf73fb6760e49d7fbd86669aca1692
1,69.21536265,58,Female,8,1986,1532f93f2baab46ceb8eb0372725785365bf73fb6760e49d7fbd86669aca1692
1,72.08744715,61,Female,9,1987,1532f93f2baab46ceb8eb0372725785365bf73fb6760e49d7fbd86669aca1692
1,69.89178179,65,Female,10,1988,1532f93f2baab46ceb8eb0372725785365bf73fb6760e49d7fbd86669aca1692
1,65.40517317,72,Female,11,1989,1532f93f2baab46ceb8eb0372725785365bf73fb6760e49d7fbd86669aca1692
1,64.32165996,83,Female,12,1990,1532f93f2baab46ceb8eb0372725785365bf73fb6760e49d7fbd86669aca1692
1,66.42677102,97,Female,13,1991,1532f93f2baab46ceb8eb0372725785365bf73fb6760e49d7fbd86669aca1692
1,NA,103,Female,14,1992,1532f93f2baab46ceb8eb0372725785365bf73fb6760e49d7fbd86669aca1692
0,NA,97,Female,15,1993,1532f93f2baab46ceb8eb0372725785365bf73fb6760e49d7fbd86669aca1692
1,26.88348479,36,Female,0,1982,78d276baeb8ee24c64ef5fe1ac8df440884d67663f4a24d760fdf21c8cb9d02d
1,47.13690036,38,Female,1,1983,78d276baeb8ee24c64ef5fe1ac8df440884d67663f4a24d760fdf21c8cb9d02d
1,62.40061171,47,Female,2,1984,78d276baeb8ee24c64ef5fe1ac8df440884d67663f4a24d760fdf21c8cb9d02d
1,64.49980993,51,Female,3,1985,78d276baeb8ee24c64ef5fe1ac8df440884d67663f4a24d760fdf21c8cb9d02d
1,64.43534005,58,Female,4,1986,78d276baeb8ee24c64ef5fe1ac8df440884d67663f4a24d760fdf21c8cb9d02d
1,69.70681812,61,Female,5,1987,78d276baeb8ee24c64ef5fe1ac8df440884d67663f4a24d760fdf21c8cb9d02d
0,72.00113388,65,Female,6,1988,78d276baeb8ee24c64ef5fe1ac8df440884d67663f4a24d760fdf21c8cb9d02d
1,32.82953658,47,Male,0,1984,14918ec2d1c3623731af7c8c4dcf7b001169cccd3f0ca11c9199a9907b22d390
1,61.01720214,51,Male,1,1985,14918ec2d1c3623731af7c8c4dcf7b001169cccd3f0ca11c9199a9907b22d390
1,76.06049089,58,Male,2,1986,14918ec2d1c3623731af7c8c4dcf7b001169cccd3f0ca11c9199a9907b22d390
1,NA,61,Male,3,1987,14918ec2d1c3623731af7c8c4dcf7b001169cccd3f0ca11c9199a9907b22d390
NA,NA,65,Male,4,1988,14918ec2d1c3623731af7c8c4dcf7b001169cccd3f0ca11c9199a9907b22d390
0,32.50343996,51,Female,0,1985,58bee27ba45c8218e6f5b7f38b20324d337dc66e4bcf6da58be31648710ad8a6
1,27.29699248,58,Female,0,1986,62be3a72c8479bdb669891cefe59a51cc0df2f2e3a4fc38c58e6339894435427
1,41.77648233,61,Female,1,1987,62be3a72c8479bdb669891cefe59a51cc0df2f2e3a4fc38c58e6339894435427
1,55.7487979,65,Female,2,1988,62be3a72c8479bdb669891cefe59a51cc0df2f2e3a4fc38c58e6339894435427
1,56.10738244,72,Female,3,1989,62be3a72c8479bdb669891cefe59a51cc0df2f2e3a4fc38c58e6339894435427
1,64.21345587,83,Female,4,1990,62be3a72c8479bdb669891cefe59a51cc0df2f2e3a4fc38c58e6339894435427
1,64.72210349,97,Female,5,1991,62be3a72c8479bdb669891cefe59a51cc0df2f2e3a4fc38c58e6339894435427
1,67.71391247,103,Female,6,1992,62be3a72c8479bdb669891cefe59a51cc0df2f2e3a4fc38c58e6339894435427
1,62.08343313,97,Female,7,1993,62be3a72c8479bdb669891cefe59a51cc0df2f2e3a4fc38c58e6339894435427
1,69.01848827,90,Female,8,1994,62be3a72c8479bdb669891cefe59a51cc0df2f2e3a4fc38c58e6339894435427
1,66.96007398,79,Female,9,1995,62be3a72c8479bdb669891cefe59a51cc0df2f2e3a4fc38c58e6339894435427
1,64.47908781,73,Female,10,1996,62be3a72c8479bdb669891cefe59a51cc0df2f2e3a4fc38c58e6339894435427
1,64.38451299,75,Female,11,1997,62be3a72c8479bdb669891cefe59a51cc0df2f2e3a4fc38c58e6339894435427
1,65.40921183,54,Female,12,1998,62be3a72c8479bdb669891cefe59a51cc0df2f2e3a4fc38c58e6339894435427
1,60.60062175,45,Female,13,1999,62be3a72c8479bdb669891cefe59a51cc0df2f2e3a4fc38c58e6339894435427
0,66.88085277,37,Female,14,2000,62be3a72c8479bdb669891cefe59a51cc0df2f2e3a4fc38c58e6339894435427
1,35.85294118,61,Female,0,1987,b3ff5f90394ae0b39d53310a6fb7bec0adf263eddf187260dce1ca79ea00c1bd
1,48.10760914,65,Female,1,1988,b3ff5f90394ae0b39d53310a6fb7bec0adf263eddf187260dce1ca79ea00c1bd
1,57.92715986,72,Female,2,1989,b3ff5f90394ae0b39d53310a6fb7bec0adf263eddf187260dce1ca79ea00c1bd
1,60.72321825,83,Female,3,1990,b3ff5f90394ae0b39d53310a6fb7bec0adf263eddf187260dce1ca79ea00c1bd
1,68.55881574,97,Female,4,1991,b3ff5f90394ae0b39d53310a6fb7bec0adf263eddf187260dce1ca79ea00c1bd
1,68.87627764,103,Female,5,1992,b3ff5f90394ae0b39d53310a6fb7bec0adf263eddf187260dce1ca79ea00c1bd
1,72.26784182,97,Female,6,1993,b3ff5f90394ae0b39d53310a6fb7bec0adf263eddf187260dce1ca79ea00c1bd
1,76.14201729,90,Female,7,1994,b3ff5f90394ae0b39d53310a6fb7bec0adf263eddf187260dce1ca79ea00c1bd
1,72.82814611,79,Female,8,1995,b3ff5f90394ae0b39d53310a6fb7bec0adf263eddf187260dce1ca79ea00c1bd
1,76.90552857,73,Female,9,1996,b3ff5f90394ae0b39d53310a6fb7bec0adf263eddf187260dce1ca79ea00c1bd
1,74.68471473,75,Female,10,1997,b3ff5f90394ae0b39d53310a6fb7bec0adf263eddf187260dce1ca79ea00c1bd
1,74.66445588,54,Female,11,1998,b3ff5f90394ae0b39d53310a6fb7bec0adf263eddf187260dce1ca79ea00c1bd
NA,NA,45,Female,12,1999,b3ff5f90394ae0b39d53310a6fb7bec0adf263eddf187260dce1ca79ea00c1bd
1,NA,65,Female,0,1988,57257c2b29823842cbe5bed24f49d4c432b451982a85dace4f21c1e9c81f8e5c
1,43.38096174,72,Female,1,1989,57257c2b29823842cbe5bed24f49d4c432b451982a85dace4f21c1e9c81f8e5c
1,55.49581899,83,Female,2,1990,57257c2b29823842cbe5bed24f49d4c432b451982a85dace4f21c1e9c81f8e5c
1,61.27206917,97,Female,3,1991,57257c2b29823842cbe5bed24f49d4c432b451982a85dace4f21c1e9c81f8e5c
1,71.67281934,103,Female,4,1992,57257c2b29823842cbe5bed24f49d4c432b451982a85dace4f21c1e9c81f8e5c
1,65.2908247,97,Female,5,1993,57257c2b29823842cbe5bed24f49d4c432b451982a85dace4f21c1e9c81f8e5c
1,73.80784876,90,Female,6,1994,57257c2b29823842cbe5bed24f49d4c432b451982a85dace4f21c1e9c81f8e5c
1,72.39743686,79,Female,7,1995,57257c2b29823842cbe5bed24f49d4c432b451982a85dace4f21c1e9c81f8e5c
1,75.62911992,73,Female,8,1996,57257c2b29823842cbe5bed24f49d4c432b451982a85dace4f21c1e9c81f8e5c
1,72.16200929,75,Female,9,1997,57257c2b29823842cbe5bed24f49d4c432b451982a85dace4f21c1e9c81f8e5c
1,71.56295061,54,Female,10,1998,57257c2b29823842cbe5bed24f49d4c432b451982a85dace4f21c1e9c81f8e5c
1,70.10713531,45,Female,11,1999,57257c2b29823842cbe5bed24f49d4c432b451982a85dace4f21c1e9c81f8e5c
1,71.97534466,37,Female,12,2000,57257c2b29823842cbe5bed24f49d4c432b451982a85dace4f21c1e9c81f8e5c
0,72.21568751,32,Female,13,2001,57257c2b29823842cbe5bed24f49d4c432b451982a85dace4f21c1e9c81f8e5c
1,34.48148148,72,Male,0,1989,7842d5f9616a791e73ff0398fed2efb247b7a4e2750f2401d8bb7b9f3ef3f694
1,57.71723327,83,Male,1,1990,7842d5f9616a791e73ff0398fed2efb247b7a4e2750f2401d8bb7b9f3ef3f694
1,72.27752901,97,Male,2,1991,7842d5f9616a791e73ff0398fed2efb247b7a4e2750f2401d8bb7b9f3ef3f694
1,NA,103,Male,3,1992,7842d5f9616a791e73ff0398fed2efb247b7a4e2750f2401d8bb7b9f3ef3f694
1,94.8842305,97,Male,4,1993,7842d5f9616a791e73ff0398fed2efb247b7a4e2750f2401d8bb7b9f3ef3f694
1,94.64483824,90,Male,5,1994,7842d5f9616a791e73ff0398fed2efb247b7a4e2750f2401d8bb7b9f3ef3f694
1,105.5104176,79,Male,6,1995,7842d5f9616a791e73ff0398fed2efb247b7a4e2750f2401d8bb7b9f3ef3f694
1,114.2468882,73,Male,7,1996,7842d5f9616a791e73ff0398fed2efb247b7a4e2750f2401d8bb7b9f3ef3f694
1,112.7968321,75,Male,8,1997,7842d5f9616a791e73ff0398fed2efb247b7a4e2750f2401d8bb7b9f3ef3f694
0,NA,54,Male,9,1998,7842d5f9616a791e73ff0398fed2efb247b7a4e2750f2401d8bb7b9f3ef3f694
NA,NA,83,Male,0,1990,cdfa3c12643714ee4f8244b9a746215c54cebc2a0e05c8f4b8a3d45bf1f41ca3
1,23.00031832,97,Male,0,1991,6fb6da847c15faa6dc25989ebd2eeae7361408b145498254e20d707e3ebd7430
0,NA,103,Male,1,1992,6fb6da847c15faa6dc25989ebd2eeae7361408b145498254e20d707e3ebd7430
1,23.15471538,103,Female,0,1992,2cb23ad599e839f8f02c54796f251f0fbdee87bfb3a045ca1a1a3449d2a20372
0,NA,97,Female,1,1993,2cb23ad599e839f8f02c54796f251f0fbdee87bfb3a045ca1a1a3449d2a20372
0,12.66749281,97,Male,0,1993,e7bab263f3f59ece8a1c992e9de774a64adb7d542c21642403f09164baa54707
1,75.50740149,34,Female,8,1979,18f26f041c4405506e3f4021db593f7c4f1e6e816fc9b7983381392488556d98
1,74.0092338,33,Female,9,1980,18f26f041c4405506e3f4021db593f7c4f1e6e816fc9b7983381392488556d98
1,74.39031874,31,Female,10,1981,18f26f041c4405506e3f4021db593f7c4f1e6e816fc9b7983381392488556d98
1,69.78857098,36,Female,11,1982,18f26f041c4405506e3f4021db593f7c4f1e6e816fc9b7983381392488556d98
1,69.15100837,38,Female,12,1983,18f26f041c4405506e3f4021db593f7c4f1e6e816fc9b7983381392488556d98
1,75.87626202,47,Female,13,1984,18f26f041c4405506e3f4021db593f7c4f1e6e816fc9b7983381392488556d98
0,76.26128842,51,Female,14,1985,18f26f041c4405506e3f4021db593f7c4f1e6e816fc9b7983381392488556d98
0,49.4175474,34,Male,1,1979,f586dcdf1f146279a3cca3fe570f47770ecf22ba5862b708db33a3349efeb5b6
0,31.79157948,36,Male,0,1982,106d9fa16877417aaa9e4715e4b646cdb4420ffd3d874936ddc534d5daa08d84
1,34.00343996,51,Female,0,1985,d0fdf14c34e0e75a8873b705fd8e06d45a64890e4c0b5a5c96b80f2b9c574fe3
1,46.61268816,58,Female,1,1986,d0fdf14c34e0e75a8873b705fd8e06d45a64890e4c0b5a5c96b80f2b9c574fe3
1,63.25723859,61,Female,2,1987,d0fdf14c34e0e75a8873b705fd8e06d45a64890e4c0b5a5c96b80f2b9c574fe3
1,63.5892013,65,Female,3,1988,d0fdf14c34e0e75a8873b705fd8e06d45a64890e4c0b5a5c96b80f2b9c574fe3
1,67.36910026,72,Female,4,1989,d0fdf14c34e0e75a8873b705fd8e06d45a64890e4c0b5a5c96b80f2b9c574fe3
1,63.6326723,83,Female,5,1990,d0fdf14c34e0e75a8873b705fd8e06d45a64890e4c0b5a5c96b80f2b9c574fe3
0,66.12672115,97,Female,6,1991,d0fdf14c34e0e75a8873b705fd8e06d45a64890e4c0b5a5c96b80f2b9c574fe3
1,24.36896175,58,Male,0,1986,7871c61737242b74646783d779d23e4276194a5116918f02fb124ea0fefbe90e
1,48.07920288,61,Male,1,1987,7871c61737242b74646783d779d23e4276194a5116918f02fb124ea0fefbe90e
1,61.40050082,65,Male,2,1988,7871c61737242b74646783d779d23e4276194a5116918f02fb124ea0fefbe90e
1,72.63134757,72,Male,3,1989,7871c61737242b74646783d779d23e4276194a5116918f02fb124ea0fefbe90e
1,NA,83,Male,4,1990,7871c61737242b74646783d779d23e4276194a5116918f02fb124ea0fefbe90e
1,91.72784804,97,Male,5,1991,7871c61737242b74646783d779d23e4276194a5116918f02fb124ea0fefbe90e
NA,NA,103,Male,6,1992,7871c61737242b74646783d779d23e4276194a5116918f02fb124ea0fefbe90e
1,36.35294118,61,Female,0,1987,64408f703e352d0a69798b5d634ea4645d793ac512916fe343ea8e71ea28bd0f
1,52.88686924,65,Female,1,1988,64408f703e352d0a69798b5d634ea4645d793ac512916fe343ea8e71ea28bd0f
1,62.50107438,72,Female,2,1989,64408f703e352d0a69798b5d634ea4645d793ac512916fe343ea8e71ea28bd0f
1,63.08775891,83,Female,3,1990,64408f703e352d0a69798b5d634ea4645d793ac512916fe343ea8e71ea28bd0f
1,72.56007997,97,Female,4,1991,64408f703e352d0a69798b5d634ea4645d793ac512916fe343ea8e71ea28bd0f
1,73.51757477,103,Female,5,1992,64408f703e352d0a69798b5d634ea4645d793ac512916fe343ea8e71ea28bd0f
1,71.91569868,97,Female,6,1993,64408f703e352d0a69798b5d634ea4645d793ac512916fe343ea8e71ea28bd0f
1,80.69409282,90,Female,7,1994,64408f703e352d0a69798b5d634ea4645d793ac512916fe343ea8e71ea28bd0f
1,77.66842844,79,Female,8,1995,64408f703e352d0a69798b5d634ea4645d793ac512916fe343ea8e71ea28bd0f
1,81.51063961,73,Female,9,1996,64408f703e352d0a69798b5d634ea4645d793ac512916fe343ea8e71ea28bd0f
0,74.49996462,75,Female,10,1997,64408f703e352d0a69798b5d634ea4645d793ac512916fe343ea8e71ea28bd0f
1,NA,61,Female,0,1987,6c9c201d55109cdb93de6b2636c01ce3c9ac52a54789e371a3cda08c5c13df9c
0,44.0266343,65,Female,1,1988,6c9c201d55109cdb93de6b2636c01ce3c9ac52a54789e371a3cda08c5c13df9c
1,21,72,Female,0,1989,34451e61cfc7c2c69c67eb49cd0152289cf7207e9aacff064738b10b2cd9191f
1,41.8063273,83,Female,1,1990,34451e61cfc7c2c69c67eb49cd0152289cf7207e9aacff064738b10b2cd9191f
1,53.89752024,97,Female,2,1991,34451e61cfc7c2c69c67eb49cd0152289cf7207e9aacff064738b10b2cd9191f
1,60.46062969,103,Female,3,1992,34451e61cfc7c2c69c67eb49cd0152289cf7207e9aacff064738b10b2cd9191f
1,66.52911397,97,Female,4,1993,34451e61cfc7c2c69c67eb49cd0152289cf7207e9aacff064738b10b2cd9191f
1,70.41477316,90,Female,5,1994,34451e61cfc7c2c69c67eb49cd0152289cf7207e9aacff064738b10b2cd9191f
1,66.52457958,79,Female,6,1995,34451e61cfc7c2c69c67eb49cd0152289cf7207e9aacff064738b10b2cd9191f
1,73.13814722,73,Female,7,1996,34451e61cfc7c2c69c67eb49cd0152289cf7207e9aacff064738b10b2cd9191f
0,68.48934055,75,Female,8,1997,34451e61cfc7c2c69c67eb49cd0152289cf7207e9aacff064738b10b2cd9191f
0,29.06690014,83,Female,0,1990,600f2a32758712e1f2693a9a3b4569fb9efd7d32840b48b51ac5c639fb960c9b
0,NA,97,Female,0,1991,7e5d5782a0f1f32474b5f04db17163ba6461518d3632da88542ea29f07a3a60e
0,20.28207306,103,Female,0,1992,8e865047a02446c89e7fbd0cc5e7c8f0652ac467f023133f8f7c8cdec32c312d
0,18.88240814,97,Female,0,1993,6e2e91c40f4588a3c8324bd9c7e0c73d32c364017efc12191171b5c8c4fcf470
1,19.84258807,36,Male,0,1982,0ff534b6ad72141c3d0dfe98a25922642a593c65947fa1eda58190a56d704312
1,43.93119962,38,Male,1,1983,0ff534b6ad72141c3d0dfe98a25922642a593c65947fa1eda58190a56d704312
1,59.35860417,47,Male,2,1984,0ff534b6ad72141c3d0dfe98a25922642a593c65947fa1eda58190a56d704312
1,82.06639874,51,Male,3,1985,0ff534b6ad72141c3d0dfe98a25922642a593c65947fa1eda58190a56d704312
1,NA,58,Male,4,1986,0ff534b6ad72141c3d0dfe98a25922642a593c65947fa1eda58190a56d704312
1,NA,61,Male,5,1987,0ff534b6ad72141c3d0dfe98a25922642a593c65947fa1eda58190a56d704312
1,NA,65,Male,6,1988,0ff534b6ad72141c3d0dfe98a25922642a593c65947fa1eda58190a56d704312
1,NA,72,Male,7,1989,0ff534b6ad72141c3d0dfe98a25922642a593c65947fa1eda58190a56d704312
0,NA,83,Male,8,1990,0ff534b6ad72141c3d0dfe98a25922642a593c65947fa1eda58190a56d704312
1,22.75375851,51,Male,0,1985,41d396f3aa7f2b064902f9afb17c653aa761c757d86cae1888a58b314aa928cb
1,51.12651748,58,Male,1,1986,41d396f3aa7f2b064902f9afb17c653aa761c757d86cae1888a58b314aa928cb
1,72.7264118,61,Male,2,1987,41d396f3aa7f2b064902f9afb17c653aa761c757d86cae1888a58b314aa928cb
1,NA,65,Male,3,1988,41d396f3aa7f2b064902f9afb17c653aa761c757d86cae1888a58b314aa928cb
1,99.90359945,72,Male,4,1989,41d396f3aa7f2b064902f9afb17c653aa761c757d86cae1888a58b314aa928cb
1,NA,83,Male,5,1990,41d396f3aa7f2b064902f9afb17c653aa761c757d86cae1888a58b314aa928cb
1,NA,97,Male,6,1991,41d396f3aa7f2b064902f9afb17c653aa761c757d86cae1888a58b314aa928cb
1,NA,103,Male,7,1992,41d396f3aa7f2b064902f9afb17c653aa761c757d86cae1888a58b314aa928cb
1,NA,97,Male,8,1993,41d396f3aa7f2b064902f9afb17c653aa761c757d86cae1888a58b314aa928cb
1,112.3206931,79,Male,10,1995,41d396f3aa7f2b064902f9afb17c653aa761c757d86cae1888a58b314aa928cb
1,NA,73,Male,11,1996,41d396f3aa7f2b064902f9afb17c653aa761c757d86cae1888a58b314aa928cb
1,NA,75,Male,12,1997,41d396f3aa7f2b064902f9afb17c653aa761c757d86cae1888a58b314aa928cb
1,113.2692123,54,Male,13,1998,41d396f3aa7f2b064902f9afb17c653aa761c757d86cae1888a58b314aa928cb
0,NA,45,Male,14,1999,41d396f3aa7f2b064902f9afb17c653aa761c757d86cae1888a58b314aa928cb
0,31.28571429,58,Female,0,1986,027c8cf07ea9088c0324acb4861449c991b093cc07eecf205bb03e15048cdd7d
1,32.03506546,61,Male,0,1987,48ad0f3efa33ec725d156bee79b534585a6bc1169393673b5dcd1957cdf4b71c
1,47.97610125,65,Male,1,1988,48ad0f3efa33ec725d156bee79b534585a6bc1169393673b5dcd1957cdf4b71c
1,61.73011076,72,Male,2,1989,48ad0f3efa33ec725d156bee79b534585a6bc1169393673b5dcd1957cdf4b71c
1,NA,83,Male,3,1990,48ad0f3efa33ec725d156bee79b534585a6bc1169393673b5dcd1957cdf4b71c
0,NA,97,Male,4,1991,48ad0f3efa33ec725d156bee79b534585a6bc1169393673b5dcd1957cdf4b71c
1,30.27913635,65,Female,0,1988,bbc9375f7a312f031427577ff2683242cf00f417b97512aa89b0d8016cdbce93
1,49.96841651,72,Female,1,1989,bbc9375f7a312f031427577ff2683242cf00f417b97512aa89b0d8016cdbce93
1,57.1722886,83,Female,2,1990,bbc9375f7a312f031427577ff2683242cf00f417b97512aa89b0d8016cdbce93
1,64.44429199,97,Female,3,1991,bbc9375f7a312f031427577ff2683242cf00f417b97512aa89b0d8016cdbce93
1,69.36397495,103,Female,4,1992,bbc9375f7a312f031427577ff2683242cf00f417b97512aa89b0d8016cdbce93
1,66.5731429,97,Female,5,1993,bbc9375f7a312f031427577ff2683242cf00f417b97512aa89b0d8016cdbce93
1,71.65827452,90,Female,6,1994,bbc9375f7a312f031427577ff2683242cf00f417b97512aa89b0d8016cdbce93
1,68.4754901,79,Female,7,1995,bbc9375f7a312f031427577ff2683242cf00f417b97512aa89b0d8016cdbce93
1,72.94333315,73,Female,8,1996,bbc9375f7a312f031427577ff2683242cf00f417b97512aa89b0d8016cdbce93
1,68.72133488,75,Female,9,1997,bbc9375f7a312f031427577ff2683242cf00f417b97512aa89b0d8016cdbce93
1,70.75789375,54,Female,10,1998,bbc9375f7a312f031427577ff2683242cf00f417b97512aa89b0d8016cdbce93
1,67.93633175,45,Female,11,1999,bbc9375f7a312f031427577ff2683242cf00f417b97512aa89b0d8016cdbce93
1,71.81757963,37,Female,12,2000,bbc9375f7a312f031427577ff2683242cf00f417b97512aa89b0d8016cdbce93
1,70.64924218,32,Female,13,2001,bbc9375f7a312f031427577ff2683242cf00f417b97512aa89b0d8016cdbce93
0,67.32611148,21,Female,14,2002,bbc9375f7a312f031427577ff2683242cf00f417b97512aa89b0d8016cdbce93
1,27.5,72,Female,0,1989,3fd6516889d9df88830cd0e09a2fcfb4dd300aad60457c4511ddd2ad0329c030
1,37.7432974,83,Female,1,1990,3fd6516889d9df88830cd0e09a2fcfb4dd300aad60457c4511ddd2ad0329c030
1,53.22597636,97,Female,2,1991,3fd6516889d9df88830cd0e09a2fcfb4dd300aad60457c4511ddd2ad0329c030
1,65.19086955,103,Female,3,1992,3fd6516889d9df88830cd0e09a2fcfb4dd300aad60457c4511ddd2ad0329c030
1,64.17152533,97,Female,4,1993,3fd6516889d9df88830cd0e09a2fcfb4dd300aad60457c4511ddd2ad0329c030
1,70.60713642,90,Female,5,1994,3fd6516889d9df88830cd0e09a2fcfb4dd300aad60457c4511ddd2ad0329c030
1,70.84356288,79,Female,6,1995,3fd6516889d9df88830cd0e09a2fcfb4dd300aad60457c4511ddd2ad0329c030
1,71.74720685,73,Female,7,1996,3fd6516889d9df88830cd0e09a2fcfb4dd300aad60457c4511ddd2ad0329c030
1,75.11934638,75,Female,8,1997,3fd6516889d9df88830cd0e09a2fcfb4dd300aad60457c4511ddd2ad0329c030
1,71.04633722,54,Female,9,1998,3fd6516889d9df88830cd0e09a2fcfb4dd300aad60457c4511ddd2ad0329c030
1,74.70596787,45,Female,10,1999,3fd6516889d9df88830cd0e09a2fcfb4dd300aad60457c4511ddd2ad0329c030
0,74.95261445,37,Female,11,2000,3fd6516889d9df88830cd0e09a2fcfb4dd300aad60457c4511ddd2ad0329c030
0,17.89322917,83,Female,0,1990,9c173075a8455e35d72eae6edb2970e803efcce48d3821d10c6c0fdbcea96900
1,23.26915805,97,Female,0,1991,f53cdb5c8df22e5ae42ee771b3f6673f9dd556e3c1db92d485c366b8eb12e765
1,44.14237687,103,Female,1,1992,f53cdb5c8df22e5ae42ee771b3f6673f9dd556e3c1db92d485c366b8eb12e765
1,56.48204752,97,Female,2,1993,f53cdb5c8df22e5ae42ee771b3f6673f9dd556e3c1db92d485c366b8eb12e765
1,65.97120117,90,Female,3,1994,f53cdb5c8df22e5ae42ee771b3f6673f9dd556e3c1db92d485c366b8eb12e765
1,73.86635851,79,Female,4,1995,f53cdb5c8df22e5ae42ee771b3f6673f9dd556e3c1db92d485c366b8eb12e765
1,75.60283499,73,Female,5,1996,f53cdb5c8df22e5ae42ee771b3f6673f9dd556e3c1db92d485c366b8eb12e765
1,70.9395102,75,Female,6,1997,f53cdb5c8df22e5ae42ee771b3f6673f9dd556e3c1db92d485c366b8eb12e765
1,74.51378922,54,Female,7,1998,f53cdb5c8df22e5ae42ee771b3f6673f9dd556e3c1db92d485c366b8eb12e765
1,74.43051225,45,Female,8,1999,f53cdb5c8df22e5ae42ee771b3f6673f9dd556e3c1db92d485c366b8eb12e765
1,73.14260531,37,Female,9,2000,f53cdb5c8df22e5ae42ee771b3f6673f9dd556e3c1db92d485c366b8eb12e765
0,69.94025917,32,Female,10,2001,f53cdb5c8df22e5ae42ee771b3f6673f9dd556e3c1db92d485c366b8eb12e765
0,18.17451144,103,Female,0,1992,76302572ccd0683852808bcce30162c7c86cc65b6c87bcd58af8ca25e448c150
0,21.96749281,97,Male,0,1993,b115c8dfa352b2eb516f55ece19a2bbf1941b190dfd0cc89d7a78c51a21ebab9
0,NA,34,Male,6,1979,25d7e6fbefb05da60654f67cd1e58cfbab3580322d69f701594c65d3305825fe
1,27.65276705,36,Male,0,1982,1bacf103adb23906059c1ddcb00bcd88a38fadb2f3d1f278f1b821a30b939dd3
1,48.28054332,38,Male,1,1983,1bacf103adb23906059c1ddcb00bcd88a38fadb2f3d1f278f1b821a30b939dd3
1,NA,47,Male,2,1984,1bacf103adb23906059c1ddcb00bcd88a38fadb2f3d1f278f1b821a30b939dd3
1,90.26195382,51,Male,3,1985,1bacf103adb23906059c1ddcb00bcd88a38fadb2f3d1f278f1b821a30b939dd3
0,NA,58,Male,4,1986,1bacf103adb23906059c1ddcb00bcd88a38fadb2f3d1f278f1b821a30b939dd3
1,31.68160736,51,Male,0,1985,6bae654231f55f979b29cb5065ace891c54a1df002de7a7e3520a8842b087578
1,55.82061448,58,Male,1,1986,6bae654231f55f979b29cb5065ace891c54a1df002de7a7e3520a8842b087578
1,71.79268531,61,Male,2,1987,6bae654231f55f979b29cb5065ace891c54a1df002de7a7e3520a8842b087578
1,90.52747229,65,Male,3,1988,6bae654231f55f979b29cb5065ace891c54a1df002de7a7e3520a8842b087578
1,98.75468404,72,Male,4,1989,6bae654231f55f979b29cb5065ace891c54a1df002de7a7e3520a8842b087578
1,NA,83,Male,5,1990,6bae654231f55f979b29cb5065ace891c54a1df002de7a7e3520a8842b087578
1,NA,97,Male,6,1991,6bae654231f55f979b29cb5065ace891c54a1df002de7a7e3520a8842b087578
1,NA,103,Male,7,1992,6bae654231f55f979b29cb5065ace891c54a1df002de7a7e3520a8842b087578
0,107.2826542,97,Male,8,1993,6bae654231f55f979b29cb5065ace891c54a1df002de7a7e3520a8842b087578
1,31.67156863,61,Female,0,1987,92098aedde9d7ec423e23da5cdf3a530a32992f4be723d013e94ce923265187f
1,39.8688921,65,Female,1,1988,92098aedde9d7ec423e23da5cdf3a530a32992f4be723d013e94ce923265187f
1,47.23524429,72,Female,2,1989,92098aedde9d7ec423e23da5cdf3a530a32992f4be723d013e94ce923265187f
1,54.29967338,83,Female,3,1990,92098aedde9d7ec423e23da5cdf3a530a32992f4be723d013e94ce923265187f
1,57.76984813,97,Female,4,1991,92098aedde9d7ec423e23da5cdf3a530a32992f4be723d013e94ce923265187f
1,63.31828128,103,Female,5,1992,92098aedde9d7ec423e23da5cdf3a530a32992f4be723d013e94ce923265187f
1,61.56833529,97,Female,6,1993,92098aedde9d7ec423e23da5cdf3a530a32992f4be723d013e94ce923265187f
1,67.73722665,90,Female,7,1994,92098aedde9d7ec423e23da5cdf3a530a32992f4be723d013e94ce923265187f
1,63.08136813,79,Female,8,1995,92098aedde9d7ec423e23da5cdf3a530a32992f4be723d013e94ce923265187f
1,68.46957341,73,Female,9,1996,92098aedde9d7ec423e23da5cdf3a530a32992f4be723d013e94ce923265187f
1,67.52249032,75,Female,10,1997,92098aedde9d7ec423e23da5cdf3a530a32992f4be723d013e94ce923265187f
1,64.46434255,54,Female,11,1998,92098aedde9d7ec423e23da5cdf3a530a32992f4be723d013e94ce923265187f
1,60.31073649,45,Female,12,1999,92098aedde9d7ec423e23da5cdf3a530a32992f4be723d013e94ce923265187f
1,65.65857235,37,Female,13,2000,92098aedde9d7ec423e23da5cdf3a530a32992f4be723d013e94ce923265187f
0,62.37301973,32,Female,14,2001,92098aedde9d7ec423e23da5cdf3a530a32992f4be723d013e94ce923265187f
1,NA,65,Male,0,1988,7b9c0e7ab871c4ae6a6cafbb3cb1230ea006c82df87f4776e05960910f8edcda
1,57.51252092,72,Male,1,1989,7b9c0e7ab871c4ae6a6cafbb3cb1230ea006c82df87f4776e05960910f8edcda
1,75.37020299,83,Male,2,1990,7b9c0e7ab871c4ae6a6cafbb3cb1230ea006c82df87f4776e05960910f8edcda
0,90.17366717,97,Male,3,1991,7b9c0e7ab871c4ae6a6cafbb3cb1230ea006c82df87f4776e05960910f8edcda
1,23.75,72,Female,0,1989,e100dba8be44b3aa5e15095fb759b321371807383d5bfa96407048974f33709d
1,42.80336226,83,Female,1,1990,e100dba8be44b3aa5e15095fb759b321371807383d5bfa96407048974f33709d
1,63.14956412,97,Female,2,1991,e100dba8be44b3aa5e15095fb759b321371807383d5bfa96407048974f33709d
1,65.77962407,103,Female,3,1992,e100dba8be44b3aa5e15095fb759b321371807383d5bfa96407048974f33709d
1,63.99085602,97,Female,4,1993,e100dba8be44b3aa5e15095fb759b321371807383d5bfa96407048974f33709d
1,75.20560406,90,Female,5,1994,e100dba8be44b3aa5e15095fb759b321371807383d5bfa96407048974f33709d
1,75.72381543,79,Female,6,1995,e100dba8be44b3aa5e15095fb759b321371807383d5bfa96407048974f33709d
1,75.83982506,73,Female,7,1996,e100dba8be44b3aa5e15095fb759b321371807383d5bfa96407048974f33709d
0,72.76821861,75,Female,8,1997,e100dba8be44b3aa5e15095fb759b321371807383d5bfa96407048974f33709d
1,21.63936782,83,Female,0,1990,8531f596c9680a8cee21f00a9854f6db6fb3da710f48304e154e4f62f78d05e2
1,36.50033644,97,Female,1,1991,8531f596c9680a8cee21f00a9854f6db6fb3da710f48304e154e4f62f78d05e2
1,52.50788845,103,Female,2,1992,8531f596c9680a8cee21f00a9854f6db6fb3da710f48304e154e4f62f78d05e2
1,58.71405371,97,Female,3,1993,8531f596c9680a8cee21f00a9854f6db6fb3da710f48304e154e4f62f78d05e2
1,NA,90,Female,4,1994,8531f596c9680a8cee21f00a9854f6db6fb3da710f48304e154e4f62f78d05e2
1,60.92995943,79,Female,5,1995,8531f596c9680a8cee21f00a9854f6db6fb3da710f48304e154e4f62f78d05e2
1,60.79500907,73,Female,6,1996,8531f596c9680a8cee21f00a9854f6db6fb3da710f48304e154e4f62f78d05e2
1,NA,75,Female,7,1997,8531f596c9680a8cee21f00a9854f6db6fb3da710f48304e154e4f62f78d05e2
1,63.74482186,54,Female,8,1998,8531f596c9680a8cee21f00a9854f6db6fb3da710f48304e154e4f62f78d05e2
0,67.24312018,45,Female,9,1999,8531f596c9680a8cee21f00a9854f6db6fb3da710f48304e154e4f62f78d05e2
0,30.80976022,97,Male,0,1991,70f45a5b6fa913c01edfc8ddf6ca9c10a77f6fd4df081903b0986b9880ca7d72
0,23.82212225,97,Male,0,1993,102946a97980dba0b13d8ca389de839f8da75bdbc2e32ed877607f019eff4106
1,91.3477254,34,Male,3,1979,242e472c060d93dfecb187822830a0eda6c2f92b08e41c0eea5459827f7c34a8
1,NA,33,Male,4,1980,242e472c060d93dfecb187822830a0eda6c2f92b08e41c0eea5459827f7c34a8
0,NA,31,Male,5,1981,242e472c060d93dfecb187822830a0eda6c2f92b08e41c0eea5459827f7c34a8
1,65.84048992,34,Female,2,1979,29efe1500312ee2e5e65114cd4c9d3049e86292f035b36e1045152b9a393852c
NA,67.88992647,33,Female,3,1980,29efe1500312ee2e5e65114cd4c9d3049e86292f035b36e1045152b9a393852c
1,33.25696204,34,Male,0,1979,ed483dc85ee7d28b879a31c0a5954c1300f556c8e8ed74b948f6483afd9e4060
1,58.6574327,33,Male,1,1980,ed483dc85ee7d28b879a31c0a5954c1300f556c8e8ed74b948f6483afd9e4060
1,72.64466607,31,Male,2,1981,ed483dc85ee7d28b879a31c0a5954c1300f556c8e8ed74b948f6483afd9e4060
1,NA,36,Male,3,1982,ed483dc85ee7d28b879a31c0a5954c1300f556c8e8ed74b948f6483afd9e4060
0,NA,38,Male,4,1983,ed483dc85ee7d28b879a31c0a5954c1300f556c8e8ed74b948f6483afd9e4060
1,18.71714339,33,Female,0,1980,b1bd7eac624b0cc432c59d6f147667a811d7c0b51050a56badcbe05d3e6cae16
1,NA,31,Female,1,1981,b1bd7eac624b0cc432c59d6f147667a811d7c0b51050a56badcbe05d3e6cae16
1,50.44106981,36,Female,2,1982,b1bd7eac624b0cc432c59d6f147667a811d7c0b51050a56badcbe05d3e6cae16
1,55.9928152,38,Female,3,1983,b1bd7eac624b0cc432c59d6f147667a811d7c0b51050a56badcbe05d3e6cae16
1,63.6523212,47,Female,4,1984,b1bd7eac624b0cc432c59d6f147667a811d7c0b51050a56badcbe05d3e6cae16
1,61.67768897,51,Female,5,1985,b1bd7eac624b0cc432c59d6f147667a811d7c0b51050a56badcbe05d3e6cae16
0,62.1781199,58,Female,6,1986,b1bd7eac624b0cc432c59d6f147667a811d7c0b51050a56badcbe05d3e6cae16
1,57.84438418,31,Male,1,1981,710a07506a1d869d3d9515cdd54fc6aac3b33ec81f6fcf0a29733831e6d7d862
1,76.68014882,36,Male,2,1982,710a07506a1d869d3d9515cdd54fc6aac3b33ec81f6fcf0a29733831e6d7d862
1,NA,38,Male,3,1983,710a07506a1d869d3d9515cdd54fc6aac3b33ec81f6fcf0a29733831e6d7d862
1,NA,47,Male,4,1984,710a07506a1d869d3d9515cdd54fc6aac3b33ec81f6fcf0a29733831e6d7d862
0,NA,51,Male,5,1985,710a07506a1d869d3d9515cdd54fc6aac3b33ec81f6fcf0a29733831e6d7d862
1,24.81538031,36,Female,0,1982,4da3f93c6d2ec7a890c35a2225de88f38c85a28de1378a0266568a20cb608167
0,NA,38,Female,1,1983,4da3f93c6d2ec7a890c35a2225de88f38c85a28de1378a0266568a20cb608167
1,26.42072855,38,Female,0,1983,a7597f379e1dbaed037ab309f090fd232f413ad12878c8f0c66052a7778a9c18
1,49.68542356,47,Female,1,1984,a7597f379e1dbaed037ab309f090fd232f413ad12878c8f0c66052a7778a9c18
1,66.17688972,51,Female,2,1985,a7597f379e1dbaed037ab309f090fd232f413ad12878c8f0c66052a7778a9c18
1,71.27277485,58,Female,3,1986,a7597f379e1dbaed037ab309f090fd232f413ad12878c8f0c66052a7778a9c18
1,74.44962904,61,Female,4,1987,a7597f379e1dbaed037ab309f090fd232f413ad12878c8f0c66052a7778a9c18
1,71.71693382,65,Female,5,1988,a7597f379e1dbaed037ab309f090fd232f413ad12878c8f0c66052a7778a9c18
1,73.31762271,72,Female,6,1989,a7597f379e1dbaed037ab309f090fd232f413ad12878c8f0c66052a7778a9c18
1,69.56613691,83,Female,7,1990,a7597f379e1dbaed037ab309f090fd232f413ad12878c8f0c66052a7778a9c18
1,74.83648838,97,Female,8,1991,a7597f379e1dbaed037ab309f090fd232f413ad12878c8f0c66052a7778a9c18
1,73.45637068,103,Female,9,1992,a7597f379e1dbaed037ab309f090fd232f413ad12878c8f0c66052a7778a9c18
0,73.43196725,97,Female,10,1993,a7597f379e1dbaed037ab309f090fd232f413ad12878c8f0c66052a7778a9c18
1,NA,38,Female,0,1983,ca297884a70df2264409075caf678904cf0d0b0fc598bacd6a4b25ea878646fe
1,52.73763057,47,Female,1,1984,ca297884a70df2264409075caf678904cf0d0b0fc598bacd6a4b25ea878646fe
1,63.34868677,51,Female,2,1985,ca297884a70df2264409075caf678904cf0d0b0fc598bacd6a4b25ea878646fe
1,67.73028892,58,Female,3,1986,ca297884a70df2264409075caf678904cf0d0b0fc598bacd6a4b25ea878646fe
1,74.80298085,61,Female,4,1987,ca297884a70df2264409075caf678904cf0d0b0fc598bacd6a4b25ea878646fe
1,71.86861656,65,Female,5,1988,ca297884a70df2264409075caf678904cf0d0b0fc598bacd6a4b25ea878646fe
1,68.11185651,72,Female,6,1989,ca297884a70df2264409075caf678904cf0d0b0fc598bacd6a4b25ea878646fe
0,65.05445983,83,Female,7,1990,ca297884a70df2264409075caf678904cf0d0b0fc598bacd6a4b25ea878646fe
1,50.66668181,51,Female,1,1985,205ba902e4b0f0dddcb2d1c014853cf9a4ae85887e44ab0bfb8d767e09e3d2c5
1,61.89477533,58,Female,2,1986,205ba902e4b0f0dddcb2d1c014853cf9a4ae85887e44ab0bfb8d767e09e3d2c5
1,64.48155256,61,Female,3,1987,205ba902e4b0f0dddcb2d1c014853cf9a4ae85887e44ab0bfb8d767e09e3d2c5
1,68.16714345,65,Female,4,1988,205ba902e4b0f0dddcb2d1c014853cf9a4ae85887e44ab0bfb8d767e09e3d2c5
1,64.31483536,72,Female,5,1989,205ba902e4b0f0dddcb2d1c014853cf9a4ae85887e44ab0bfb8d767e09e3d2c5
1,68.17747556,83,Female,6,1990,205ba902e4b0f0dddcb2d1c014853cf9a4ae85887e44ab0bfb8d767e09e3d2c5
1,70.54043525,97,Female,7,1991,205ba902e4b0f0dddcb2d1c014853cf9a4ae85887e44ab0bfb8d767e09e3d2c5
1,71.32855269,103,Female,8,1992,205ba902e4b0f0dddcb2d1c014853cf9a4ae85887e44ab0bfb8d767e09e3d2c5
1,72.56410758,97,Female,9,1993,205ba902e4b0f0dddcb2d1c014853cf9a4ae85887e44ab0bfb8d767e09e3d2c5
1,72.38575554,90,Female,10,1994,205ba902e4b0f0dddcb2d1c014853cf9a4ae85887e44ab0bfb8d767e09e3d2c5
1,71.3493399,79,Female,11,1995,205ba902e4b0f0dddcb2d1c014853cf9a4ae85887e44ab0bfb8d767e09e3d2c5
1,72.11380988,73,Female,12,1996,205ba902e4b0f0dddcb2d1c014853cf9a4ae85887e44ab0bfb8d767e09e3d2c5
1,72.26089196,75,Female,13,1997,205ba902e4b0f0dddcb2d1c014853cf9a4ae85887e44ab0bfb8d767e09e3d2c5
NA,67.36555238,54,Female,14,1998,205ba902e4b0f0dddcb2d1c014853cf9a4ae85887e44ab0bfb8d767e09e3d2c5
1,NA,58,Female,1,1986,c84c17c197060b18cc4cdc98435e37247b15743cea08b7c83a6e32f8472db7be
1,69.95351223,61,Female,2,1987,c84c17c197060b18cc4cdc98435e37247b15743cea08b7c83a6e32f8472db7be
1,64.79515284,65,Female,3,1988,c84c17c197060b18cc4cdc98435e37247b15743cea08b7c83a6e32f8472db7be
0,68.02971513,72,Female,4,1989,c84c17c197060b18cc4cdc98435e37247b15743cea08b7c83a6e32f8472db7be
1,53.07380874,61,Female,1,1987,24388db4da5e774cadac9afded1af388b4030846637912f70633742d1673a391
1,53.93998038,65,Female,2,1988,24388db4da5e774cadac9afded1af388b4030846637912f70633742d1673a391
1,59.29311621,72,Female,3,1989,24388db4da5e774cadac9afded1af388b4030846637912f70633742d1673a391
1,64.88080548,83,Female,4,1990,24388db4da5e774cadac9afded1af388b4030846637912f70633742d1673a391
1,67.99951498,97,Female,5,1991,24388db4da5e774cadac9afded1af388b4030846637912f70633742d1673a391
1,69.3036775,103,Female,6,1992,24388db4da5e774cadac9afded1af388b4030846637912f70633742d1673a391
1,68.24704655,97,Female,7,1993,24388db4da5e774cadac9afded1af388b4030846637912f70633742d1673a391
1,NA,90,Female,8,1994,24388db4da5e774cadac9afded1af388b4030846637912f70633742d1673a391
1,68.37885568,79,Female,9,1995,24388db4da5e774cadac9afded1af388b4030846637912f70633742d1673a391
1,71.89501751,73,Female,10,1996,24388db4da5e774cadac9afded1af388b4030846637912f70633742d1673a391
0,69.40867166,75,Female,11,1997,24388db4da5e774cadac9afded1af388b4030846637912f70633742d1673a391
0,23.55128364,65,Male,0,1988,586534cbb49005d3924ce0f5a8574efeb7941f05ffb1027b14c387e73dcb6b30
1,33.20588235,72,Female,0,1989,d9f2e02915744d0085793785eab67054922621036b2b687802233f4bcf740e06
1,49.46984463,83,Female,1,1990,d9f2e02915744d0085793785eab67054922621036b2b687802233f4bcf740e06
1,63.51653086,97,Female,2,1991,d9f2e02915744d0085793785eab67054922621036b2b687802233f4bcf740e06
1,70.4505358,103,Female,3,1992,d9f2e02915744d0085793785eab67054922621036b2b687802233f4bcf740e06
1,65.16548543,97,Female,4,1993,d9f2e02915744d0085793785eab67054922621036b2b687802233f4bcf740e06
1,75.72295839,90,Female,5,1994,d9f2e02915744d0085793785eab67054922621036b2b687802233f4bcf740e06
0,NA,79,Female,6,1995,d9f2e02915744d0085793785eab67054922621036b2b687802233f4bcf740e06
1,NA,72,Male,0,1989,c9ce451e2fc5170591d16ed845619f5e667c8719eafc7b657a9d4aba134e982e
1,48.27532219,83,Male,1,1990,c9ce451e2fc5170591d16ed845619f5e667c8719eafc7b657a9d4aba134e982e
1,NA,97,Male,2,1991,c9ce451e2fc5170591d16ed845619f5e667c8719eafc7b657a9d4aba134e982e
1,NA,103,Male,3,1992,c9ce451e2fc5170591d16ed845619f5e667c8719eafc7b657a9d4aba134e982e
1,88.28670196,97,Male,4,1993,c9ce451e2fc5170591d16ed845619f5e667c8719eafc7b657a9d4aba134e982e
1,99.48081285,90,Male,5,1994,c9ce451e2fc5170591d16ed845619f5e667c8719eafc7b657a9d4aba134e982e
1,109.4655398,79,Male,6,1995,c9ce451e2fc5170591d16ed845619f5e667c8719eafc7b657a9d4aba134e982e
1,114.5387603,73,Male,7,1996,c9ce451e2fc5170591d16ed845619f5e667c8719eafc7b657a9d4aba134e982e
1,NA,75,Male,8,1997,c9ce451e2fc5170591d16ed845619f5e667c8719eafc7b657a9d4aba134e982e
0,NA,54,Male,9,1998,c9ce451e2fc5170591d16ed845619f5e667c8719eafc7b657a9d4aba134e982e
1,37.03425124,97,Male,0,1991,4676a110a97fbc1508b895dc6eef36cdef1c461e2402a8a726f4a01ff91519cf
1,53.77941774,103,Male,1,1992,4676a110a97fbc1508b895dc6eef36cdef1c461e2402a8a726f4a01ff91519cf
1,64.19309726,97,Male,2,1993,4676a110a97fbc1508b895dc6eef36cdef1c461e2402a8a726f4a01ff91519cf
1,78.07412089,90,Male,3,1994,4676a110a97fbc1508b895dc6eef36cdef1c461e2402a8a726f4a01ff91519cf
1,86.28586834,79,Male,4,1995,4676a110a97fbc1508b895dc6eef36cdef1c461e2402a8a726f4a01ff91519cf
1,NA,73,Male,5,1996,4676a110a97fbc1508b895dc6eef36cdef1c461e2402a8a726f4a01ff91519cf
0,NA,75,Male,6,1997,4676a110a97fbc1508b895dc6eef36cdef1c461e2402a8a726f4a01ff91519cf
1,NA,103,Female,1,1992,2be17757cf9b33a656ad570cc6a7f0eacd2d25a70fa81fdba4f1057350f08401
1,50.48018154,97,Female,2,1993,2be17757cf9b33a656ad570cc6a7f0eacd2d25a70fa81fdba4f1057350f08401
1,62.94125469,90,Female,3,1994,2be17757cf9b33a656ad570cc6a7f0eacd2d25a70fa81fdba4f1057350f08401
1,67.66198002,79,Female,4,1995,2be17757cf9b33a656ad570cc6a7f0eacd2d25a70fa81fdba4f1057350f08401
1,73.45339249,73,Female,5,1996,2be17757cf9b33a656ad570cc6a7f0eacd2d25a70fa81fdba4f1057350f08401
0,NA,75,Female,6,1997,2be17757cf9b33a656ad570cc6a7f0eacd2d25a70fa81fdba4f1057350f08401
NA,21.86826741,103,Female,0,1992,f1d106f917e3dbf468ff5eae3d43d12d0bf38a8909affd56399e04211f928402
0,24.35135777,97,Female,0,1993,58ac8b3b9b4d50badd49e74643fb877c618985c30e451f4f604148e2aa777b5c
0,NA,90,Male,0,1994,95038ae237eb88f8ca39f3147a66a6868b4b54fdffd10d0f9ff3fd70952b7498
1,30.01414554,36,Male,0,1982,5e999c453ba25cd7863b0e00fbe148c6824d31c621db3dfd0921a7ac8c1090d1
0,NA,38,Male,1,1983,5e999c453ba25cd7863b0e00fbe148c6824d31c621db3dfd0921a7ac8c1090d1
1,34.68160736,51,Male,0,1985,3f6774377e2a7acdd42fd9c066951676e5f4b16aa334b74b645b6141b0e83d16
1,62.7759863,58,Male,1,1986,3f6774377e2a7acdd42fd9c066951676e5f4b16aa334b74b645b6141b0e83d16
0,NA,61,Male,2,1987,3f6774377e2a7acdd42fd9c066951676e5f4b16aa334b74b645b6141b0e83d16
1,29.47176759,61,Male,0,1987,5024600192534f1b290020c34ad5de7c233d65bdfa793c13422ba40365bdc456
1,46.4794455,65,Male,1,1988,5024600192534f1b290020c34ad5de7c233d65bdfa793c13422ba40365bdc456
1,67.09855729,72,Male,2,1989,5024600192534f1b290020c34ad5de7c233d65bdfa793c13422ba40365bdc456
1,84.27207525,83,Male,3,1990,5024600192534f1b290020c34ad5de7c233d65bdfa793c13422ba40365bdc456
0,102.8553777,97,Male,4,1991,5024600192534f1b290020c34ad5de7c233d65bdfa793c13422ba40365bdc456
1,21.51101068,65,Female,0,1988,815361887c44160a47e8877c147bc7ad82733b18c5693351f65b291fce513bde
1,42.40573876,72,Female,1,1989,815361887c44160a47e8877c147bc7ad82733b18c5693351f65b291fce513bde
1,54.56592537,83,Female,2,1990,815361887c44160a47e8877c147bc7ad82733b18c5693351f65b291fce513bde
0,59.81275463,97,Female,3,1991,815361887c44160a47e8877c147bc7ad82733b18c5693351f65b291fce513bde
1,33.81034483,72,Male,0,1989,dc30f64895be014f55394ed14c74a12a13493168a9874f08e016b60343861ac5
1,50.36127946,83,Male,1,1990,dc30f64895be014f55394ed14c74a12a13493168a9874f08e016b60343861ac5
1,69.2789974,97,Male,2,1991,dc30f64895be014f55394ed14c74a12a13493168a9874f08e016b60343861ac5
1,NA,103,Male,3,1992,dc30f64895be014f55394ed14c74a12a13493168a9874f08e016b60343861ac5
1,90.55998502,97,Male,4,1993,dc30f64895be014f55394ed14c74a12a13493168a9874f08e016b60343861ac5
1,100.6573098,90,Male,5,1994,dc30f64895be014f55394ed14c74a12a13493168a9874f08e016b60343861ac5
1,108.3421392,79,Male,6,1995,dc30f64895be014f55394ed14c74a12a13493168a9874f08e016b60343861ac5
1,115.763376,73,Male,7,1996,dc30f64895be014f55394ed14c74a12a13493168a9874f08e016b60343861ac5
1,NA,75,Male,8,1997,dc30f64895be014f55394ed14c74a12a13493168a9874f08e016b60343861ac5
0,113.2522832,54,Male,9,1998,dc30f64895be014f55394ed14c74a12a13493168a9874f08e016b60343861ac5
1,24.42753233,83,Female,0,1990,8840ac37e7232839387087732dc130beb41f86ac65613b08acdc410fa938f87a
1,44.05079757,97,Female,1,1991,8840ac37e7232839387087732dc130beb41f86ac65613b08acdc410fa938f87a
1,54.53275459,103,Female,2,1992,8840ac37e7232839387087732dc130beb41f86ac65613b08acdc410fa938f87a
1,62.85927076,97,Female,3,1993,8840ac37e7232839387087732dc130beb41f86ac65613b08acdc410fa938f87a
1,69.62026164,90,Female,4,1994,8840ac37e7232839387087732dc130beb41f86ac65613b08acdc410fa938f87a
1,70.18810218,79,Female,5,1995,8840ac37e7232839387087732dc130beb41f86ac65613b08acdc410fa938f87a
0,70.92820632,73,Female,6,1996,8840ac37e7232839387087732dc130beb41f86ac65613b08acdc410fa938f87a
0,NA,97,Male,0,1991,1d964c4942611ec3cdc46a25e89d572455980ac28e56d153b267a01e2ad771cb
1,28.69108642,97,Male,0,1993,72a35a53d9c4aa3e534aeb469c0f8fb9b0d07cae55e1079585f686c428768102
1,50.28801331,90,Male,1,1994,72a35a53d9c4aa3e534aeb469c0f8fb9b0d07cae55e1079585f686c428768102
1,61.34726089,79,Male,2,1995,72a35a53d9c4aa3e534aeb469c0f8fb9b0d07cae55e1079585f686c428768102
1,81.46993471,73,Male,3,1996,72a35a53d9c4aa3e534aeb469c0f8fb9b0d07cae55e1079585f686c428768102
1,90.98004318,75,Male,4,1997,72a35a53d9c4aa3e534aeb469c0f8fb9b0d07cae55e1079585f686c428768102
0,93.08399244,54,Male,5,1998,72a35a53d9c4aa3e534aeb469c0f8fb9b0d07cae55e1079585f686c428768102
1,22.38667411,36,Male,0,1982,43e8b4eeb23ac2d65c84074610e75e55ffbe379784098eb039af692ab7810d97
1,47.65963328,38,Male,1,1983,43e8b4eeb23ac2d65c84074610e75e55ffbe379784098eb039af692ab7810d97
1,67.16464118,47,Male,2,1984,43e8b4eeb23ac2d65c84074610e75e55ffbe379784098eb039af692ab7810d97
1,84.77957494,51,Male,3,1985,43e8b4eeb23ac2d65c84074610e75e55ffbe379784098eb039af692ab7810d97
1,NA,58,Male,4,1986,43e8b4eeb23ac2d65c84074610e75e55ffbe379784098eb039af692ab7810d97
1,NA,61,Male,5,1987,43e8b4eeb23ac2d65c84074610e75e55ffbe379784098eb039af692ab7810d97
1,NA,65,Male,6,1988,43e8b4eeb23ac2d65c84074610e75e55ffbe379784098eb039af692ab7810d97
1,NA,72,Male,7,1989,43e8b4eeb23ac2d65c84074610e75e55ffbe379784098eb039af692ab7810d97
0,NA,83,Male,8,1990,43e8b4eeb23ac2d65c84074610e75e55ffbe379784098eb039af692ab7810d97
1,27.55971612,51,Male,0,1985,3202576a754fcaae7c62dbe77f86b02db12f1bb4300d568cc590d4aec820be2c
1,50.09798086,58,Male,1,1986,3202576a754fcaae7c62dbe77f86b02db12f1bb4300d568cc590d4aec820be2c
1,NA,65,Male,3,1988,3202576a754fcaae7c62dbe77f86b02db12f1bb4300d568cc590d4aec820be2c
1,NA,72,Male,4,1989,3202576a754fcaae7c62dbe77f86b02db12f1bb4300d568cc590d4aec820be2c
1,NA,83,Male,5,1990,3202576a754fcaae7c62dbe77f86b02db12f1bb4300d568cc590d4aec820be2c
0,NA,97,Male,6,1991,3202576a754fcaae7c62dbe77f86b02db12f1bb4300d568cc590d4aec820be2c
1,32.97176759,61,Male,0,1987,d1ad046b37a70208256d832c2f23c8b863f0a79118b7cfdea8fd9a083c7f9db7
1,56.49353844,65,Male,1,1988,d1ad046b37a70208256d832c2f23c8b863f0a79118b7cfdea8fd9a083c7f9db7
1,75.57945668,72,Male,2,1989,d1ad046b37a70208256d832c2f23c8b863f0a79118b7cfdea8fd9a083c7f9db7
1,87.36107171,83,Male,3,1990,d1ad046b37a70208256d832c2f23c8b863f0a79118b7cfdea8fd9a083c7f9db7
1,101.7184025,97,Male,4,1991,d1ad046b37a70208256d832c2f23c8b863f0a79118b7cfdea8fd9a083c7f9db7
NA,NA,103,Male,5,1992,d1ad046b37a70208256d832c2f23c8b863f0a79118b7cfdea8fd9a083c7f9db7
1,23.86209898,65,Female,0,1988,aa77da62cfcbf074429db1b5b8148751496d7a747f3aa923be9d3f51ca34f748
1,NA,72,Female,1,1989,aa77da62cfcbf074429db1b5b8148751496d7a747f3aa923be9d3f51ca34f748
1,49.68891363,83,Female,2,1990,aa77da62cfcbf074429db1b5b8148751496d7a747f3aa923be9d3f51ca34f748
1,58.05157911,97,Female,3,1991,aa77da62cfcbf074429db1b5b8148751496d7a747f3aa923be9d3f51ca34f748
1,70.80293013,103,Female,4,1992,aa77da62cfcbf074429db1b5b8148751496d7a747f3aa923be9d3f51ca34f748
1,63.08253547,97,Female,5,1993,aa77da62cfcbf074429db1b5b8148751496d7a747f3aa923be9d3f51ca34f748
1,70.45283224,90,Female,6,1994,aa77da62cfcbf074429db1b5b8148751496d7a747f3aa923be9d3f51ca34f748
1,71.54370128,79,Female,7,1995,aa77da62cfcbf074429db1b5b8148751496d7a747f3aa923be9d3f51ca34f748
1,72.39760237,73,Female,8,1996,aa77da62cfcbf074429db1b5b8148751496d7a747f3aa923be9d3f51ca34f748
1,69.40116491,75,Female,9,1997,aa77da62cfcbf074429db1b5b8148751496d7a747f3aa923be9d3f51ca34f748
1,69.57695349,54,Female,10,1998,aa77da62cfcbf074429db1b5b8148751496d7a747f3aa923be9d3f51ca34f748
1,67.1450878,45,Female,11,1999,aa77da62cfcbf074429db1b5b8148751496d7a747f3aa923be9d3f51ca34f748
1,70.48031035,37,Female,12,2000,aa77da62cfcbf074429db1b5b8148751496d7a747f3aa923be9d3f51ca34f748
0,67.43953597,32,Female,13,2001,aa77da62cfcbf074429db1b5b8148751496d7a747f3aa923be9d3f51ca34f748
1,26.39285714,72,Female,0,1989,fe142f53e8e07e16596142435ea1af0c115148f8fad53c67f6b1942e0ec3eb6d
1,42.80826617,83,Female,1,1990,fe142f53e8e07e16596142435ea1af0c115148f8fad53c67f6b1942e0ec3eb6d
1,51.16749345,97,Female,2,1991,fe142f53e8e07e16596142435ea1af0c115148f8fad53c67f6b1942e0ec3eb6d
1,64.69718368,103,Female,3,1992,fe142f53e8e07e16596142435ea1af0c115148f8fad53c67f6b1942e0ec3eb6d
1,63.82273111,97,Female,4,1993,fe142f53e8e07e16596142435ea1af0c115148f8fad53c67f6b1942e0ec3eb6d
1,68.26824498,90,Female,5,1994,fe142f53e8e07e16596142435ea1af0c115148f8fad53c67f6b1942e0ec3eb6d
0,65.77616063,79,Female,6,1995,fe142f53e8e07e16596142435ea1af0c115148f8fad53c67f6b1942e0ec3eb6d
0,18.50386135,83,Female,0,1990,bfba871227ff5884806cf4de9688819eb7728b9657997745acfb7060eae54f75
0,23.90755096,97,Male,0,1991,4857d8f82e4449f8dc1408a3169cf475496466dae85a5ff3fda90f5a08009bf5
0,21.30998124,97,Female,0,1993,de306bed4ce02af2484eaddefa13c2bdb86945d797a0f0345099d3ab28b699cf
1,NA,34,Female,15,1979,c086c70b46604264952fbb561fc53836d66646c74b24f0618377c64c2624a052
1,NA,33,Female,16,1980,c086c70b46604264952fbb561fc53836d66646c74b24f0618377c64c2624a052
0,NA,31,Female,17,1981,c086c70b46604264952fbb561fc53836d66646c74b24f0618377c64c2624a052
1,17.66955922,36,Female,0,1982,3bb851edfa756244a60431924db3488a9b202a031f72b8660354e4ed6b0474d5
1,33.02150952,38,Female,1,1983,3bb851edfa756244a60431924db3488a9b202a031f72b8660354e4ed6b0474d5
1,50.56114097,47,Female,2,1984,3bb851edfa756244a60431924db3488a9b202a031f72b8660354e4ed6b0474d5
1,72.70310544,51,Female,3,1985,3bb851edfa756244a60431924db3488a9b202a031f72b8660354e4ed6b0474d5
1,59.28676679,58,Female,4,1986,3bb851edfa756244a60431924db3488a9b202a031f72b8660354e4ed6b0474d5
1,NA,61,Female,5,1987,3bb851edfa756244a60431924db3488a9b202a031f72b8660354e4ed6b0474d5
1,62.45283829,65,Female,6,1988,3bb851edfa756244a60431924db3488a9b202a031f72b8660354e4ed6b0474d5
1,61.25285603,72,Female,7,1989,3bb851edfa756244a60431924db3488a9b202a031f72b8660354e4ed6b0474d5
0,57.93571269,83,Female,8,1990,3bb851edfa756244a60431924db3488a9b202a031f72b8660354e4ed6b0474d5
1,27.55971612,51,Male,0,1985,f211907c2a08aaa1425afc75850009f28ef978eba2d586e054f657415f0bb0c0
1,57.36644415,58,Male,1,1986,f211907c2a08aaa1425afc75850009f28ef978eba2d586e054f657415f0bb0c0
1,73.57844159,61,Male,2,1987,f211907c2a08aaa1425afc75850009f28ef978eba2d586e054f657415f0bb0c0
1,NA,65,Male,3,1988,f211907c2a08aaa1425afc75850009f28ef978eba2d586e054f657415f0bb0c0
1,NA,72,Male,4,1989,f211907c2a08aaa1425afc75850009f28ef978eba2d586e054f657415f0bb0c0
1,NA,83,Male,5,1990,f211907c2a08aaa1425afc75850009f28ef978eba2d586e054f657415f0bb0c0
0,NA,97,Male,6,1991,f211907c2a08aaa1425afc75850009f28ef978eba2d586e054f657415f0bb0c0
0,32.31372549,61,Female,0,1987,8a0016f975699ce55917332eef66631b40a323efde9ea93c6789f113b218eb90
0,31.25951059,65,Female,0,1988,a98240be8f6e106af527da2e8117e6242f2c17d503cb058798b7d33752cf1dad
1,38.02706296,72,Male,0,1989,ad144990f4b7a90cd8dcd3e257c8d13b756eef42e068e4e08d0b9963c8c3cf0b
1,51.5965816,83,Male,1,1990,ad144990f4b7a90cd8dcd3e257c8d13b756eef42e068e4e08d0b9963c8c3cf0b
1,75.59869081,97,Male,2,1991,ad144990f4b7a90cd8dcd3e257c8d13b756eef42e068e4e08d0b9963c8c3cf0b
1,93.69990686,103,Male,3,1992,ad144990f4b7a90cd8dcd3e257c8d13b756eef42e068e4e08d0b9963c8c3cf0b
1,NA,97,Male,4,1993,ad144990f4b7a90cd8dcd3e257c8d13b756eef42e068e4e08d0b9963c8c3cf0b
NA,111.9456386,90,Male,5,1994,ad144990f4b7a90cd8dcd3e257c8d13b756eef42e068e4e08d0b9963c8c3cf0b
0,23.7229671,83,Male,0,1990,0eb13932b1668830d1945799b532cc3a3707d151cb2fd14399177d678b65933c
1,25.31563421,97,Female,0,1991,1154d1771c18653db84c5651b5efad886ce09dd81e7bac14542c823ec9a2c21b
1,42.58889914,103,Female,1,1992,1154d1771c18653db84c5651b5efad886ce09dd81e7bac14542c823ec9a2c21b
1,51.28475193,97,Female,2,1993,1154d1771c18653db84c5651b5efad886ce09dd81e7bac14542c823ec9a2c21b
1,62.43389772,90,Female,3,1994,1154d1771c18653db84c5651b5efad886ce09dd81e7bac14542c823ec9a2c21b
1,58.6419158,79,Female,4,1995,1154d1771c18653db84c5651b5efad886ce09dd81e7bac14542c823ec9a2c21b
1,61.91887665,73,Female,5,1996,1154d1771c18653db84c5651b5efad886ce09dd81e7bac14542c823ec9a2c21b
1,68.25516366,75,Female,6,1997,1154d1771c18653db84c5651b5efad886ce09dd81e7bac14542c823ec9a2c21b
1,63.00414288,54,Female,7,1998,1154d1771c18653db84c5651b5efad886ce09dd81e7bac14542c823ec9a2c21b
1,67.45577831,45,Female,8,1999,1154d1771c18653db84c5651b5efad886ce09dd81e7bac14542c823ec9a2c21b
0,66.3563636,37,Female,9,2000,1154d1771c18653db84c5651b5efad886ce09dd81e7bac14542c823ec9a2c21b
1,20.59115746,97,Female,0,1993,6843fcf6c5ab7115627e607de7be349877f5e17c4c1b910853a2ba90c6108c78
0,41.14136631,90,Female,1,1994,6843fcf6c5ab7115627e607de7be349877f5e17c4c1b910853a2ba90c6108c78
1,32.37171782,36,Male,0,1982,5a9ed9c7710589d90fcee5e5957825fe760b68fcd01644a14f377f1a5a7abddc
1,49.95133889,38,Male,1,1983,5a9ed9c7710589d90fcee5e5957825fe760b68fcd01644a14f377f1a5a7abddc
1,72.10318731,47,Male,2,1984,5a9ed9c7710589d90fcee5e5957825fe760b68fcd01644a14f377f1a5a7abddc
1,93.14592243,51,Male,3,1985,5a9ed9c7710589d90fcee5e5957825fe760b68fcd01644a14f377f1a5a7abddc
1,NA,58,Male,4,1986,5a9ed9c7710589d90fcee5e5957825fe760b68fcd01644a14f377f1a5a7abddc
1,NA,61,Male,5,1987,5a9ed9c7710589d90fcee5e5957825fe760b68fcd01644a14f377f1a5a7abddc
1,NA,65,Male,6,1988,5a9ed9c7710589d90fcee5e5957825fe760b68fcd01644a14f377f1a5a7abddc
0,NA,72,Male,7,1989,5a9ed9c7710589d90fcee5e5957825fe760b68fcd01644a14f377f1a5a7abddc
0,11.42784886,51,Male,0,1985,e2e3806f89d89c94799ce0bab214816dc17b3473b8bcbc36a8ad611cfe99389c
1,34.72540917,61,Male,0,1987,2d7badc66222353cff57c2a5555fd1fd9bc7a43a0173a24a3f79483b156d08df
1,61.00412963,65,Male,1,1988,2d7badc66222353cff57c2a5555fd1fd9bc7a43a0173a24a3f79483b156d08df
1,80.28060073,72,Male,2,1989,2d7badc66222353cff57c2a5555fd1fd9bc7a43a0173a24a3f79483b156d08df
1,79.67379162,83,Male,3,1990,2d7badc66222353cff57c2a5555fd1fd9bc7a43a0173a24a3f79483b156d08df
1,110.0166326,97,Male,4,1991,2d7badc66222353cff57c2a5555fd1fd9bc7a43a0173a24a3f79483b156d08df
1,NA,103,Male,5,1992,2d7badc66222353cff57c2a5555fd1fd9bc7a43a0173a24a3f79483b156d08df
0,NA,97,Male,6,1993,2d7badc66222353cff57c2a5555fd1fd9bc7a43a0173a24a3f79483b156d08df
1,NA,65,Female,0,1988,f84c4222eae50e09c1e481435ed1ddd66ce21e1e27dbc4a8f821c02a52e8f283
0,NA,72,Female,1,1989,f84c4222eae50e09c1e481435ed1ddd66ce21e1e27dbc4a8f821c02a52e8f283
1,26.19186047,72,Male,0,1989,1a9aea329f09cad2e4394de934cf5427cc91623c8adf1c7d481d0cc27c6065d5
0,42.90315294,83,Male,1,1990,1a9aea329f09cad2e4394de934cf5427cc91623c8adf1c7d481d0cc27c6065d5
0,27.98284842,83,Female,0,1990,b2f3dbc6e545cb109e4b4614a50555d4689bfd00975e679d9f1b899683ab2adb
1,NA,97,Male,0,1991,52026116fbd92c43be5b6e1384d3c1829081321b03ecb57879e9a06bb4deda6a
1,39.26199325,103,Male,1,1992,52026116fbd92c43be5b6e1384d3c1829081321b03ecb57879e9a06bb4deda6a
1,53.11126801,97,Male,2,1993,52026116fbd92c43be5b6e1384d3c1829081321b03ecb57879e9a06bb4deda6a
1,70.69829761,90,Male,3,1994,52026116fbd92c43be5b6e1384d3c1829081321b03ecb57879e9a06bb4deda6a
1,80.58364148,79,Male,4,1995,52026116fbd92c43be5b6e1384d3c1829081321b03ecb57879e9a06bb4deda6a
1,89.87848001,73,Male,5,1996,52026116fbd92c43be5b6e1384d3c1829081321b03ecb57879e9a06bb4deda6a
1,87.12666842,75,Male,6,1997,52026116fbd92c43be5b6e1384d3c1829081321b03ecb57879e9a06bb4deda6a
1,NA,54,Male,7,1998,52026116fbd92c43be5b6e1384d3c1829081321b03ecb57879e9a06bb4deda6a
1,NA,45,Male,8,1999,52026116fbd92c43be5b6e1384d3c1829081321b03ecb57879e9a06bb4deda6a
1,NA,37,Male,9,2000,52026116fbd92c43be5b6e1384d3c1829081321b03ecb57879e9a06bb4deda6a
0,NA,32,Male,10,2001,52026116fbd92c43be5b6e1384d3c1829081321b03ecb57879e9a06bb4deda6a
0,22.11951248,97,Female,0,1993,001e08845ebaf787e939bc27daed27826c7b2bbad10488e7f64c7ce9dd141c38
1,23.2,36,Female,0,1982,10f907c740024387243fab97fea87fe7c4f43fcdb5ec6573a960877a858f79b3
1,44.24056391,38,Female,1,1983,10f907c740024387243fab97fea87fe7c4f43fcdb5ec6573a960877a858f79b3
1,61.05879639,47,Female,2,1984,10f907c740024387243fab97fea87fe7c4f43fcdb5ec6573a960877a858f79b3
1,71.36609477,51,Female,3,1985,10f907c740024387243fab97fea87fe7c4f43fcdb5ec6573a960877a858f79b3
1,69.27734082,58,Female,4,1986,10f907c740024387243fab97fea87fe7c4f43fcdb5ec6573a960877a858f79b3
1,66.75519083,61,Female,5,1987,10f907c740024387243fab97fea87fe7c4f43fcdb5ec6573a960877a858f79b3
1,68.12393652,65,Female,6,1988,10f907c740024387243fab97fea87fe7c4f43fcdb5ec6573a960877a858f79b3
1,70.21727427,72,Female,7,1989,10f907c740024387243fab97fea87fe7c4f43fcdb5ec6573a960877a858f79b3
1,65.91662603,83,Female,8,1990,10f907c740024387243fab97fea87fe7c4f43fcdb5ec6573a960877a858f79b3
1,70.54313287,97,Female,9,1991,10f907c740024387243fab97fea87fe7c4f43fcdb5ec6573a960877a858f79b3
0,70.0535529,103,Female,10,1992,10f907c740024387243fab97fea87fe7c4f43fcdb5ec6573a960877a858f79b3
1,28.06608462,65,Male,0,1988,37db3a9dbd5ded4a2a297971114afc29c69c7a52bb1d1554d9be9577c49a1ca7
1,44.61806267,72,Male,1,1989,37db3a9dbd5ded4a2a297971114afc29c69c7a52bb1d1554d9be9577c49a1ca7
1,53.89460169,83,Male,2,1990,37db3a9dbd5ded4a2a297971114afc29c69c7a52bb1d1554d9be9577c49a1ca7
1,72.02630472,97,Male,3,1991,37db3a9dbd5ded4a2a297971114afc29c69c7a52bb1d1554d9be9577c49a1ca7
0,NA,103,Male,4,1992,37db3a9dbd5ded4a2a297971114afc29c69c7a52bb1d1554d9be9577c49a1ca7
1,30.40165091,72,Female,0,1989,f87c300ac96c4fbd90bccf68ecc6c37b2539d57162b8d09f6c439a065c0215c7
1,NA,83,Female,1,1990,f87c300ac96c4fbd90bccf68ecc6c37b2539d57162b8d09f6c439a065c0215c7
1,52.6529512,97,Female,2,1991,f87c300ac96c4fbd90bccf68ecc6c37b2539d57162b8d09f6c439a065c0215c7
1,68.70901453,103,Female,3,1992,f87c300ac96c4fbd90bccf68ecc6c37b2539d57162b8d09f6c439a065c0215c7
1,63.93350064,97,Female,4,1993,f87c300ac96c4fbd90bccf68ecc6c37b2539d57162b8d09f6c439a065c0215c7
1,72.71613755,90,Female,5,1994,f87c300ac96c4fbd90bccf68ecc6c37b2539d57162b8d09f6c439a065c0215c7
1,70.43397464,79,Female,6,1995,f87c300ac96c4fbd90bccf68ecc6c37b2539d57162b8d09f6c439a065c0215c7
1,75.23739704,73,Female,7,1996,f87c300ac96c4fbd90bccf68ecc6c37b2539d57162b8d09f6c439a065c0215c7
0,74.55247764,75,Female,8,1997,f87c300ac96c4fbd90bccf68ecc6c37b2539d57162b8d09f6c439a065c0215c7
1,NA,97,Female,0,1991,e5381899cca55d78464db6aa890fa59dc58c73afc1f84982810ab2794d579e81
0,30.10413723,103,Female,1,1992,e5381899cca55d78464db6aa890fa59dc58c73afc1f84982810ab2794d579e81
1,26.72331883,97,Female,0,1993,7f274fb63d284c022545b6da06359ba9ba10d64790dd2d8adc8cf14c2f88bfcc
1,53.52509359,90,Female,1,1994,7f274fb63d284c022545b6da06359ba9ba10d64790dd2d8adc8cf14c2f88bfcc
1,63.60353995,79,Female,2,1995,7f274fb63d284c022545b6da06359ba9ba10d64790dd2d8adc8cf14c2f88bfcc
1,73.33217028,73,Female,3,1996,7f274fb63d284c022545b6da06359ba9ba10d64790dd2d8adc8cf14c2f88bfcc
1,77.22046452,75,Female,4,1997,7f274fb63d284c022545b6da06359ba9ba10d64790dd2d8adc8cf14c2f88bfcc
1,78.49326652,54,Female,5,1998,7f274fb63d284c022545b6da06359ba9ba10d64790dd2d8adc8cf14c2f88bfcc
NA,80.03926555,45,Female,6,1999,7f274fb63d284c022545b6da06359ba9ba10d64790dd2d8adc8cf14c2f88bfcc
1,30.11157125,65,Male,0,1988,4a77937b03e6f511435459920902367ee1a23750a63515c80dc48c5a950908ea
1,45.60486335,72,Male,1,1989,4a77937b03e6f511435459920902367ee1a23750a63515c80dc48c5a950908ea
1,70.06993881,83,Male,2,1990,4a77937b03e6f511435459920902367ee1a23750a63515c80dc48c5a950908ea
1,86.0992671,97,Male,3,1991,4a77937b03e6f511435459920902367ee1a23750a63515c80dc48c5a950908ea
1,NA,103,Male,4,1992,4a77937b03e6f511435459920902367ee1a23750a63515c80dc48c5a950908ea
1,NA,97,Male,5,1993,4a77937b03e6f511435459920902367ee1a23750a63515c80dc48c5a950908ea
1,112.1589682,90,Male,6,1994,4a77937b03e6f511435459920902367ee1a23750a63515c80dc48c5a950908ea
1,120.7598977,79,Male,7,1995,4a77937b03e6f511435459920902367ee1a23750a63515c80dc48c5a950908ea
1,126.3429854,73,Male,8,1996,4a77937b03e6f511435459920902367ee1a23750a63515c80dc48c5a950908ea
1,122.6773919,75,Male,9,1997,4a77937b03e6f511435459920902367ee1a23750a63515c80dc48c5a950908ea
1,NA,54,Male,10,1998,4a77937b03e6f511435459920902367ee1a23750a63515c80dc48c5a950908ea
NA,117.5569466,45,Male,11,1999,4a77937b03e6f511435459920902367ee1a23750a63515c80dc48c5a950908ea
0,40.91855662,72,Female,1,1989,ab7c387b71460a4876b7822cf1f3eb669e6b4761be96a653d456edf9c42f7a37
0,19.03879401,97,Male,0,1991,471423e0d7e17fbf35f74a00a4c2891e14b1fb5d02d63b9304d8da5824ee43b7
0,13.8564699,97,Female,0,1993,08ae6cfb548e0523ede8a48fd578ae1eb870bae4732528176fc755f7e5096129
1,NA,65,Male,0,1988,4292a4a209275072a157690ec8231a76469ac52f96136f05bff8e3e5bd66caa3
1,NA,72,Male,1,1989,4292a4a209275072a157690ec8231a76469ac52f96136f05bff8e3e5bd66caa3
0,NA,83,Male,2,1990,4292a4a209275072a157690ec8231a76469ac52f96136f05bff8e3e5bd66caa3
0,33.96813414,72,Female,0,1989,7af5bb9ba78f6da9548ed4d9a7bdee008b1d3394f848d68ae2f32e1d122b2bc5
1,27.57480464,97,Male,0,1991,b240ef07445a6b9f46846856231a31482e0a59f644fb299b8a951dc75216c2c7
0,NA,103,Male,1,1992,b240ef07445a6b9f46846856231a31482e0a59f644fb299b8a951dc75216c2c7
1,21.71372492,97,Female,0,1993,7b95de63420a61ccd04e77a6bd1aeafa074a72f1dd9a01e99a615dfce46098d6
1,40.05823997,90,Female,1,1994,7b95de63420a61ccd04e77a6bd1aeafa074a72f1dd9a01e99a615dfce46098d6
0,55.13874236,79,Female,2,1995,7b95de63420a61ccd04e77a6bd1aeafa074a72f1dd9a01e99a615dfce46098d6
1,NA,34,Male,7,1979,45457374027cf7731ebbb369a48c57d978984410fc90b9970f78bac79ac97127
1,NA,33,Male,8,1980,45457374027cf7731ebbb369a48c57d978984410fc90b9970f78bac79ac97127
0,NA,31,Male,9,1981,45457374027cf7731ebbb369a48c57d978984410fc90b9970f78bac79ac97127
1,NA,65,Female,0,1988,7603d249a4c4b2bdc9a08c3d68afe0c080733f30db3999bf92f7a210789297d7
1,36.76479588,72,Female,1,1989,7603d249a4c4b2bdc9a08c3d68afe0c080733f30db3999bf92f7a210789297d7
1,51.39224964,83,Female,2,1990,7603d249a4c4b2bdc9a08c3d68afe0c080733f30db3999bf92f7a210789297d7
1,65.20923122,97,Female,3,1991,7603d249a4c4b2bdc9a08c3d68afe0c080733f30db3999bf92f7a210789297d7
1,65.6457182,103,Female,4,1992,7603d249a4c4b2bdc9a08c3d68afe0c080733f30db3999bf92f7a210789297d7
1,64.47995154,97,Female,5,1993,7603d249a4c4b2bdc9a08c3d68afe0c080733f30db3999bf92f7a210789297d7
1,72.71777496,90,Female,6,1994,7603d249a4c4b2bdc9a08c3d68afe0c080733f30db3999bf92f7a210789297d7
1,71.7591729,79,Female,7,1995,7603d249a4c4b2bdc9a08c3d68afe0c080733f30db3999bf92f7a210789297d7
1,74.22524109,73,Female,8,1996,7603d249a4c4b2bdc9a08c3d68afe0c080733f30db3999bf92f7a210789297d7
1,68.138504,75,Female,9,1997,7603d249a4c4b2bdc9a08c3d68afe0c080733f30db3999bf92f7a210789297d7
1,69.92764277,54,Female,10,1998,7603d249a4c4b2bdc9a08c3d68afe0c080733f30db3999bf92f7a210789297d7
1,68.45619937,45,Female,11,1999,7603d249a4c4b2bdc9a08c3d68afe0c080733f30db3999bf92f7a210789297d7
0,70.80708093,37,Female,12,2000,7603d249a4c4b2bdc9a08c3d68afe0c080733f30db3999bf92f7a210789297d7
1,26.46813414,72,Female,0,1989,731851a9fe12a4411ab50f542393d2b7b5a47b24fc7c93d3329fecaa44bbfd32
1,43.16957139,83,Female,1,1990,731851a9fe12a4411ab50f542393d2b7b5a47b24fc7c93d3329fecaa44bbfd32
1,55.73944882,97,Female,2,1991,731851a9fe12a4411ab50f542393d2b7b5a47b24fc7c93d3329fecaa44bbfd32
1,65.51761184,103,Female,3,1992,731851a9fe12a4411ab50f542393d2b7b5a47b24fc7c93d3329fecaa44bbfd32
1,67.64612792,97,Female,4,1993,731851a9fe12a4411ab50f542393d2b7b5a47b24fc7c93d3329fecaa44bbfd32
1,NA,90,Female,5,1994,731851a9fe12a4411ab50f542393d2b7b5a47b24fc7c93d3329fecaa44bbfd32
1,67.80477456,79,Female,6,1995,731851a9fe12a4411ab50f542393d2b7b5a47b24fc7c93d3329fecaa44bbfd32
1,72.19524145,73,Female,7,1996,731851a9fe12a4411ab50f542393d2b7b5a47b24fc7c93d3329fecaa44bbfd32
0,70.30841264,75,Female,8,1997,731851a9fe12a4411ab50f542393d2b7b5a47b24fc7c93d3329fecaa44bbfd32
0,18.74436189,97,Male,0,1991,b8a90b4493b7cded04607266726ad7f1f9a8cbae570041f68db14df86fc678ba
0,22.42902007,97,Female,0,1993,ab10015d68feb726e19054810de2253394b355d6f7f5829403c5484c32ff46db
1,33.26025712,65,Male,0,1988,0a31b3ce5122c10334a8d09f096064b3c18c074aca666acae268ffceafe28fc4
1,51.61497425,72,Male,1,1989,0a31b3ce5122c10334a8d09f096064b3c18c074aca666acae268ffceafe28fc4
1,NA,83,Male,2,1990,0a31b3ce5122c10334a8d09f096064b3c18c074aca666acae268ffceafe28fc4
0,NA,97,Male,3,1991,0a31b3ce5122c10334a8d09f096064b3c18c074aca666acae268ffceafe28fc4
1,27.73522245,72,Male,0,1989,9b9ed7cf6e376a791f7311ae587100b407a3f94b3c98cee66350e67dab5ee9a8
1,49.84595575,83,Male,1,1990,9b9ed7cf6e376a791f7311ae587100b407a3f94b3c98cee66350e67dab5ee9a8
1,66.01441984,97,Male,2,1991,9b9ed7cf6e376a791f7311ae587100b407a3f94b3c98cee66350e67dab5ee9a8
1,NA,103,Male,3,1992,9b9ed7cf6e376a791f7311ae587100b407a3f94b3c98cee66350e67dab5ee9a8
1,88.44947102,97,Male,4,1993,9b9ed7cf6e376a791f7311ae587100b407a3f94b3c98cee66350e67dab5ee9a8
0,95.86474411,90,Male,5,1994,9b9ed7cf6e376a791f7311ae587100b407a3f94b3c98cee66350e67dab5ee9a8
0,NA,97,Female,0,1991,26f6e750015d05a8129d4374f523ba36c50a0aa7299aec4eb6e1c29064cece27
0,24.44301284,97,Male,0,1993,f757180b3ccc8e24e79a935ae7497f3a4d5f3834b62a923e315293ad9d7a7331
1,NA,34,Male,8,1979,0d24875f89f7548763423d23e579d4f9f2f97635c48b8dfa393740f3380c1e5f
0,NA,33,Male,9,1980,0d24875f89f7548763423d23e579d4f9f2f97635c48b8dfa393740f3380c1e5f
1,NA,65,Male,0,1988,4cf9bd852aa8864bb94d9496be9073a0e66607d5623178449e44aa8499a47dcc
1,NA,72,Male,1,1989,4cf9bd852aa8864bb94d9496be9073a0e66607d5623178449e44aa8499a47dcc
0,NA,97,Male,5,1993,4cf9bd852aa8864bb94d9496be9073a0e66607d5623178449e44aa8499a47dcc
0,25.03143079,72,Female,0,1989,4a72609d22a01b9dba41732a1741129a0ae2a4904fabd415a8cf523e418c88ee
1,NA,97,Female,0,1991,291618cb7183582374fd47ffa898e34c91abab62c1366cf58856b4a0f9514ae3
1,46.91327926,103,Female,1,1992,291618cb7183582374fd47ffa898e34c91abab62c1366cf58856b4a0f9514ae3
1,58.04875816,97,Female,2,1993,291618cb7183582374fd47ffa898e34c91abab62c1366cf58856b4a0f9514ae3
1,70.55486215,90,Female,3,1994,291618cb7183582374fd47ffa898e34c91abab62c1366cf58856b4a0f9514ae3
1,76.03540999,79,Female,4,1995,291618cb7183582374fd47ffa898e34c91abab62c1366cf58856b4a0f9514ae3
1,76.99150115,73,Female,5,1996,291618cb7183582374fd47ffa898e34c91abab62c1366cf58856b4a0f9514ae3
1,72.68813266,75,Female,6,1997,291618cb7183582374fd47ffa898e34c91abab62c1366cf58856b4a0f9514ae3
1,74.38834926,54,Female,7,1998,291618cb7183582374fd47ffa898e34c91abab62c1366cf58856b4a0f9514ae3
1,73.3131718,45,Female,8,1999,291618cb7183582374fd47ffa898e34c91abab62c1366cf58856b4a0f9514ae3
1,64.30903945,37,Female,9,2000,291618cb7183582374fd47ffa898e34c91abab62c1366cf58856b4a0f9514ae3
0,64.10389326,32,Female,10,2001,291618cb7183582374fd47ffa898e34c91abab62c1366cf58856b4a0f9514ae3
0,18.00157024,97,Female,0,1993,3cc9c85782eb559fbb39b5fb6c7dbafda8429142aee38ef8acc5b6e44f7aacc8
0,NA,34,Male,7,1979,fcffba9828157b107d2a65ae7dfc288eb1d7ccd70196e2ef2ea88f79f0190b4e
1,59.40533373,34,Female,3,1979,9c9f047d11a5519c6ab5cbcede6775bf65cd7b50c0a40e6d0939cc839c8ac15c
NA,64.9274357,33,Female,4,1980,9c9f047d11a5519c6ab5cbcede6775bf65cd7b50c0a40e6d0939cc839c8ac15c
1,73.05643891,34,Male,2,1979,9957d7f50ad263cdd0ed95b57cfd7d4e456801bc97057d2b6596f094a6400443
1,NA,33,Male,3,1980,9957d7f50ad263cdd0ed95b57cfd7d4e456801bc97057d2b6596f094a6400443
1,NA,31,Male,4,1981,9957d7f50ad263cdd0ed95b57cfd7d4e456801bc97057d2b6596f094a6400443
1,NA,36,Male,5,1982,9957d7f50ad263cdd0ed95b57cfd7d4e456801bc97057d2b6596f094a6400443
1,NA,38,Male,6,1983,9957d7f50ad263cdd0ed95b57cfd7d4e456801bc97057d2b6596f094a6400443
1,NA,47,Male,7,1984,9957d7f50ad263cdd0ed95b57cfd7d4e456801bc97057d2b6596f094a6400443
0,NA,51,Male,8,1985,9957d7f50ad263cdd0ed95b57cfd7d4e456801bc97057d2b6596f094a6400443
1,32.7463438,34,Female,0,1979,6682636f3234c54e5b4c436669805918d538ba93f66d307250ea0176f852e2f6
1,52.42455926,33,Female,1,1980,6682636f3234c54e5b4c436669805918d538ba93f66d307250ea0176f852e2f6
1,62.74492025,31,Female,2,1981,6682636f3234c54e5b4c436669805918d538ba93f66d307250ea0176f852e2f6
1,64.63150782,36,Female,3,1982,6682636f3234c54e5b4c436669805918d538ba93f66d307250ea0176f852e2f6
1,78.15964306,38,Female,4,1983,6682636f3234c54e5b4c436669805918d538ba93f66d307250ea0176f852e2f6
1,73.98263128,47,Female,5,1984,6682636f3234c54e5b4c436669805918d538ba93f66d307250ea0176f852e2f6
1,77.35290408,51,Female,6,1985,6682636f3234c54e5b4c436669805918d538ba93f66d307250ea0176f852e2f6
1,72.88076674,58,Female,7,1986,6682636f3234c54e5b4c436669805918d538ba93f66d307250ea0176f852e2f6
1,75.00349782,61,Female,8,1987,6682636f3234c54e5b4c436669805918d538ba93f66d307250ea0176f852e2f6
1,76.68203676,65,Female,9,1988,6682636f3234c54e5b4c436669805918d538ba93f66d307250ea0176f852e2f6
1,72.20275573,72,Female,10,1989,6682636f3234c54e5b4c436669805918d538ba93f66d307250ea0176f852e2f6
0,72.5111767,83,Female,11,1990,6682636f3234c54e5b4c436669805918d538ba93f66d307250ea0176f852e2f6
1,NA,33,Male,0,1980,7594ee1cc8fb538281b40e95d497dd72d991ba9323d2dafa6e424b591ff084b2
1,65.93518515,31,Male,1,1981,7594ee1cc8fb538281b40e95d497dd72d991ba9323d2dafa6e424b591ff084b2
1,84.75057516,36,Male,2,1982,7594ee1cc8fb538281b40e95d497dd72d991ba9323d2dafa6e424b591ff084b2
0,106.3935172,38,Male,3,1983,7594ee1cc8fb538281b40e95d497dd72d991ba9323d2dafa6e424b591ff084b2
1,55.61278551,31,Male,1,1981,9e4f612e5ba19568e8c5434a0bae266307506733ef5249aac5b5aabfd339dea3
1,72.22980765,36,Male,2,1982,9e4f612e5ba19568e8c5434a0bae266307506733ef5249aac5b5aabfd339dea3
1,NA,38,Male,3,1983,9e4f612e5ba19568e8c5434a0bae266307506733ef5249aac5b5aabfd339dea3
1,109.6333385,47,Male,4,1984,9e4f612e5ba19568e8c5434a0bae266307506733ef5249aac5b5aabfd339dea3
1,NA,51,Male,5,1985,9e4f612e5ba19568e8c5434a0bae266307506733ef5249aac5b5aabfd339dea3
1,NA,58,Male,6,1986,9e4f612e5ba19568e8c5434a0bae266307506733ef5249aac5b5aabfd339dea3
1,NA,61,Male,7,1987,9e4f612e5ba19568e8c5434a0bae266307506733ef5249aac5b5aabfd339dea3
1,NA,65,Male,8,1988,9e4f612e5ba19568e8c5434a0bae266307506733ef5249aac5b5aabfd339dea3
1,NA,72,Male,9,1989,9e4f612e5ba19568e8c5434a0bae266307506733ef5249aac5b5aabfd339dea3
NA,NA,83,Male,10,1990,9e4f612e5ba19568e8c5434a0bae266307506733ef5249aac5b5aabfd339dea3
1,NA,36,Female,0,1982,59b40fe8e13238b86a28c3308bfe891ded4461e516ed3975b3e9e2e8f076b7ff
1,52.72288659,38,Female,1,1983,59b40fe8e13238b86a28c3308bfe891ded4461e516ed3975b3e9e2e8f076b7ff
1,70.44379416,47,Female,2,1984,59b40fe8e13238b86a28c3308bfe891ded4461e516ed3975b3e9e2e8f076b7ff
1,70.38360689,51,Female,3,1985,59b40fe8e13238b86a28c3308bfe891ded4461e516ed3975b3e9e2e8f076b7ff
1,75.0036304,58,Female,4,1986,59b40fe8e13238b86a28c3308bfe891ded4461e516ed3975b3e9e2e8f076b7ff
1,76.50883851,61,Female,5,1987,59b40fe8e13238b86a28c3308bfe891ded4461e516ed3975b3e9e2e8f076b7ff
1,77.00056506,65,Female,6,1988,59b40fe8e13238b86a28c3308bfe891ded4461e516ed3975b3e9e2e8f076b7ff
1,76.56962022,72,Female,7,1989,59b40fe8e13238b86a28c3308bfe891ded4461e516ed3975b3e9e2e8f076b7ff
1,76.87450089,83,Female,8,1990,59b40fe8e13238b86a28c3308bfe891ded4461e516ed3975b3e9e2e8f076b7ff
1,77.15718755,97,Female,9,1991,59b40fe8e13238b86a28c3308bfe891ded4461e516ed3975b3e9e2e8f076b7ff
1,78.27601929,103,Female,10,1992,59b40fe8e13238b86a28c3308bfe891ded4461e516ed3975b3e9e2e8f076b7ff
1,77.75910099,97,Female,11,1993,59b40fe8e13238b86a28c3308bfe891ded4461e516ed3975b3e9e2e8f076b7ff
0,77.96279118,90,Female,12,1994,59b40fe8e13238b86a28c3308bfe891ded4461e516ed3975b3e9e2e8f076b7ff
1,32.56620477,38,Male,0,1983,a6367ab0268f6ddb8891832fb3431416210db1b2de8da454ac03709e71569c6f
0,NA,47,Male,1,1984,a6367ab0268f6ddb8891832fb3431416210db1b2de8da454ac03709e71569c6f
NA,NA,47,Female,0,1984,5c7c45d7ca6df9742b55c42a869564685ace80f20241adc2e870d30e83856f68
0,NA,51,Female,1,1985,0bae8ec6a2bd120ec143e5d26b149d15c9022a2f2fa35190880d35385497f1d4
1,45.80689727,58,Female,1,1986,97e10b15944113bc59c383128c803eeb37d122d1e3cfebdeb120b1787a544f0a
1,58.55470036,61,Female,2,1987,97e10b15944113bc59c383128c803eeb37d122d1e3cfebdeb120b1787a544f0a
1,56.42128462,65,Female,3,1988,97e10b15944113bc59c383128c803eeb37d122d1e3cfebdeb120b1787a544f0a
1,55.75094995,72,Female,4,1989,97e10b15944113bc59c383128c803eeb37d122d1e3cfebdeb120b1787a544f0a
1,65.42742543,83,Female,5,1990,97e10b15944113bc59c383128c803eeb37d122d1e3cfebdeb120b1787a544f0a
1,64.25936157,97,Female,6,1991,97e10b15944113bc59c383128c803eeb37d122d1e3cfebdeb120b1787a544f0a
1,67.57920987,103,Female,7,1992,97e10b15944113bc59c383128c803eeb37d122d1e3cfebdeb120b1787a544f0a
1,64.16787458,97,Female,8,1993,97e10b15944113bc59c383128c803eeb37d122d1e3cfebdeb120b1787a544f0a
1,66.04100886,90,Female,9,1994,97e10b15944113bc59c383128c803eeb37d122d1e3cfebdeb120b1787a544f0a
0,NA,79,Female,10,1995,97e10b15944113bc59c383128c803eeb37d122d1e3cfebdeb120b1787a544f0a
1,44.88876148,58,Male,1,1986,37a67f8769b0e92111d86e7c8e622ee55a975af23a05bfb41a445e00583e1378
1,NA,61,Male,2,1987,37a67f8769b0e92111d86e7c8e622ee55a975af23a05bfb41a445e00583e1378
0,NA,83,Male,5,1990,37a67f8769b0e92111d86e7c8e622ee55a975af23a05bfb41a445e00583e1378
1,54.14270028,61,Female,1,1987,902eab991d4d3ce44b39545f5764072f3b3d6aff6260bdffc3467be1f7d3f41d
1,60.46287272,65,Female,2,1988,902eab991d4d3ce44b39545f5764072f3b3d6aff6260bdffc3467be1f7d3f41d
1,62.86923373,72,Female,3,1989,902eab991d4d3ce44b39545f5764072f3b3d6aff6260bdffc3467be1f7d3f41d
1,60.95737348,83,Female,4,1990,902eab991d4d3ce44b39545f5764072f3b3d6aff6260bdffc3467be1f7d3f41d
1,70.17907217,97,Female,5,1991,902eab991d4d3ce44b39545f5764072f3b3d6aff6260bdffc3467be1f7d3f41d
1,68.62390523,103,Female,6,1992,902eab991d4d3ce44b39545f5764072f3b3d6aff6260bdffc3467be1f7d3f41d
1,65.75928508,97,Female,7,1993,902eab991d4d3ce44b39545f5764072f3b3d6aff6260bdffc3467be1f7d3f41d
1,72.6583245,90,Female,8,1994,902eab991d4d3ce44b39545f5764072f3b3d6aff6260bdffc3467be1f7d3f41d
1,71.64956165,79,Female,9,1995,902eab991d4d3ce44b39545f5764072f3b3d6aff6260bdffc3467be1f7d3f41d
1,69.06397279,73,Female,10,1996,902eab991d4d3ce44b39545f5764072f3b3d6aff6260bdffc3467be1f7d3f41d
1,67.61525399,75,Female,11,1997,902eab991d4d3ce44b39545f5764072f3b3d6aff6260bdffc3467be1f7d3f41d
0,69.87848866,54,Female,12,1998,902eab991d4d3ce44b39545f5764072f3b3d6aff6260bdffc3467be1f7d3f41d
1,NA,61,Male,0,1987,cd8c7161e853a05ea3f88f5f53784d60fb2aa01c4e66207dec9b8747218b96d8
1,49.17690053,65,Male,1,1988,cd8c7161e853a05ea3f88f5f53784d60fb2aa01c4e66207dec9b8747218b96d8
0,68.72609838,72,Male,2,1989,cd8c7161e853a05ea3f88f5f53784d60fb2aa01c4e66207dec9b8747218b96d8
1,52.98157419,72,Male,1,1989,fc72c86b9d6e209c9abde26e80f9d3963302fc7c126f5aaf81cffca02a896509
1,NA,83,Male,2,1990,fc72c86b9d6e209c9abde26e80f9d3963302fc7c126f5aaf81cffca02a896509
1,NA,97,Male,3,1991,fc72c86b9d6e209c9abde26e80f9d3963302fc7c126f5aaf81cffca02a896509
0,NA,103,Male,4,1992,fc72c86b9d6e209c9abde26e80f9d3963302fc7c126f5aaf81cffca02a896509
1,32.74719101,83,Male,0,1990,488e33e0794e3a350c503de77af6381451c3bb1209b50844f99d970feb764fe1
1,53.90078218,97,Male,1,1991,488e33e0794e3a350c503de77af6381451c3bb1209b50844f99d970feb764fe1
1,70.41159897,103,Male,2,1992,488e33e0794e3a350c503de77af6381451c3bb1209b50844f99d970feb764fe1
1,78.24153204,97,Male,3,1993,488e33e0794e3a350c503de77af6381451c3bb1209b50844f99d970feb764fe1
1,89.42213156,90,Male,4,1994,488e33e0794e3a350c503de77af6381451c3bb1209b50844f99d970feb764fe1
1,100.8364569,79,Male,5,1995,488e33e0794e3a350c503de77af6381451c3bb1209b50844f99d970feb764fe1
1,106.6435392,73,Male,6,1996,488e33e0794e3a350c503de77af6381451c3bb1209b50844f99d970feb764fe1
1,NA,75,Male,7,1997,488e33e0794e3a350c503de77af6381451c3bb1209b50844f99d970feb764fe1
0,110.520997,54,Male,8,1998,488e33e0794e3a350c503de77af6381451c3bb1209b50844f99d970feb764fe1
0,30.37253562,97,Male,0,1991,96907a8a81e2f665259d9b72720298a3cb54fb7ab61aba09310a455159e40b7b
1,22.12605725,103,Female,0,1992,69f04a035b2396214cfab006612d992b2f4fa028876bc398e318ce2dff48c05a
1,41.97418412,97,Female,1,1993,69f04a035b2396214cfab006612d992b2f4fa028876bc398e318ce2dff48c05a
1,56.42389225,90,Female,2,1994,69f04a035b2396214cfab006612d992b2f4fa028876bc398e318ce2dff48c05a
1,64.40237375,79,Female,3,1995,69f04a035b2396214cfab006612d992b2f4fa028876bc398e318ce2dff48c05a
1,69.34933056,73,Female,4,1996,69f04a035b2396214cfab006612d992b2f4fa028876bc398e318ce2dff48c05a
0,72.64790015,75,Female,5,1997,69f04a035b2396214cfab006612d992b2f4fa028876bc398e318ce2dff48c05a
0,22.23561932,97,Male,0,1993,daf2d475b35ddbf4ee7e81707c5f86674092457114218978234af6f49c13f055
0,NA,90,Male,0,1994,a758513a6a05c88a13cbffccaa3d9816a3086f7ba161ba2912f9d5c603e08f8c
1,30.64893622,65,Female,0,1988,9ed210778cb11994e4bd316218b75ae130a39f9160b3b1276cc23851e304c786
1,37.8211257,72,Female,1,1989,9ed210778cb11994e4bd316218b75ae130a39f9160b3b1276cc23851e304c786
1,50.58821432,83,Female,2,1990,9ed210778cb11994e4bd316218b75ae130a39f9160b3b1276cc23851e304c786
1,61.8179464,97,Female,3,1991,9ed210778cb11994e4bd316218b75ae130a39f9160b3b1276cc23851e304c786
1,64.43332978,103,Female,4,1992,9ed210778cb11994e4bd316218b75ae130a39f9160b3b1276cc23851e304c786
1,63.41915491,97,Female,5,1993,9ed210778cb11994e4bd316218b75ae130a39f9160b3b1276cc23851e304c786
1,65.84047447,90,Female,6,1994,9ed210778cb11994e4bd316218b75ae130a39f9160b3b1276cc23851e304c786
1,66.82490816,79,Female,7,1995,9ed210778cb11994e4bd316218b75ae130a39f9160b3b1276cc23851e304c786
1,68.61711872,73,Female,8,1996,9ed210778cb11994e4bd316218b75ae130a39f9160b3b1276cc23851e304c786
1,66.9355687,75,Female,9,1997,9ed210778cb11994e4bd316218b75ae130a39f9160b3b1276cc23851e304c786
1,67.67176841,54,Female,10,1998,9ed210778cb11994e4bd316218b75ae130a39f9160b3b1276cc23851e304c786
1,61.3860026,45,Female,11,1999,9ed210778cb11994e4bd316218b75ae130a39f9160b3b1276cc23851e304c786
1,66.98522317,37,Female,12,2000,9ed210778cb11994e4bd316218b75ae130a39f9160b3b1276cc23851e304c786
0,66.35620735,32,Female,13,2001,9ed210778cb11994e4bd316218b75ae130a39f9160b3b1276cc23851e304c786
1,26.22727273,72,Female,0,1989,c592bdb31141c1526eb0fea3732db38dce9f437c1bbf97ef0e026562cfa0204f
1,NA,83,Female,1,1990,c592bdb31141c1526eb0fea3732db38dce9f437c1bbf97ef0e026562cfa0204f
1,48.14101683,97,Female,2,1991,c592bdb31141c1526eb0fea3732db38dce9f437c1bbf97ef0e026562cfa0204f
1,59.57604537,103,Female,3,1992,c592bdb31141c1526eb0fea3732db38dce9f437c1bbf97ef0e026562cfa0204f
1,63.28955225,97,Female,4,1993,c592bdb31141c1526eb0fea3732db38dce9f437c1bbf97ef0e026562cfa0204f
1,69.20204804,90,Female,5,1994,c592bdb31141c1526eb0fea3732db38dce9f437c1bbf97ef0e026562cfa0204f
1,64.83546045,79,Female,6,1995,c592bdb31141c1526eb0fea3732db38dce9f437c1bbf97ef0e026562cfa0204f
1,72.67971798,73,Female,7,1996,c592bdb31141c1526eb0fea3732db38dce9f437c1bbf97ef0e026562cfa0204f
1,71.60034959,75,Female,8,1997,c592bdb31141c1526eb0fea3732db38dce9f437c1bbf97ef0e026562cfa0204f
1,67.73001648,54,Female,9,1998,c592bdb31141c1526eb0fea3732db38dce9f437c1bbf97ef0e026562cfa0204f
NA,NA,45,Female,10,1999,c592bdb31141c1526eb0fea3732db38dce9f437c1bbf97ef0e026562cfa0204f
0,15.24775776,97,Female,0,1991,29671f78a8937b1f1407077dd0b31f65d89861be84daf2272addbe2dafc09bd5
0,16.4305903,97,Female,0,1993,ad7040aa6566462898fc62a925d7c8558ec7883154718a048bd3907285987f2a
0,NA,65,Male,0,1988,b9b0e2a5ecd4aaeaf064ffcb6553f28c3c61b250d620e1daacf208d0603b6d2d
0,25.39134208,72,Male,0,1989,da3d33bceb06aae5a327ca58e79cc27cfcf4012853869a733ebe69df32154044
0,NA,97,Male,0,1991,a5cd7a947396478bed8cba964311b7cdc58ffc0f8428b6d40aba0fd2f9e6c9c6
1,24.88602567,97,Male,0,1993,cb2664edbaf3802d6e94328999af48e6ada9f2dce475d8d0e18303f84d0cdbb2
1,44.32001833,90,Male,1,1994,cb2664edbaf3802d6e94328999af48e6ada9f2dce475d8d0e18303f84d0cdbb2
1,52.71940803,79,Male,2,1995,cb2664edbaf3802d6e94328999af48e6ada9f2dce475d8d0e18303f84d0cdbb2
1,75.23743671,73,Male,3,1996,cb2664edbaf3802d6e94328999af48e6ada9f2dce475d8d0e18303f84d0cdbb2
1,NA,75,Male,4,1997,cb2664edbaf3802d6e94328999af48e6ada9f2dce475d8d0e18303f84d0cdbb2
1,87.2737794,54,Male,5,1998,cb2664edbaf3802d6e94328999af48e6ada9f2dce475d8d0e18303f84d0cdbb2
1,82.12644792,45,Male,6,1999,cb2664edbaf3802d6e94328999af48e6ada9f2dce475d8d0e18303f84d0cdbb2
1,NA,37,Male,7,2000,cb2664edbaf3802d6e94328999af48e6ada9f2dce475d8d0e18303f84d0cdbb2
0,NA,32,Male,8,2001,cb2664edbaf3802d6e94328999af48e6ada9f2dce475d8d0e18303f84d0cdbb2
1,29.64893622,65,Female,0,1988,630fa1543cfae04e35caf0ea56ab620a5d226d11a8f9d9696830203e7ca7749d
1,42.90796304,72,Female,1,1989,630fa1543cfae04e35caf0ea56ab620a5d226d11a8f9d9696830203e7ca7749d
1,54.87798538,83,Female,2,1990,630fa1543cfae04e35caf0ea56ab620a5d226d11a8f9d9696830203e7ca7749d
1,59.36029733,97,Female,3,1991,630fa1543cfae04e35caf0ea56ab620a5d226d11a8f9d9696830203e7ca7749d
1,69.02263142,103,Female,4,1992,630fa1543cfae04e35caf0ea56ab620a5d226d11a8f9d9696830203e7ca7749d
0,64.14860417,97,Female,5,1993,630fa1543cfae04e35caf0ea56ab620a5d226d11a8f9d9696830203e7ca7749d
1,NA,72,Female,0,1989,4c22c2016c17dcf52fc257d19d671e395bd35e29c4b0b199f2d30fb64a338459
1,42.55007853,83,Female,1,1990,4c22c2016c17dcf52fc257d19d671e395bd35e29c4b0b199f2d30fb64a338459
1,57.51389751,97,Female,2,1991,4c22c2016c17dcf52fc257d19d671e395bd35e29c4b0b199f2d30fb64a338459
1,69.45155314,103,Female,3,1992,4c22c2016c17dcf52fc257d19d671e395bd35e29c4b0b199f2d30fb64a338459
1,67.03123468,97,Female,4,1993,4c22c2016c17dcf52fc257d19d671e395bd35e29c4b0b199f2d30fb64a338459
1,75.49085419,90,Female,5,1994,4c22c2016c17dcf52fc257d19d671e395bd35e29c4b0b199f2d30fb64a338459
1,77.44008306,79,Female,6,1995,4c22c2016c17dcf52fc257d19d671e395bd35e29c4b0b199f2d30fb64a338459
1,79.19080839,73,Female,7,1996,4c22c2016c17dcf52fc257d19d671e395bd35e29c4b0b199f2d30fb64a338459
1,72.52737813,75,Female,8,1997,4c22c2016c17dcf52fc257d19d671e395bd35e29c4b0b199f2d30fb64a338459
1,73.47052102,54,Female,9,1998,4c22c2016c17dcf52fc257d19d671e395bd35e29c4b0b199f2d30fb64a338459
1,70.70869624,45,Female,10,1999,4c22c2016c17dcf52fc257d19d671e395bd35e29c4b0b199f2d30fb64a338459
1,75.3353722,37,Female,11,2000,4c22c2016c17dcf52fc257d19d671e395bd35e29c4b0b199f2d30fb64a338459
0,74.47740101,32,Female,12,2001,4c22c2016c17dcf52fc257d19d671e395bd35e29c4b0b199f2d30fb64a338459
0,29.03114084,97,Female,0,1991,cb21027238042d49a71b5ec38edeed41fac6674af118583ba05992923ed5bbdb
1,34.50392022,65,Male,0,1988,3cbd88fccd581a33cb927ad90e0228aa3ebb666a94fdf7a881de50e3f0f90c06
1,38.28620819,72,Male,1,1989,3cbd88fccd581a33cb927ad90e0228aa3ebb666a94fdf7a881de50e3f0f90c06
1,68.24108784,83,Male,2,1990,3cbd88fccd581a33cb927ad90e0228aa3ebb666a94fdf7a881de50e3f0f90c06
1,82.26913574,97,Male,3,1991,3cbd88fccd581a33cb927ad90e0228aa3ebb666a94fdf7a881de50e3f0f90c06
1,NA,103,Male,4,1992,3cbd88fccd581a33cb927ad90e0228aa3ebb666a94fdf7a881de50e3f0f90c06
1,NA,97,Male,5,1993,3cbd88fccd581a33cb927ad90e0228aa3ebb666a94fdf7a881de50e3f0f90c06
1,103.5014038,90,Male,6,1994,3cbd88fccd581a33cb927ad90e0228aa3ebb666a94fdf7a881de50e3f0f90c06
1,111.1947204,79,Male,7,1995,3cbd88fccd581a33cb927ad90e0228aa3ebb666a94fdf7a881de50e3f0f90c06
1,114.2614752,73,Male,8,1996,3cbd88fccd581a33cb927ad90e0228aa3ebb666a94fdf7a881de50e3f0f90c06
1,NA,75,Male,9,1997,3cbd88fccd581a33cb927ad90e0228aa3ebb666a94fdf7a881de50e3f0f90c06
NA,113.5253821,54,Male,10,1998,3cbd88fccd581a33cb927ad90e0228aa3ebb666a94fdf7a881de50e3f0f90c06
1,33.89285714,72,Male,0,1989,ddaf15fa7e4edd9b0f71e5ad55c4579a1076441cc5f4740a79f0ca79cb85078c
1,48.1510229,83,Male,1,1990,ddaf15fa7e4edd9b0f71e5ad55c4579a1076441cc5f4740a79f0ca79cb85078c
1,68.46396459,97,Male,2,1991,ddaf15fa7e4edd9b0f71e5ad55c4579a1076441cc5f4740a79f0ca79cb85078c
1,82.18936137,103,Male,3,1992,ddaf15fa7e4edd9b0f71e5ad55c4579a1076441cc5f4740a79f0ca79cb85078c
1,86.52487825,97,Male,4,1993,ddaf15fa7e4edd9b0f71e5ad55c4579a1076441cc5f4740a79f0ca79cb85078c
1,94.65808837,90,Male,5,1994,ddaf15fa7e4edd9b0f71e5ad55c4579a1076441cc5f4740a79f0ca79cb85078c
1,NA,79,Male,6,1995,ddaf15fa7e4edd9b0f71e5ad55c4579a1076441cc5f4740a79f0ca79cb85078c
1,108.4630319,73,Male,7,1996,ddaf15fa7e4edd9b0f71e5ad55c4579a1076441cc5f4740a79f0ca79cb85078c
1,103.2656937,75,Male,8,1997,ddaf15fa7e4edd9b0f71e5ad55c4579a1076441cc5f4740a79f0ca79cb85078c
0,NA,54,Male,9,1998,ddaf15fa7e4edd9b0f71e5ad55c4579a1076441cc5f4740a79f0ca79cb85078c
1,NA,97,Male,0,1991,3d62db3b788e78ad188c4c7c0c59c10e784eb0feb52cad3e58b5b6b97aec0c3c
0,40.29702345,103,Male,1,1992,3d62db3b788e78ad188c4c7c0c59c10e784eb0feb52cad3e58b5b6b97aec0c3c
1,20.62891107,65,Male,0,1988,5e355416bae99a340d145bbd66579a0bcfb627c60a1328313377153f4acfcadb
1,45.94772706,72,Male,1,1989,5e355416bae99a340d145bbd66579a0bcfb627c60a1328313377153f4acfcadb
1,60.30612977,83,Male,2,1990,5e355416bae99a340d145bbd66579a0bcfb627c60a1328313377153f4acfcadb
0,75.72254336,97,Male,3,1991,5e355416bae99a340d145bbd66579a0bcfb627c60a1328313377153f4acfcadb
1,32.91736201,72,Male,0,1989,cb90f382f3df38d2c26d4c7319f4b3315c481e027d4fb810e214f14873537e49
1,50.8373662,83,Male,1,1990,cb90f382f3df38d2c26d4c7319f4b3315c481e027d4fb810e214f14873537e49
1,78.18673078,97,Male,2,1991,cb90f382f3df38d2c26d4c7319f4b3315c481e027d4fb810e214f14873537e49
1,91.94393028,103,Male,3,1992,cb90f382f3df38d2c26d4c7319f4b3315c481e027d4fb810e214f14873537e49
1,93.50649103,97,Male,4,1993,cb90f382f3df38d2c26d4c7319f4b3315c481e027d4fb810e214f14873537e49
1,103.0950839,90,Male,5,1994,cb90f382f3df38d2c26d4c7319f4b3315c481e027d4fb810e214f14873537e49
1,115.8073017,79,Male,6,1995,cb90f382f3df38d2c26d4c7319f4b3315c481e027d4fb810e214f14873537e49
1,124.2102798,73,Male,7,1996,cb90f382f3df38d2c26d4c7319f4b3315c481e027d4fb810e214f14873537e49
0,121.0418833,75,Male,8,1997,cb90f382f3df38d2c26d4c7319f4b3315c481e027d4fb810e214f14873537e49
0,29.35635611,97,Female,0,1991,4d06a2eae121530b154876cd2e8cc9093bbdd68e86cf41de4e30f01af586362b
0,29.00392022,65,Male,0,1988,a06f6e725f77c1845eac07dd751120273e455e52394f3a0095ea97f166b69993
1,23.10747378,72,Female,0,1989,63864fad1d5f12cc1a267c5d1fcb8b7cc8fcca6fa83ba1d9ff6d6f0b25803441
1,37.15777057,83,Female,1,1990,63864fad1d5f12cc1a267c5d1fcb8b7cc8fcca6fa83ba1d9ff6d6f0b25803441
1,56.05534644,97,Female,2,1991,63864fad1d5f12cc1a267c5d1fcb8b7cc8fcca6fa83ba1d9ff6d6f0b25803441
0,64.09387176,103,Female,3,1992,63864fad1d5f12cc1a267c5d1fcb8b7cc8fcca6fa83ba1d9ff6d6f0b25803441
0,22.47687049,97,Female,0,1991,354dd2ef622a1e5fd7647c15ea45c96fc149264775407eccf66a86900d54422d
1,34.43773676,65,Male,0,1988,3440e114e5db5def74bf5cfb85e6799623f93f0bbdd0f5592e610e07c31f03fe
1,48.76360611,72,Male,1,1989,3440e114e5db5def74bf5cfb85e6799623f93f0bbdd0f5592e610e07c31f03fe
0,68.66867136,83,Male,2,1990,3440e114e5db5def74bf5cfb85e6799623f93f0bbdd0f5592e610e07c31f03fe
0,27.85747378,72,Female,0,1989,27e7dbd1b28dc26533abbe2c46a31a966dcc0ef5af1be28d1ed96c2a135904da
0,25.40840714,97,Male,0,1991,f6eb5aecbf8c4a442cb1a21a03dc495f3c858b76356ef0779cdfb19bff595853
1,23.44181507,65,Female,0,1988,b3f5efc62c5ec1f29b3089d55445eaa90996739cea853194953c298525995021
0,NA,72,Female,1,1989,b3f5efc62c5ec1f29b3089d55445eaa90996739cea853194953c298525995021
1,27.92395701,72,Female,0,1989,b822518fc8bb6b52072c997a743b05267800b2402f16fec031b084e0d2f780ae
0,NA,83,Female,1,1990,b822518fc8bb6b52072c997a743b05267800b2402f16fec031b084e0d2f780ae
0,17.5739601,97,Female,0,1991,97aefd3dacdcbf3b03d527aa66a38f9bb6eccd839ec187ade9b673ddc9c15955
1,27.33951018,65,Female,0,1988,5780f1195cc81b951ddd808cf63523a086558d397fd9833eee66cdd4930e349f
1,44.98738779,72,Female,1,1989,5780f1195cc81b951ddd808cf63523a086558d397fd9833eee66cdd4930e349f
0,55.46149732,83,Female,2,1990,5780f1195cc81b951ddd808cf63523a086558d397fd9833eee66cdd4930e349f
1,26.74681341,72,Female,0,1989,847ce0db85453a0821cfe094d4a6d101bd52d75092a2a0b3693c0693bff52904
0,41.96114926,83,Female,1,1990,847ce0db85453a0821cfe094d4a6d101bd52d75092a2a0b3693c0693bff52904
1,25.39226708,97,Female,0,1991,803034bfdb277b7d8d0ea7ee1136b135a09d1b2f9b4a91a94e99743457a0d23c
1,41.97137405,103,Female,1,1992,803034bfdb277b7d8d0ea7ee1136b135a09d1b2f9b4a91a94e99743457a0d23c
1,55.6665926,97,Female,2,1993,803034bfdb277b7d8d0ea7ee1136b135a09d1b2f9b4a91a94e99743457a0d23c
1,64.7399846,90,Female,3,1994,803034bfdb277b7d8d0ea7ee1136b135a09d1b2f9b4a91a94e99743457a0d23c
1,63.49128168,79,Female,4,1995,803034bfdb277b7d8d0ea7ee1136b135a09d1b2f9b4a91a94e99743457a0d23c
1,67.95333951,73,Female,5,1996,803034bfdb277b7d8d0ea7ee1136b135a09d1b2f9b4a91a94e99743457a0d23c
1,68.62741694,75,Female,6,1997,803034bfdb277b7d8d0ea7ee1136b135a09d1b2f9b4a91a94e99743457a0d23c
1,69.55406137,54,Female,7,1998,803034bfdb277b7d8d0ea7ee1136b135a09d1b2f9b4a91a94e99743457a0d23c
1,63.87923466,45,Female,8,1999,803034bfdb277b7d8d0ea7ee1136b135a09d1b2f9b4a91a94e99743457a0d23c
1,70.43362591,37,Female,9,2000,803034bfdb277b7d8d0ea7ee1136b135a09d1b2f9b4a91a94e99743457a0d23c
1,65.91768779,32,Female,10,2001,803034bfdb277b7d8d0ea7ee1136b135a09d1b2f9b4a91a94e99743457a0d23c
0,65.57796767,21,Female,11,2002,803034bfdb277b7d8d0ea7ee1136b135a09d1b2f9b4a91a94e99743457a0d23c
1,24.21843346,65,Male,0,1988,d3d83f9975ddeb0c6c8ae52a3a3c36f81a46018b32b49a975864f10f2eaedf04
1,45.19030893,72,Male,1,1989,d3d83f9975ddeb0c6c8ae52a3a3c36f81a46018b32b49a975864f10f2eaedf04
1,56.5604175,83,Male,2,1990,d3d83f9975ddeb0c6c8ae52a3a3c36f81a46018b32b49a975864f10f2eaedf04
1,74.2891756,97,Male,3,1991,d3d83f9975ddeb0c6c8ae52a3a3c36f81a46018b32b49a975864f10f2eaedf04
NA,NA,79,Male,7,1995,d3d83f9975ddeb0c6c8ae52a3a3c36f81a46018b32b49a975864f10f2eaedf04
1,27.74681341,72,Female,0,1989,a315e67d496c5d0ae207bdaffc9e338503e06595800fdb9e291f26967f9c0f2b
1,37.58954138,83,Female,1,1990,a315e67d496c5d0ae207bdaffc9e338503e06595800fdb9e291f26967f9c0f2b
1,57.10233129,97,Female,2,1991,a315e67d496c5d0ae207bdaffc9e338503e06595800fdb9e291f26967f9c0f2b
1,64.01596305,103,Female,3,1992,a315e67d496c5d0ae207bdaffc9e338503e06595800fdb9e291f26967f9c0f2b
1,62.86621412,97,Female,4,1993,a315e67d496c5d0ae207bdaffc9e338503e06595800fdb9e291f26967f9c0f2b
1,71.73365716,90,Female,5,1994,a315e67d496c5d0ae207bdaffc9e338503e06595800fdb9e291f26967f9c0f2b
1,68.30338789,79,Female,6,1995,a315e67d496c5d0ae207bdaffc9e338503e06595800fdb9e291f26967f9c0f2b
1,71.14635143,73,Female,7,1996,a315e67d496c5d0ae207bdaffc9e338503e06595800fdb9e291f26967f9c0f2b
1,71.5947312,75,Female,8,1997,a315e67d496c5d0ae207bdaffc9e338503e06595800fdb9e291f26967f9c0f2b
1,68.50697556,54,Female,9,1998,a315e67d496c5d0ae207bdaffc9e338503e06595800fdb9e291f26967f9c0f2b
1,67.77950988,45,Female,10,1999,a315e67d496c5d0ae207bdaffc9e338503e06595800fdb9e291f26967f9c0f2b
1,70.76633428,37,Female,11,2000,a315e67d496c5d0ae207bdaffc9e338503e06595800fdb9e291f26967f9c0f2b
1,71.31860497,32,Female,12,2001,a315e67d496c5d0ae207bdaffc9e338503e06595800fdb9e291f26967f9c0f2b
1,70.69073564,21,Female,13,2002,a315e67d496c5d0ae207bdaffc9e338503e06595800fdb9e291f26967f9c0f2b
1,68.9591981,20,Female,14,2003,a315e67d496c5d0ae207bdaffc9e338503e06595800fdb9e291f26967f9c0f2b
0,71.06659917,18,Female,15,2004,a315e67d496c5d0ae207bdaffc9e338503e06595800fdb9e291f26967f9c0f2b
0,22.89226708,97,Female,0,1991,8b20e7d9cdf265b2e5786d5a083c4264588be0cad0ef8c5207582c2dc2a03413
NA,65.77804058,34,Female,5,1979,8d74f8808690aadc498be4913b0aa2dd97fdcba232bcd4531633867895d82d93
1,115.6709296,34,Male,4,1979,6e66e06c27e7c353ee1cc32b8475f5d9f5067e4688a14c02e6b04e9f39af02f3
1,NA,33,Male,5,1980,6e66e06c27e7c353ee1cc32b8475f5d9f5067e4688a14c02e6b04e9f39af02f3
1,NA,31,Male,6,1981,6e66e06c27e7c353ee1cc32b8475f5d9f5067e4688a14c02e6b04e9f39af02f3
0,NA,36,Male,7,1982,6e66e06c27e7c353ee1cc32b8475f5d9f5067e4688a14c02e6b04e9f39af02f3
1,70.95349032,34,Male,2,1979,32fdc9be120c6eaa8636d9e160f4e170d846217e121472c3375c86471bfc3b8e
1,NA,33,Male,3,1980,32fdc9be120c6eaa8636d9e160f4e170d846217e121472c3375c86471bfc3b8e
1,NA,31,Male,4,1981,32fdc9be120c6eaa8636d9e160f4e170d846217e121472c3375c86471bfc3b8e
1,106.4196799,36,Male,5,1982,32fdc9be120c6eaa8636d9e160f4e170d846217e121472c3375c86471bfc3b8e
NA,NA,38,Male,6,1983,32fdc9be120c6eaa8636d9e160f4e170d846217e121472c3375c86471bfc3b8e
0,44.79994438,34,Male,1,1979,6101ea033aba98bb1962f9cce114b3d60f816c72ffeb8e6b03e0f1f3e3ecabf0
1,58.42005308,34,Female,1,1979,28a20dec5e5e7bf52d1f1e63a18319ae2d32d4cb0ea7892e631efb73026c6fad
1,63.93336717,33,Female,2,1980,28a20dec5e5e7bf52d1f1e63a18319ae2d32d4cb0ea7892e631efb73026c6fad
1,70.34661764,31,Female,3,1981,28a20dec5e5e7bf52d1f1e63a18319ae2d32d4cb0ea7892e631efb73026c6fad
1,71.5599743,36,Female,4,1982,28a20dec5e5e7bf52d1f1e63a18319ae2d32d4cb0ea7892e631efb73026c6fad
0,73.61303697,38,Female,5,1983,28a20dec5e5e7bf52d1f1e63a18319ae2d32d4cb0ea7892e631efb73026c6fad
1,28.36552759,33,Male,0,1980,cc1e5d5a9c88e51f820aa0ea398b7195da9ae54fcd2a34a1fc9124fde6d4a9a8
0,52.71379186,31,Male,1,1981,cc1e5d5a9c88e51f820aa0ea398b7195da9ae54fcd2a34a1fc9124fde6d4a9a8
0,29.69230769,31,Female,0,1981,f49706a79b5d572ab188047d60a65320e4fcad7d702748a6d64ff6bd55586806
1,30.33440931,36,Female,0,1982,e97bae6990202437200d482fa9b6bed3c11bba1f32cb0501630cd2da3377a057
1,48.87126218,38,Female,1,1983,e97bae6990202437200d482fa9b6bed3c11bba1f32cb0501630cd2da3377a057
1,58.31067799,47,Female,2,1984,e97bae6990202437200d482fa9b6bed3c11bba1f32cb0501630cd2da3377a057
1,64.20650951,51,Female,3,1985,e97bae6990202437200d482fa9b6bed3c11bba1f32cb0501630cd2da3377a057
1,68.16925508,58,Female,4,1986,e97bae6990202437200d482fa9b6bed3c11bba1f32cb0501630cd2da3377a057
1,70.88653776,61,Female,5,1987,e97bae6990202437200d482fa9b6bed3c11bba1f32cb0501630cd2da3377a057
1,67.42937647,65,Female,6,1988,e97bae6990202437200d482fa9b6bed3c11bba1f32cb0501630cd2da3377a057
1,69.56875668,72,Female,7,1989,e97bae6990202437200d482fa9b6bed3c11bba1f32cb0501630cd2da3377a057
1,68.29178517,83,Female,8,1990,e97bae6990202437200d482fa9b6bed3c11bba1f32cb0501630cd2da3377a057
1,70.37733005,97,Female,9,1991,e97bae6990202437200d482fa9b6bed3c11bba1f32cb0501630cd2da3377a057
1,73.6082775,103,Female,10,1992,e97bae6990202437200d482fa9b6bed3c11bba1f32cb0501630cd2da3377a057
0,70.09327535,97,Female,11,1993,e97bae6990202437200d482fa9b6bed3c11bba1f32cb0501630cd2da3377a057
1,NA,38,Female,0,1983,e8c169d57d68d78c0b402c6941498bce3f7beba1e7e0b876c656cec93198ae40
1,48.63956525,47,Female,1,1984,e8c169d57d68d78c0b402c6941498bce3f7beba1e7e0b876c656cec93198ae40
1,63.44407894,51,Female,2,1985,e8c169d57d68d78c0b402c6941498bce3f7beba1e7e0b876c656cec93198ae40
1,65.7715658,58,Female,3,1986,e8c169d57d68d78c0b402c6941498bce3f7beba1e7e0b876c656cec93198ae40
1,69.1965167,61,Female,4,1987,e8c169d57d68d78c0b402c6941498bce3f7beba1e7e0b876c656cec93198ae40
1,70.37169521,65,Female,5,1988,e8c169d57d68d78c0b402c6941498bce3f7beba1e7e0b876c656cec93198ae40
1,74.34657301,72,Female,6,1989,e8c169d57d68d78c0b402c6941498bce3f7beba1e7e0b876c656cec93198ae40
1,72.81420073,83,Female,7,1990,e8c169d57d68d78c0b402c6941498bce3f7beba1e7e0b876c656cec93198ae40
0,77.79224742,97,Female,8,1991,e8c169d57d68d78c0b402c6941498bce3f7beba1e7e0b876c656cec93198ae40
NA,NA,47,Male,0,1984,b9c34bf128c08c06a6f2dd4429346ad9278ac0ea1ee16c61a0074fd5a648cb04
1,NA,51,Female,1,1985,aa2e654952d1b9a1c5d240ecb89abbc1b5725941589a29d031de8be1a851c39f
1,60.12927945,58,Female,2,1986,aa2e654952d1b9a1c5d240ecb89abbc1b5725941589a29d031de8be1a851c39f
1,67.81348669,61,Female,3,1987,aa2e654952d1b9a1c5d240ecb89abbc1b5725941589a29d031de8be1a851c39f
1,69.94708413,65,Female,4,1988,aa2e654952d1b9a1c5d240ecb89abbc1b5725941589a29d031de8be1a851c39f
1,71.08005231,72,Female,5,1989,aa2e654952d1b9a1c5d240ecb89abbc1b5725941589a29d031de8be1a851c39f
1,68.87208305,83,Female,6,1990,aa2e654952d1b9a1c5d240ecb89abbc1b5725941589a29d031de8be1a851c39f
0,77.69914499,97,Female,7,1991,aa2e654952d1b9a1c5d240ecb89abbc1b5725941589a29d031de8be1a851c39f
0,NA,58,Male,1,1986,9cef02873ae873611e567353d67e2123e0e6380f75e62173222c90bc228202fe
1,NA,58,Male,1,1986,f16576387013c9afcdd1697bcc04089ec27829963dc1a71f22e7fa48d0967c6d
1,65.16116737,61,Male,2,1987,f16576387013c9afcdd1697bcc04089ec27829963dc1a71f22e7fa48d0967c6d
1,86.77818704,65,Male,3,1988,f16576387013c9afcdd1697bcc04089ec27829963dc1a71f22e7fa48d0967c6d
1,98.55777137,72,Male,4,1989,f16576387013c9afcdd1697bcc04089ec27829963dc1a71f22e7fa48d0967c6d
NA,NA,83,Male,5,1990,f16576387013c9afcdd1697bcc04089ec27829963dc1a71f22e7fa48d0967c6d
1,34.42608696,61,Male,0,1987,dfea495b20797bdab2a6cbdd7ff4e3f016c028573994de0a82c519a99f237ebd
1,61.85813309,65,Male,1,1988,dfea495b20797bdab2a6cbdd7ff4e3f016c028573994de0a82c519a99f237ebd
1,75.54410631,72,Male,2,1989,dfea495b20797bdab2a6cbdd7ff4e3f016c028573994de0a82c519a99f237ebd
1,NA,83,Male,3,1990,dfea495b20797bdab2a6cbdd7ff4e3f016c028573994de0a82c519a99f237ebd
1,102.3575873,97,Male,4,1991,dfea495b20797bdab2a6cbdd7ff4e3f016c028573994de0a82c519a99f237ebd
1,NA,103,Male,5,1992,dfea495b20797bdab2a6cbdd7ff4e3f016c028573994de0a82c519a99f237ebd
1,NA,97,Male,6,1993,dfea495b20797bdab2a6cbdd7ff4e3f016c028573994de0a82c519a99f237ebd
0,NA,90,Male,7,1994,dfea495b20797bdab2a6cbdd7ff4e3f016c028573994de0a82c519a99f237ebd
1,NA,61,Male,0,1987,8685c4e2640dfcba44f79a43b178448f9dffc2f026eb042a61bcb4066b9e56f0
1,53.20995064,65,Male,1,1988,8685c4e2640dfcba44f79a43b178448f9dffc2f026eb042a61bcb4066b9e56f0
1,71.81176262,72,Male,2,1989,8685c4e2640dfcba44f79a43b178448f9dffc2f026eb042a61bcb4066b9e56f0
1,NA,83,Male,3,1990,8685c4e2640dfcba44f79a43b178448f9dffc2f026eb042a61bcb4066b9e56f0
1,NA,97,Male,4,1991,8685c4e2640dfcba44f79a43b178448f9dffc2f026eb042a61bcb4066b9e56f0
0,NA,103,Male,5,1992,8685c4e2640dfcba44f79a43b178448f9dffc2f026eb042a61bcb4066b9e56f0
1,31.005,72,Male,0,1989,07e64e9d3e77aa4fe52de04100b2a086a63c26fc03db764e2dd4297794e53bab
1,47.71595205,83,Male,1,1990,07e64e9d3e77aa4fe52de04100b2a086a63c26fc03db764e2dd4297794e53bab
0,NA,97,Male,2,1991,07e64e9d3e77aa4fe52de04100b2a086a63c26fc03db764e2dd4297794e53bab
0,NA,83,Female,0,1990,173097ec6ee7a30a91b1807fe7ba9d2e8a3c781a39ca6e36d9917bcb004bbed4
1,28.83777913,97,Male,0,1991,5d06d20bfb5c639a83c4b44fb3ea4e2d9081863b89ac9507006a4227c59622fc
1,44.97197123,103,Male,1,1992,5d06d20bfb5c639a83c4b44fb3ea4e2d9081863b89ac9507006a4227c59622fc
1,62.17939069,97,Male,2,1993,5d06d20bfb5c639a83c4b44fb3ea4e2d9081863b89ac9507006a4227c59622fc
1,NA,90,Male,3,1994,5d06d20bfb5c639a83c4b44fb3ea4e2d9081863b89ac9507006a4227c59622fc
1,70.83907413,79,Male,4,1995,5d06d20bfb5c639a83c4b44fb3ea4e2d9081863b89ac9507006a4227c59622fc
0,NA,73,Male,5,1996,5d06d20bfb5c639a83c4b44fb3ea4e2d9081863b89ac9507006a4227c59622fc
NA,21.79572452,103,Female,0,1992,cedf19b4ec873bd0ab6aea7ec442b5ae7e44d5475f3e317db698a58c9266fd13
0,NA,97,Female,0,1993,0dddf589c83399febfa7251f236ece0e612de3fb200288654f2e31a59c6815e3
0,23.77709462,90,Male,0,1994,a87911ad52cbec1a34f55613dd71eb65ca1571e50348824208e2c68df7e273ad
1,28.35819683,65,Male,0,1988,a27289a5b2fec5a999c61f13680494de4ded2a732064187db91b9bd29df4bfed
NA,NA,72,Male,1,1989,a27289a5b2fec5a999c61f13680494de4ded2a732064187db91b9bd29df4bfed
1,21,72,Female,0,1989,8e0e6355f0901a027d840a539819d6f2e11adc77a7d11b0d653650c2e5155bfd
1,NA,83,Female,1,1990,8e0e6355f0901a027d840a539819d6f2e11adc77a7d11b0d653650c2e5155bfd
1,46.15104075,97,Female,2,1991,8e0e6355f0901a027d840a539819d6f2e11adc77a7d11b0d653650c2e5155bfd
1,60.09329492,103,Female,3,1992,8e0e6355f0901a027d840a539819d6f2e11adc77a7d11b0d653650c2e5155bfd
1,65.01673355,97,Female,4,1993,8e0e6355f0901a027d840a539819d6f2e11adc77a7d11b0d653650c2e5155bfd
1,66.49561045,90,Female,5,1994,8e0e6355f0901a027d840a539819d6f2e11adc77a7d11b0d653650c2e5155bfd
1,66.62529009,79,Female,6,1995,8e0e6355f0901a027d840a539819d6f2e11adc77a7d11b0d653650c2e5155bfd
1,70.04107978,73,Female,7,1996,8e0e6355f0901a027d840a539819d6f2e11adc77a7d11b0d653650c2e5155bfd
1,67.16410719,75,Female,8,1997,8e0e6355f0901a027d840a539819d6f2e11adc77a7d11b0d653650c2e5155bfd
1,69.74039915,54,Female,9,1998,8e0e6355f0901a027d840a539819d6f2e11adc77a7d11b0d653650c2e5155bfd
0,68.69471982,45,Female,10,1999,8e0e6355f0901a027d840a539819d6f2e11adc77a7d11b0d653650c2e5155bfd
1,NA,97,Female,0,1991,f69c4d9229fe0c90c69106dc821f76deffbe7998634a4ecf3ca7f579a1f642a5
1,36.9144412,103,Female,1,1992,f69c4d9229fe0c90c69106dc821f76deffbe7998634a4ecf3ca7f579a1f642a5
1,52.75756779,97,Female,2,1993,f69c4d9229fe0c90c69106dc821f76deffbe7998634a4ecf3ca7f579a1f642a5
1,66.53511273,90,Female,3,1994,f69c4d9229fe0c90c69106dc821f76deffbe7998634a4ecf3ca7f579a1f642a5
1,72.34262675,79,Female,4,1995,f69c4d9229fe0c90c69106dc821f76deffbe7998634a4ecf3ca7f579a1f642a5
1,76.05865538,73,Female,5,1996,f69c4d9229fe0c90c69106dc821f76deffbe7998634a4ecf3ca7f579a1f642a5
0,65.77504542,75,Female,6,1997,f69c4d9229fe0c90c69106dc821f76deffbe7998634a4ecf3ca7f579a1f642a5
1,30.61333048,65,Female,0,1988,c06936417b7929f098d32d9d06df1628c7edebacffc3a74f336f04ae7c61bbc8
1,42.37242929,72,Female,1,1989,c06936417b7929f098d32d9d06df1628c7edebacffc3a74f336f04ae7c61bbc8
1,54.33022889,83,Female,2,1990,c06936417b7929f098d32d9d06df1628c7edebacffc3a74f336f04ae7c61bbc8
1,59.52868542,97,Female,3,1991,c06936417b7929f098d32d9d06df1628c7edebacffc3a74f336f04ae7c61bbc8
1,67.81622453,103,Female,4,1992,c06936417b7929f098d32d9d06df1628c7edebacffc3a74f336f04ae7c61bbc8
1,67.28096499,97,Female,5,1993,c06936417b7929f098d32d9d06df1628c7edebacffc3a74f336f04ae7c61bbc8
1,70.62990408,90,Female,6,1994,c06936417b7929f098d32d9d06df1628c7edebacffc3a74f336f04ae7c61bbc8
1,69.07170468,79,Female,7,1995,c06936417b7929f098d32d9d06df1628c7edebacffc3a74f336f04ae7c61bbc8
1,71.75734102,73,Female,8,1996,c06936417b7929f098d32d9d06df1628c7edebacffc3a74f336f04ae7c61bbc8
1,69.46948381,75,Female,9,1997,c06936417b7929f098d32d9d06df1628c7edebacffc3a74f336f04ae7c61bbc8
1,69.99833071,54,Female,10,1998,c06936417b7929f098d32d9d06df1628c7edebacffc3a74f336f04ae7c61bbc8
1,69.68364345,45,Female,11,1999,c06936417b7929f098d32d9d06df1628c7edebacffc3a74f336f04ae7c61bbc8
0,71.92865432,37,Female,12,2000,c06936417b7929f098d32d9d06df1628c7edebacffc3a74f336f04ae7c61bbc8
1,34.13981467,97,Male,0,1991,7b87a934f6691122da2a3a354eeba0892e71c74c5dee54ed0263e1bfb3913a68
0,NA,103,Male,1,1992,7b87a934f6691122da2a3a354eeba0892e71c74c5dee54ed0263e1bfb3913a68
1,30.68107757,65,Male,0,1988,cca35caa21fdb309a571b1a6fa09c5550f061a18c9a1fe4789398193d8049ca3
1,38.5707373,72,Male,1,1989,cca35caa21fdb309a571b1a6fa09c5550f061a18c9a1fe4789398193d8049ca3
1,61.5730826,83,Male,2,1990,cca35caa21fdb309a571b1a6fa09c5550f061a18c9a1fe4789398193d8049ca3
1,NA,97,Male,3,1991,cca35caa21fdb309a571b1a6fa09c5550f061a18c9a1fe4789398193d8049ca3
1,88.80523578,103,Male,4,1992,cca35caa21fdb309a571b1a6fa09c5550f061a18c9a1fe4789398193d8049ca3
1,NA,97,Male,5,1993,cca35caa21fdb309a571b1a6fa09c5550f061a18c9a1fe4789398193d8049ca3
1,NA,90,Male,6,1994,cca35caa21fdb309a571b1a6fa09c5550f061a18c9a1fe4789398193d8049ca3
1,NA,79,Male,7,1995,cca35caa21fdb309a571b1a6fa09c5550f061a18c9a1fe4789398193d8049ca3
0,NA,73,Male,8,1996,cca35caa21fdb309a571b1a6fa09c5550f061a18c9a1fe4789398193d8049ca3
0,23.46057406,97,Female,0,1991,2c009f6bcfbeea08938ee7d7bbff67be05d02879663b12fdee145bef67213503
1,34.56299357,65,Male,0,1988,cacc6b0ff1cb404c61c696ad601793c3f6f7ba50807f34d3c2cf783a5ea942de
1,NA,97,Male,3,1991,cacc6b0ff1cb404c61c696ad601793c3f6f7ba50807f34d3c2cf783a5ea942de
NA,NA,97,Male,5,1993,cacc6b0ff1cb404c61c696ad601793c3f6f7ba50807f34d3c2cf783a5ea942de
1,19.56479202,97,Female,0,1991,cb4365303a48e3752adebfb9304c4c479e4f12d70a5eaad6f374df1b6e228596
1,30.63050667,103,Female,1,1992,cb4365303a48e3752adebfb9304c4c479e4f12d70a5eaad6f374df1b6e228596
1,49.4836278,97,Female,2,1993,cb4365303a48e3752adebfb9304c4c479e4f12d70a5eaad6f374df1b6e228596
1,62.55136263,90,Female,3,1994,cb4365303a48e3752adebfb9304c4c479e4f12d70a5eaad6f374df1b6e228596
0,61.42213134,79,Female,4,1995,cb4365303a48e3752adebfb9304c4c479e4f12d70a5eaad6f374df1b6e228596
1,NA,65,Female,0,1988,dc7c55e861b5cf36745342f308b8f60b3323b9197cd64831ed1fdac1c1ffeb4b
1,NA,72,Female,1,1989,dc7c55e861b5cf36745342f308b8f60b3323b9197cd64831ed1fdac1c1ffeb4b
0,NA,83,Female,2,1990,dc7c55e861b5cf36745342f308b8f60b3323b9197cd64831ed1fdac1c1ffeb4b
1,28.60070299,97,Female,0,1991,d9aa67c5793bcc39d1d981bb79c6a977b46dc3947baa525d0c63729d574e5687
1,44.72849841,103,Female,1,1992,d9aa67c5793bcc39d1d981bb79c6a977b46dc3947baa525d0c63729d574e5687
1,53.09932363,97,Female,2,1993,d9aa67c5793bcc39d1d981bb79c6a977b46dc3947baa525d0c63729d574e5687
1,62.78088506,90,Female,3,1994,d9aa67c5793bcc39d1d981bb79c6a977b46dc3947baa525d0c63729d574e5687
1,57.96901861,79,Female,4,1995,d9aa67c5793bcc39d1d981bb79c6a977b46dc3947baa525d0c63729d574e5687
1,68.72477136,73,Female,5,1996,d9aa67c5793bcc39d1d981bb79c6a977b46dc3947baa525d0c63729d574e5687
1,62.27248872,75,Female,6,1997,d9aa67c5793bcc39d1d981bb79c6a977b46dc3947baa525d0c63729d574e5687
0,66.51060169,54,Female,7,1998,d9aa67c5793bcc39d1d981bb79c6a977b46dc3947baa525d0c63729d574e5687
1,30.00651327,65,Female,0,1988,a0f80c237f47f58820f4eb23752e9ddc5d8c2a28045c997118b4f5beeb31f9f8
0,NA,72,Female,1,1989,a0f80c237f47f58820f4eb23752e9ddc5d8c2a28045c997118b4f5beeb31f9f8
0,25.3926086,97,Male,0,1991,5c101f179afc4c25e1e003d689b29fe53b00229b673dbc4f66af789ef499ea5d
1,28.78544214,65,Male,0,1988,2e4b223f989be48aa116ec9fe8e54791b84b581f610d9f618dfb019e11d9a04b
0,NA,72,Male,1,1989,2e4b223f989be48aa116ec9fe8e54791b84b581f610d9f618dfb019e11d9a04b
1,29.10070299,97,Female,0,1991,5e9c52f4aca6a83121d1d847c7099a28785e45a5b7ee6eecdc8b70494eb9dd25
0,NA,103,Female,1,1992,5e9c52f4aca6a83121d1d847c7099a28785e45a5b7ee6eecdc8b70494eb9dd25
1,35.76658619,65,Male,0,1988,3f9784ae7c01c7801386270eaa70d9297ddd399dc3c41d034e1949eff2bf7e2f
1,NA,72,Male,1,1989,3f9784ae7c01c7801386270eaa70d9297ddd399dc3c41d034e1949eff2bf7e2f
1,68.07879894,83,Male,2,1990,3f9784ae7c01c7801386270eaa70d9297ddd399dc3c41d034e1949eff2bf7e2f
1,93.05055925,97,Male,3,1991,3f9784ae7c01c7801386270eaa70d9297ddd399dc3c41d034e1949eff2bf7e2f
1,NA,103,Male,4,1992,3f9784ae7c01c7801386270eaa70d9297ddd399dc3c41d034e1949eff2bf7e2f
1,NA,97,Male,5,1993,3f9784ae7c01c7801386270eaa70d9297ddd399dc3c41d034e1949eff2bf7e2f
1,115.7359211,90,Male,6,1994,3f9784ae7c01c7801386270eaa70d9297ddd399dc3c41d034e1949eff2bf7e2f
1,128.4278301,79,Male,7,1995,3f9784ae7c01c7801386270eaa70d9297ddd399dc3c41d034e1949eff2bf7e2f
1,133.3305601,73,Male,8,1996,3f9784ae7c01c7801386270eaa70d9297ddd399dc3c41d034e1949eff2bf7e2f
0,NA,75,Male,9,1997,3f9784ae7c01c7801386270eaa70d9297ddd399dc3c41d034e1949eff2bf7e2f
1,32.44984803,65,Female,0,1988,4d6faa9d4c60f6e3b083a0c96c73d15bf65e51892ddfaeb116641e346150b8ce
1,39.02920674,72,Female,1,1989,4d6faa9d4c60f6e3b083a0c96c73d15bf65e51892ddfaeb116641e346150b8ce
1,49.0532012,83,Female,2,1990,4d6faa9d4c60f6e3b083a0c96c73d15bf65e51892ddfaeb116641e346150b8ce
1,59.15291208,97,Female,3,1991,4d6faa9d4c60f6e3b083a0c96c73d15bf65e51892ddfaeb116641e346150b8ce
1,65.63439177,103,Female,4,1992,4d6faa9d4c60f6e3b083a0c96c73d15bf65e51892ddfaeb116641e346150b8ce
1,63.3726709,97,Female,5,1993,4d6faa9d4c60f6e3b083a0c96c73d15bf65e51892ddfaeb116641e346150b8ce
1,71.85448026,90,Female,6,1994,4d6faa9d4c60f6e3b083a0c96c73d15bf65e51892ddfaeb116641e346150b8ce
1,65.05587138,79,Female,7,1995,4d6faa9d4c60f6e3b083a0c96c73d15bf65e51892ddfaeb116641e346150b8ce
1,68.81068221,73,Female,8,1996,4d6faa9d4c60f6e3b083a0c96c73d15bf65e51892ddfaeb116641e346150b8ce
0,65.19689778,75,Female,9,1997,4d6faa9d4c60f6e3b083a0c96c73d15bf65e51892ddfaeb116641e346150b8ce
1,59.39857833,34,Female,3,1979,7e83d640a0d4b2d54d66399e0365fdde93a111f588eb48348d9cb171b773b883
NA,64.1863408,33,Female,4,1980,7e83d640a0d4b2d54d66399e0365fdde93a111f588eb48348d9cb171b773b883
1,77.48276445,34,Male,2,1979,757d22f85733770bae59cc857dcfc369db29031459421b808377cf06bc9881ad
1,NA,33,Male,3,1980,757d22f85733770bae59cc857dcfc369db29031459421b808377cf06bc9881ad
1,NA,31,Male,4,1981,757d22f85733770bae59cc857dcfc369db29031459421b808377cf06bc9881ad
1,106.1937551,36,Male,5,1982,757d22f85733770bae59cc857dcfc369db29031459421b808377cf06bc9881ad
0,NA,38,Male,6,1983,757d22f85733770bae59cc857dcfc369db29031459421b808377cf06bc9881ad
1,61.78938294,34,Female,2,1979,f8b4a9ceea31fcbba3d4bfff65baddc380b5689227ba50d15286a6d73e2fc9e0
1,65.6143649,33,Female,3,1980,f8b4a9ceea31fcbba3d4bfff65baddc380b5689227ba50d15286a6d73e2fc9e0
1,68.20091285,31,Female,4,1981,f8b4a9ceea31fcbba3d4bfff65baddc380b5689227ba50d15286a6d73e2fc9e0
1,66.5826968,36,Female,5,1982,f8b4a9ceea31fcbba3d4bfff65baddc380b5689227ba50d15286a6d73e2fc9e0
1,69.5193837,38,Female,6,1983,f8b4a9ceea31fcbba3d4bfff65baddc380b5689227ba50d15286a6d73e2fc9e0
1,74.87766926,47,Female,7,1984,f8b4a9ceea31fcbba3d4bfff65baddc380b5689227ba50d15286a6d73e2fc9e0
1,70.72889716,51,Female,8,1985,f8b4a9ceea31fcbba3d4bfff65baddc380b5689227ba50d15286a6d73e2fc9e0
1,73.52924084,58,Female,9,1986,f8b4a9ceea31fcbba3d4bfff65baddc380b5689227ba50d15286a6d73e2fc9e0
1,73.68838388,61,Female,10,1987,f8b4a9ceea31fcbba3d4bfff65baddc380b5689227ba50d15286a6d73e2fc9e0
1,75.87656231,65,Female,11,1988,f8b4a9ceea31fcbba3d4bfff65baddc380b5689227ba50d15286a6d73e2fc9e0
1,70.72953156,72,Female,12,1989,f8b4a9ceea31fcbba3d4bfff65baddc380b5689227ba50d15286a6d73e2fc9e0
1,69.0477828,83,Female,13,1990,f8b4a9ceea31fcbba3d4bfff65baddc380b5689227ba50d15286a6d73e2fc9e0
1,70.21706385,97,Female,14,1991,f8b4a9ceea31fcbba3d4bfff65baddc380b5689227ba50d15286a6d73e2fc9e0
1,70.43520333,103,Female,15,1992,f8b4a9ceea31fcbba3d4bfff65baddc380b5689227ba50d15286a6d73e2fc9e0
1,NA,97,Female,16,1993,f8b4a9ceea31fcbba3d4bfff65baddc380b5689227ba50d15286a6d73e2fc9e0
0,NA,90,Female,17,1994,f8b4a9ceea31fcbba3d4bfff65baddc380b5689227ba50d15286a6d73e2fc9e0
1,29.57043034,34,Female,0,1979,889ffe084eb7c7f495d224dfbf4a0490aa709bd6bc9e4a2a079ff4c4ddbbe9a3
1,47.30890748,33,Female,1,1980,889ffe084eb7c7f495d224dfbf4a0490aa709bd6bc9e4a2a079ff4c4ddbbe9a3
1,64.1878081,31,Female,2,1981,889ffe084eb7c7f495d224dfbf4a0490aa709bd6bc9e4a2a079ff4c4ddbbe9a3
1,61.4397781,36,Female,3,1982,889ffe084eb7c7f495d224dfbf4a0490aa709bd6bc9e4a2a079ff4c4ddbbe9a3
1,61.33917431,38,Female,4,1983,889ffe084eb7c7f495d224dfbf4a0490aa709bd6bc9e4a2a079ff4c4ddbbe9a3
1,69.44701867,47,Female,5,1984,889ffe084eb7c7f495d224dfbf4a0490aa709bd6bc9e4a2a079ff4c4ddbbe9a3
1,75.48717704,51,Female,6,1985,889ffe084eb7c7f495d224dfbf4a0490aa709bd6bc9e4a2a079ff4c4ddbbe9a3
1,70.16351803,58,Female,7,1986,889ffe084eb7c7f495d224dfbf4a0490aa709bd6bc9e4a2a079ff4c4ddbbe9a3
1,76.05837998,61,Female,8,1987,889ffe084eb7c7f495d224dfbf4a0490aa709bd6bc9e4a2a079ff4c4ddbbe9a3
1,66.61244466,65,Female,9,1988,889ffe084eb7c7f495d224dfbf4a0490aa709bd6bc9e4a2a079ff4c4ddbbe9a3
0,NA,72,Female,10,1989,889ffe084eb7c7f495d224dfbf4a0490aa709bd6bc9e4a2a079ff4c4ddbbe9a3
1,26.10169741,33,Female,0,1980,9376b95c73aacb67035405948d4508716b3beddc428d2a1c2f04ee9d2ded9c09
1,45.49155886,31,Female,1,1981,9376b95c73aacb67035405948d4508716b3beddc428d2a1c2f04ee9d2ded9c09
1,57.59360075,36,Female,2,1982,9376b95c73aacb67035405948d4508716b3beddc428d2a1c2f04ee9d2ded9c09
1,63.23247978,38,Female,3,1983,9376b95c73aacb67035405948d4508716b3beddc428d2a1c2f04ee9d2ded9c09
1,NA,47,Female,4,1984,9376b95c73aacb67035405948d4508716b3beddc428d2a1c2f04ee9d2ded9c09
1,NA,51,Female,5,1985,9376b95c73aacb67035405948d4508716b3beddc428d2a1c2f04ee9d2ded9c09
1,69.12457992,58,Female,6,1986,9376b95c73aacb67035405948d4508716b3beddc428d2a1c2f04ee9d2ded9c09
0,NA,61,Female,7,1987,9376b95c73aacb67035405948d4508716b3beddc428d2a1c2f04ee9d2ded9c09
0,27.76119403,31,Male,0,1981,8d239cc0f12ef8ec830dcb3389e47d5f99f865e32c46cf80bbc3ec1d6c927c6c
0,NA,36,Female,0,1982,c825390b666ce217568b59bc514d8f1503008b390d4c8b24763b2ffaa6e4ca05
1,30.4313103,38,Female,0,1983,1ea8963183f627b002c002b57a3d4155250e69ce1b364f5db6245467f9181806
1,30.4313103,38,Female,0,1983,1ea8963183f627b002c002b57a3d4155250e69ce1b364f5db6245467f9181806
1,46.20925739,47,Female,1,1984,1ea8963183f627b002c002b57a3d4155250e69ce1b364f5db6245467f9181806
1,69.45346456,58,Female,3,1986,1ea8963183f627b002c002b57a3d4155250e69ce1b364f5db6245467f9181806
0,73.55117118,61,Female,4,1987,1ea8963183f627b002c002b57a3d4155250e69ce1b364f5db6245467f9181806
NA,NA,47,Male,0,1984,edbba9799755806a1f8866ee675e31860371afe1f680e4b65b4f3683720ae08e
1,NA,51,Female,1,1985,5c2246a89c9f4bee4610cd921ed431cb424bbef6219770e66750aab4305c6bc1
1,63.8745081,58,Female,2,1986,5c2246a89c9f4bee4610cd921ed431cb424bbef6219770e66750aab4305c6bc1
1,67.38517263,61,Female,3,1987,5c2246a89c9f4bee4610cd921ed431cb424bbef6219770e66750aab4305c6bc1
1,73.05915013,65,Female,4,1988,5c2246a89c9f4bee4610cd921ed431cb424bbef6219770e66750aab4305c6bc1
1,74.15150585,72,Female,5,1989,5c2246a89c9f4bee4610cd921ed431cb424bbef6219770e66750aab4305c6bc1
1,70.74455425,83,Female,6,1990,5c2246a89c9f4bee4610cd921ed431cb424bbef6219770e66750aab4305c6bc1
1,74.86256948,97,Female,7,1991,5c2246a89c9f4bee4610cd921ed431cb424bbef6219770e66750aab4305c6bc1
1,76.39907068,103,Female,8,1992,5c2246a89c9f4bee4610cd921ed431cb424bbef6219770e66750aab4305c6bc1
1,73.19109272,97,Female,9,1993,5c2246a89c9f4bee4610cd921ed431cb424bbef6219770e66750aab4305c6bc1
1,79.01316433,90,Female,10,1994,5c2246a89c9f4bee4610cd921ed431cb424bbef6219770e66750aab4305c6bc1
1,80.39621421,79,Female,11,1995,5c2246a89c9f4bee4610cd921ed431cb424bbef6219770e66750aab4305c6bc1
1,80.48841232,73,Female,12,1996,5c2246a89c9f4bee4610cd921ed431cb424bbef6219770e66750aab4305c6bc1
1,78.31080576,75,Female,13,1997,5c2246a89c9f4bee4610cd921ed431cb424bbef6219770e66750aab4305c6bc1
0,75.69224135,54,Female,14,1998,5c2246a89c9f4bee4610cd921ed431cb424bbef6219770e66750aab4305c6bc1
1,28.48245614,58,Male,0,1986,e96fa5fadb376ba6e307978fcadfa1779c6310f0f5bd4679f5e7e3489143f3b5
1,54.04873575,61,Male,1,1987,e96fa5fadb376ba6e307978fcadfa1779c6310f0f5bd4679f5e7e3489143f3b5
1,69.37527173,65,Male,2,1988,e96fa5fadb376ba6e307978fcadfa1779c6310f0f5bd4679f5e7e3489143f3b5
1,84.53784988,72,Male,3,1989,e96fa5fadb376ba6e307978fcadfa1779c6310f0f5bd4679f5e7e3489143f3b5
1,NA,83,Male,4,1990,e96fa5fadb376ba6e307978fcadfa1779c6310f0f5bd4679f5e7e3489143f3b5
1,NA,97,Male,5,1991,e96fa5fadb376ba6e307978fcadfa1779c6310f0f5bd4679f5e7e3489143f3b5
1,NA,103,Male,6,1992,e96fa5fadb376ba6e307978fcadfa1779c6310f0f5bd4679f5e7e3489143f3b5
0,NA,97,Male,7,1993,e96fa5fadb376ba6e307978fcadfa1779c6310f0f5bd4679f5e7e3489143f3b5
0,38.86610577,61,Female,1,1987,9ed8ec6c6b44889f1efa7ef0cc42ddd84833eaf675de4c7c6a56e76c19baaf8b
1,NA,61,Female,0,1987,a40bc4e0a928dff97e3ae0d56fef731c5a1fa36eb160f327aeee1c87b4301a67
1,32.8186268,65,Female,1,1988,a40bc4e0a928dff97e3ae0d56fef731c5a1fa36eb160f327aeee1c87b4301a67
1,44.88072938,72,Female,2,1989,a40bc4e0a928dff97e3ae0d56fef731c5a1fa36eb160f327aeee1c87b4301a67
1,54.65273939,83,Female,3,1990,a40bc4e0a928dff97e3ae0d56fef731c5a1fa36eb160f327aeee1c87b4301a67
1,59.02210296,97,Female,4,1991,a40bc4e0a928dff97e3ae0d56fef731c5a1fa36eb160f327aeee1c87b4301a67
0,68.09789614,103,Female,5,1992,a40bc4e0a928dff97e3ae0d56fef731c5a1fa36eb160f327aeee1c87b4301a67
1,29.69565217,72,Female,0,1989,e96216b4c7721542f420b88c5fa17322f305ec1040f4d47bc34012ac5c23df1e
1,42.89382644,83,Female,1,1990,e96216b4c7721542f420b88c5fa17322f305ec1040f4d47bc34012ac5c23df1e
1,56.95642071,97,Female,2,1991,e96216b4c7721542f420b88c5fa17322f305ec1040f4d47bc34012ac5c23df1e
1,66.21851346,103,Female,3,1992,e96216b4c7721542f420b88c5fa17322f305ec1040f4d47bc34012ac5c23df1e
1,64.4339979,97,Female,4,1993,e96216b4c7721542f420b88c5fa17322f305ec1040f4d47bc34012ac5c23df1e
1,71.57955253,90,Female,5,1994,e96216b4c7721542f420b88c5fa17322f305ec1040f4d47bc34012ac5c23df1e
1,70.49482039,79,Female,6,1995,e96216b4c7721542f420b88c5fa17322f305ec1040f4d47bc34012ac5c23df1e
1,74.17840581,73,Female,7,1996,e96216b4c7721542f420b88c5fa17322f305ec1040f4d47bc34012ac5c23df1e
0,70.87057339,75,Female,8,1997,e96216b4c7721542f420b88c5fa17322f305ec1040f4d47bc34012ac5c23df1e
1,NA,83,Female,0,1990,252a3dbfebaa1dc1846fdc01b50e534438fdaaef5000a7efd4d6a96a9426938e
1,43.23813965,97,Female,1,1991,252a3dbfebaa1dc1846fdc01b50e534438fdaaef5000a7efd4d6a96a9426938e
1,58.89569834,103,Female,2,1992,252a3dbfebaa1dc1846fdc01b50e534438fdaaef5000a7efd4d6a96a9426938e
1,63.47253558,97,Female,3,1993,252a3dbfebaa1dc1846fdc01b50e534438fdaaef5000a7efd4d6a96a9426938e
0,70.60887853,90,Female,4,1994,252a3dbfebaa1dc1846fdc01b50e534438fdaaef5000a7efd4d6a96a9426938e
1,25.97576448,97,Female,0,1991,72871fd4e141d9fc3db55db0cd5eff5bf2e2a7fcc099eccb0647b612bbcb3060
1,41.67148757,103,Female,1,1992,72871fd4e141d9fc3db55db0cd5eff5bf2e2a7fcc099eccb0647b612bbcb3060
1,53.93367335,97,Female,2,1993,72871fd4e141d9fc3db55db0cd5eff5bf2e2a7fcc099eccb0647b612bbcb3060
0,64.41859466,90,Female,3,1994,72871fd4e141d9fc3db55db0cd5eff5bf2e2a7fcc099eccb0647b612bbcb3060
0,21.60095972,103,Male,0,1992,841361d350818bc40d69812d551766ab224e32ab22a8eb4dc66e6d7a1c5b2f1d
0,21.94112649,97,Female,0,1993,2ecdeb6dba8a1c93240d424595a1065cc71a8c57924ccaf61b6bb8e72dc28544
1,NA,90,Male,0,1994,99ceb7352d8afcf065d997da2abfbaa224485f6e12220181acac2073d59c1ddc
1,47.65211339,79,Male,1,1995,99ceb7352d8afcf065d997da2abfbaa224485f6e12220181acac2073d59c1ddc
1,70.73707041,73,Male,2,1996,99ceb7352d8afcf065d997da2abfbaa224485f6e12220181acac2073d59c1ddc
0,NA,75,Male,3,1997,99ceb7352d8afcf065d997da2abfbaa224485f6e12220181acac2073d59c1ddc
1,NA,34,Male,6,1979,0c5e9f246a155a2261516744965c079b248870fa15539667c9552aace7dcdc1a
1,NA,33,Male,7,1980,0c5e9f246a155a2261516744965c079b248870fa15539667c9552aace7dcdc1a
0,NA,31,Male,8,1981,0c5e9f246a155a2261516744965c079b248870fa15539667c9552aace7dcdc1a
NA,67.35362633,34,Female,3,1979,75c716f7b6aa9b5e0c1865f406fd1c0211eefc66ec7a7dbf1df5bec534091ec9
1,78.50155032,34,Male,2,1979,990f7a865108818572a6c5daf1a8fdccf01de4767d895a2c2cd7572707ff4324
1,NA,33,Male,3,1980,990f7a865108818572a6c5daf1a8fdccf01de4767d895a2c2cd7572707ff4324
0,NA,31,Male,4,1981,990f7a865108818572a6c5daf1a8fdccf01de4767d895a2c2cd7572707ff4324
1,49.67699306,34,Female,1,1979,add913aab3dd7874d1fbc7b3a25e761a08960add60389451da7a0d1b2c8d2d8c
1,60.55745184,33,Female,2,1980,add913aab3dd7874d1fbc7b3a25e761a08960add60389451da7a0d1b2c8d2d8c
1,60.19039499,31,Female,3,1981,add913aab3dd7874d1fbc7b3a25e761a08960add60389451da7a0d1b2c8d2d8c
1,61.86475265,36,Female,4,1982,add913aab3dd7874d1fbc7b3a25e761a08960add60389451da7a0d1b2c8d2d8c
1,NA,38,Female,5,1983,add913aab3dd7874d1fbc7b3a25e761a08960add60389451da7a0d1b2c8d2d8c
1,NA,47,Female,6,1984,add913aab3dd7874d1fbc7b3a25e761a08960add60389451da7a0d1b2c8d2d8c
1,65.35176774,51,Female,7,1985,add913aab3dd7874d1fbc7b3a25e761a08960add60389451da7a0d1b2c8d2d8c
0,66.08521479,58,Female,8,1986,add913aab3dd7874d1fbc7b3a25e761a08960add60389451da7a0d1b2c8d2d8c
1,29.35598672,34,Female,0,1979,c8abecedfa04c6cba02a90c121c966bf442223778feb2f283a2316393dc2ee14
1,48.35417315,33,Female,1,1980,c8abecedfa04c6cba02a90c121c966bf442223778feb2f283a2316393dc2ee14
1,56.4335397,31,Female,2,1981,c8abecedfa04c6cba02a90c121c966bf442223778feb2f283a2316393dc2ee14
1,59.36559755,36,Female,3,1982,c8abecedfa04c6cba02a90c121c966bf442223778feb2f283a2316393dc2ee14
1,64.37977114,38,Female,4,1983,c8abecedfa04c6cba02a90c121c966bf442223778feb2f283a2316393dc2ee14
1,70.31640641,47,Female,5,1984,c8abecedfa04c6cba02a90c121c966bf442223778feb2f283a2316393dc2ee14
1,73.18106073,51,Female,6,1985,c8abecedfa04c6cba02a90c121c966bf442223778feb2f283a2316393dc2ee14
1,73.62316504,58,Female,7,1986,c8abecedfa04c6cba02a90c121c966bf442223778feb2f283a2316393dc2ee14
1,75.59416094,61,Female,8,1987,c8abecedfa04c6cba02a90c121c966bf442223778feb2f283a2316393dc2ee14
1,71.1734991,65,Female,9,1988,c8abecedfa04c6cba02a90c121c966bf442223778feb2f283a2316393dc2ee14
1,69.71476012,72,Female,10,1989,c8abecedfa04c6cba02a90c121c966bf442223778feb2f283a2316393dc2ee14
1,70.46137545,83,Female,11,1990,c8abecedfa04c6cba02a90c121c966bf442223778feb2f283a2316393dc2ee14
1,72.32945747,97,Female,12,1991,c8abecedfa04c6cba02a90c121c966bf442223778feb2f283a2316393dc2ee14
1,69.93205034,103,Female,13,1992,c8abecedfa04c6cba02a90c121c966bf442223778feb2f283a2316393dc2ee14
1,68.18666298,97,Female,14,1993,c8abecedfa04c6cba02a90c121c966bf442223778feb2f283a2316393dc2ee14
0,72.37503177,90,Female,15,1994,c8abecedfa04c6cba02a90c121c966bf442223778feb2f283a2316393dc2ee14
1,27.27068881,33,Male,0,1980,a830565eab8d41b6dc54b073c0f8c254a0b0473379a5b9de65d7a1b9eeedb3c8
1,51.38616544,31,Male,1,1981,a830565eab8d41b6dc54b073c0f8c254a0b0473379a5b9de65d7a1b9eeedb3c8
1,77.44127507,36,Male,2,1982,a830565eab8d41b6dc54b073c0f8c254a0b0473379a5b9de65d7a1b9eeedb3c8
1,98.56092015,38,Male,3,1983,a830565eab8d41b6dc54b073c0f8c254a0b0473379a5b9de65d7a1b9eeedb3c8
1,NA,47,Male,4,1984,a830565eab8d41b6dc54b073c0f8c254a0b0473379a5b9de65d7a1b9eeedb3c8
0,NA,51,Male,5,1985,a830565eab8d41b6dc54b073c0f8c254a0b0473379a5b9de65d7a1b9eeedb3c8
1,NA,33,Female,0,1980,a1687346ab67f23ce97665f2914ec54ece053dd94370bf6f2602ff2e7d40d5db
1,NA,31,Female,1,1981,a1687346ab67f23ce97665f2914ec54ece053dd94370bf6f2602ff2e7d40d5db
1,57.43914531,36,Female,2,1982,a1687346ab67f23ce97665f2914ec54ece053dd94370bf6f2602ff2e7d40d5db
1,55.56609953,38,Female,3,1983,a1687346ab67f23ce97665f2914ec54ece053dd94370bf6f2602ff2e7d40d5db
1,61.69579509,47,Female,4,1984,a1687346ab67f23ce97665f2914ec54ece053dd94370bf6f2602ff2e7d40d5db
1,58.73271128,51,Female,5,1985,a1687346ab67f23ce97665f2914ec54ece053dd94370bf6f2602ff2e7d40d5db
1,63.56943066,58,Female,6,1986,a1687346ab67f23ce97665f2914ec54ece053dd94370bf6f2602ff2e7d40d5db
1,69.69842341,61,Female,7,1987,a1687346ab67f23ce97665f2914ec54ece053dd94370bf6f2602ff2e7d40d5db
1,NA,65,Female,8,1988,a1687346ab67f23ce97665f2914ec54ece053dd94370bf6f2602ff2e7d40d5db
0,61.36743155,72,Female,9,1989,a1687346ab67f23ce97665f2914ec54ece053dd94370bf6f2602ff2e7d40d5db
1,NA,36,Female,0,1982,fd3b2b0049d82d7fb6e5c606893f9c59f2aab68c33e08e27b8190db04133306a
1,NA,38,Female,1,1983,fd3b2b0049d82d7fb6e5c606893f9c59f2aab68c33e08e27b8190db04133306a
1,52.28434895,47,Female,2,1984,fd3b2b0049d82d7fb6e5c606893f9c59f2aab68c33e08e27b8190db04133306a
1,64.31103845,51,Female,3,1985,fd3b2b0049d82d7fb6e5c606893f9c59f2aab68c33e08e27b8190db04133306a
1,67.77071185,58,Female,4,1986,fd3b2b0049d82d7fb6e5c606893f9c59f2aab68c33e08e27b8190db04133306a
0,63.03301332,61,Female,5,1987,fd3b2b0049d82d7fb6e5c606893f9c59f2aab68c33e08e27b8190db04133306a
1,31.55969549,38,Male,0,1983,62672c9574116a3581f08f049e8f12306d5614e48748f258043ddb47166ecda9
1,NA,47,Male,1,1984,62672c9574116a3581f08f049e8f12306d5614e48748f258043ddb47166ecda9
1,70.49771535,51,Male,2,1985,62672c9574116a3581f08f049e8f12306d5614e48748f258043ddb47166ecda9
0,NA,58,Male,3,1986,62672c9574116a3581f08f049e8f12306d5614e48748f258043ddb47166ecda9
1,NA,47,Female,0,1984,a2196ce9a8b6e675b7c824a12d56a57688d52caf92cee5b4e8f645af26fca8d7
0,NA,51,Female,1,1985,a2196ce9a8b6e675b7c824a12d56a57688d52caf92cee5b4e8f645af26fca8d7
1,NA,51,Male,1,1985,76dea9e027fa06461afda0b3e2195160769e5511dcaa79729a55ecd9604ead25
1,70.86582628,58,Male,2,1986,76dea9e027fa06461afda0b3e2195160769e5511dcaa79729a55ecd9604ead25
1,NA,61,Male,3,1987,76dea9e027fa06461afda0b3e2195160769e5511dcaa79729a55ecd9604ead25
1,NA,65,Male,4,1988,76dea9e027fa06461afda0b3e2195160769e5511dcaa79729a55ecd9604ead25
1,NA,72,Male,5,1989,76dea9e027fa06461afda0b3e2195160769e5511dcaa79729a55ecd9604ead25
1,NA,83,Male,6,1990,76dea9e027fa06461afda0b3e2195160769e5511dcaa79729a55ecd9604ead25
1,NA,97,Male,7,1991,76dea9e027fa06461afda0b3e2195160769e5511dcaa79729a55ecd9604ead25
1,90.62774761,103,Male,8,1992,76dea9e027fa06461afda0b3e2195160769e5511dcaa79729a55ecd9604ead25
0,NA,97,Male,9,1993,76dea9e027fa06461afda0b3e2195160769e5511dcaa79729a55ecd9604ead25
1,29.07142857,58,Female,0,1986,54ca95dbe617b950bd5c1cc0a12fdd0ea36825186799fe418b30011b3fcede47
1,NA,61,Female,1,1987,54ca95dbe617b950bd5c1cc0a12fdd0ea36825186799fe418b30011b3fcede47
1,54.25125476,65,Female,2,1988,54ca95dbe617b950bd5c1cc0a12fdd0ea36825186799fe418b30011b3fcede47
1,63.10049248,72,Female,3,1989,54ca95dbe617b950bd5c1cc0a12fdd0ea36825186799fe418b30011b3fcede47
1,63.58727261,83,Female,4,1990,54ca95dbe617b950bd5c1cc0a12fdd0ea36825186799fe418b30011b3fcede47
1,65.73227361,97,Female,5,1991,54ca95dbe617b950bd5c1cc0a12fdd0ea36825186799fe418b30011b3fcede47
1,68.0331862,103,Female,6,1992,54ca95dbe617b950bd5c1cc0a12fdd0ea36825186799fe418b30011b3fcede47
1,66.10732902,97,Female,7,1993,54ca95dbe617b950bd5c1cc0a12fdd0ea36825186799fe418b30011b3fcede47
1,74.00030547,90,Female,8,1994,54ca95dbe617b950bd5c1cc0a12fdd0ea36825186799fe418b30011b3fcede47
1,68.35416461,79,Female,9,1995,54ca95dbe617b950bd5c1cc0a12fdd0ea36825186799fe418b30011b3fcede47
1,72.53131822,73,Female,10,1996,54ca95dbe617b950bd5c1cc0a12fdd0ea36825186799fe418b30011b3fcede47
1,66.60718259,75,Female,11,1997,54ca95dbe617b950bd5c1cc0a12fdd0ea36825186799fe418b30011b3fcede47
0,72.94285713,54,Female,12,1998,54ca95dbe617b950bd5c1cc0a12fdd0ea36825186799fe418b30011b3fcede47
1,NA,61,Female,0,1987,401a9538892023dd34640728d595102604ccc240fc2f3edb4ff3a2ec40e8e609
1,42.94880634,65,Female,1,1988,401a9538892023dd34640728d595102604ccc240fc2f3edb4ff3a2ec40e8e609
1,56.63166118,72,Female,2,1989,401a9538892023dd34640728d595102604ccc240fc2f3edb4ff3a2ec40e8e609
1,63.83552681,83,Female,3,1990,401a9538892023dd34640728d595102604ccc240fc2f3edb4ff3a2ec40e8e609
1,66.94945743,97,Female,4,1991,401a9538892023dd34640728d595102604ccc240fc2f3edb4ff3a2ec40e8e609
1,72.9948101,103,Female,5,1992,401a9538892023dd34640728d595102604ccc240fc2f3edb4ff3a2ec40e8e609
1,68.31871796,97,Female,6,1993,401a9538892023dd34640728d595102604ccc240fc2f3edb4ff3a2ec40e8e609
0,75.50661775,90,Female,7,1994,401a9538892023dd34640728d595102604ccc240fc2f3edb4ff3a2ec40e8e609
1,NA,65,Female,0,1988,48df56869321283c43b71d651d33889c934768ff774e768c17bfd65f80de98f9
0,37.13280314,72,Female,1,1989,48df56869321283c43b71d651d33889c934768ff774e768c17bfd65f80de98f9
1,23.45,72,Female,0,1989,0f2aa8526de6cf53a541ecebc67a9f22bd497b2bf45c8bcc2d8a6b0fa631428b
1,36.27059554,83,Female,1,1990,0f2aa8526de6cf53a541ecebc67a9f22bd497b2bf45c8bcc2d8a6b0fa631428b
1,NA,97,Female,2,1991,0f2aa8526de6cf53a541ecebc67a9f22bd497b2bf45c8bcc2d8a6b0fa631428b
1,NA,103,Female,3,1992,0f2aa8526de6cf53a541ecebc67a9f22bd497b2bf45c8bcc2d8a6b0fa631428b
1,NA,73,Female,7,1996,0f2aa8526de6cf53a541ecebc67a9f22bd497b2bf45c8bcc2d8a6b0fa631428b
0,NA,37,Female,11,2000,0f2aa8526de6cf53a541ecebc67a9f22bd497b2bf45c8bcc2d8a6b0fa631428b
NA,NA,83,Female,0,1990,31ef7170a527191f4b747df8c10cfcfb0bdf8e9e596f10548ba7ec33a5af1fc5
1,29.99411604,97,Female,1,1991,2a7874b9258e2367d504d0f45ed326db6091714ff9173f259cb48fb6072ad49d
1,48.42283939,103,Female,2,1992,2a7874b9258e2367d504d0f45ed326db6091714ff9173f259cb48fb6072ad49d
1,54.27124418,97,Female,3,1993,2a7874b9258e2367d504d0f45ed326db6091714ff9173f259cb48fb6072ad49d
1,60.12654008,90,Female,4,1994,2a7874b9258e2367d504d0f45ed326db6091714ff9173f259cb48fb6072ad49d
1,57.8813196,79,Female,5,1995,2a7874b9258e2367d504d0f45ed326db6091714ff9173f259cb48fb6072ad49d
1,60.56898198,73,Female,6,1996,2a7874b9258e2367d504d0f45ed326db6091714ff9173f259cb48fb6072ad49d
1,NA,75,Female,7,1997,2a7874b9258e2367d504d0f45ed326db6091714ff9173f259cb48fb6072ad49d
0,63.87044129,54,Female,8,1998,2a7874b9258e2367d504d0f45ed326db6091714ff9173f259cb48fb6072ad49d
NA,NA,103,Female,0,1992,43650ec252ffc8c1674ef880157c62c68d9c3ea62e80cdcf31e4ee0822325196
1,21.35691492,97,Female,0,1993,9515ca80e1a8f2b051dfc3c5418fa177db0cc805e9112a03469f938c11177b04
1,40.56322849,90,Female,1,1994,9515ca80e1a8f2b051dfc3c5418fa177db0cc805e9112a03469f938c11177b04
1,52.0003391,79,Female,2,1995,9515ca80e1a8f2b051dfc3c5418fa177db0cc805e9112a03469f938c11177b04
1,64.92786271,73,Female,3,1996,9515ca80e1a8f2b051dfc3c5418fa177db0cc805e9112a03469f938c11177b04
1,68.83416982,75,Female,4,1997,9515ca80e1a8f2b051dfc3c5418fa177db0cc805e9112a03469f938c11177b04
1,68.51514992,54,Female,5,1998,9515ca80e1a8f2b051dfc3c5418fa177db0cc805e9112a03469f938c11177b04
0,NA,45,Female,6,1999,9515ca80e1a8f2b051dfc3c5418fa177db0cc805e9112a03469f938c11177b04
1,NA,90,Female,0,1994,3e1a257e7e23659de3218478de015dad784d746e4bb0f6ded054ef09717294da
1,40.18699666,79,Female,1,1995,3e1a257e7e23659de3218478de015dad784d746e4bb0f6ded054ef09717294da
0,55.51109732,73,Female,2,1996,3e1a257e7e23659de3218478de015dad784d746e4bb0f6ded054ef09717294da
1,73.09854318,34,Female,4,1979,167d7596ce38017960389a6b56fc6880cc3f954add12296165ad3103e37befa4
1,83.50622515,33,Female,5,1980,167d7596ce38017960389a6b56fc6880cc3f954add12296165ad3103e37befa4
1,84.44681301,31,Female,6,1981,167d7596ce38017960389a6b56fc6880cc3f954add12296165ad3103e37befa4
1,84.7072977,36,Female,7,1982,167d7596ce38017960389a6b56fc6880cc3f954add12296165ad3103e37befa4
1,82.414148,38,Female,8,1983,167d7596ce38017960389a6b56fc6880cc3f954add12296165ad3103e37befa4
1,89.02048651,47,Female,9,1984,167d7596ce38017960389a6b56fc6880cc3f954add12296165ad3103e37befa4
1,84.72941419,51,Female,10,1985,167d7596ce38017960389a6b56fc6880cc3f954add12296165ad3103e37befa4
1,88.12949656,58,Female,11,1986,167d7596ce38017960389a6b56fc6880cc3f954add12296165ad3103e37befa4
1,86.27322479,61,Female,12,1987,167d7596ce38017960389a6b56fc6880cc3f954add12296165ad3103e37befa4
1,82.06890556,65,Female,13,1988,167d7596ce38017960389a6b56fc6880cc3f954add12296165ad3103e37befa4
1,85.39926439,72,Female,14,1989,167d7596ce38017960389a6b56fc6880cc3f954add12296165ad3103e37befa4
1,80.63241153,83,Female,15,1990,167d7596ce38017960389a6b56fc6880cc3f954add12296165ad3103e37befa4
1,74.65968304,97,Female,16,1991,167d7596ce38017960389a6b56fc6880cc3f954add12296165ad3103e37befa4
0,78.15294656,103,Female,17,1992,167d7596ce38017960389a6b56fc6880cc3f954add12296165ad3103e37befa4
1,62.73567977,34,Female,2,1979,e698aa71a08e50869a6fffe119953f15d23c87fa454cf76a0301470a0ef9c829
NA,58.9906976,33,Female,3,1980,e698aa71a08e50869a6fffe119953f15d23c87fa454cf76a0301470a0ef9c829
1,47.54352296,34,Female,1,1979,0233b3d053627a1f72bbd83682fc2dae0354e2961080985119879f070a07a52b
1,58.16400329,33,Female,2,1980,0233b3d053627a1f72bbd83682fc2dae0354e2961080985119879f070a07a52b
1,63.77187501,31,Female,3,1981,0233b3d053627a1f72bbd83682fc2dae0354e2961080985119879f070a07a52b
1,61.10136855,36,Female,4,1982,0233b3d053627a1f72bbd83682fc2dae0354e2961080985119879f070a07a52b
1,66.04007569,38,Female,5,1983,0233b3d053627a1f72bbd83682fc2dae0354e2961080985119879f070a07a52b
1,67.95811602,47,Female,6,1984,0233b3d053627a1f72bbd83682fc2dae0354e2961080985119879f070a07a52b
1,69.95741549,51,Female,7,1985,0233b3d053627a1f72bbd83682fc2dae0354e2961080985119879f070a07a52b
1,68.59316729,58,Female,8,1986,0233b3d053627a1f72bbd83682fc2dae0354e2961080985119879f070a07a52b
1,68.84569332,61,Female,9,1987,0233b3d053627a1f72bbd83682fc2dae0354e2961080985119879f070a07a52b
1,68.87132604,65,Female,10,1988,0233b3d053627a1f72bbd83682fc2dae0354e2961080985119879f070a07a52b
1,65.06847277,72,Female,11,1989,0233b3d053627a1f72bbd83682fc2dae0354e2961080985119879f070a07a52b
1,67.6719047,83,Female,12,1990,0233b3d053627a1f72bbd83682fc2dae0354e2961080985119879f070a07a52b
1,64.28869052,97,Female,13,1991,0233b3d053627a1f72bbd83682fc2dae0354e2961080985119879f070a07a52b
1,63.58633328,103,Female,14,1992,0233b3d053627a1f72bbd83682fc2dae0354e2961080985119879f070a07a52b
1,61.06054769,97,Female,15,1993,0233b3d053627a1f72bbd83682fc2dae0354e2961080985119879f070a07a52b
0,61.12172267,90,Female,16,1994,0233b3d053627a1f72bbd83682fc2dae0354e2961080985119879f070a07a52b
1,30.46414451,34,Male,0,1979,3b4098d61757ac169c424199097cc96b59dd4ac10f03d53acc7412bedc553b06
1,NA,33,Male,1,1980,3b4098d61757ac169c424199097cc96b59dd4ac10f03d53acc7412bedc553b06
NA,NA,38,Male,4,1983,3b4098d61757ac169c424199097cc96b59dd4ac10f03d53acc7412bedc553b06
1,NA,33,Male,0,1980,173c0c6794a688536cdfcac32fbd91b508510e959c27bcbc05f93e3565f22dd1
1,47.90663559,31,Male,1,1981,173c0c6794a688536cdfcac32fbd91b508510e959c27bcbc05f93e3565f22dd1
1,67.92944012,36,Male,2,1982,173c0c6794a688536cdfcac32fbd91b508510e959c27bcbc05f93e3565f22dd1
1,NA,38,Male,3,1983,173c0c6794a688536cdfcac32fbd91b508510e959c27bcbc05f93e3565f22dd1
1,NA,47,Male,4,1984,173c0c6794a688536cdfcac32fbd91b508510e959c27bcbc05f93e3565f22dd1
1,NA,51,Male,5,1985,173c0c6794a688536cdfcac32fbd91b508510e959c27bcbc05f93e3565f22dd1
NA,NA,58,Male,6,1986,173c0c6794a688536cdfcac32fbd91b508510e959c27bcbc05f93e3565f22dd1
1,67.47003813,36,Male,2,1982,3f15537c769b7786bd85a1c82d080607333634394f5b752e16f37246731a48f4
1,93.21171226,38,Male,3,1983,3f15537c769b7786bd85a1c82d080607333634394f5b752e16f37246731a48f4
1,NA,47,Male,4,1984,3f15537c769b7786bd85a1c82d080607333634394f5b752e16f37246731a48f4
NA,NA,58,Male,6,1986,3f15537c769b7786bd85a1c82d080607333634394f5b752e16f37246731a48f4
0,29.75019946,36,Female,0,1982,7ca68048bd09c14b1591e76f6e64ba6b01a38243fef395d64fc42a45a08c81f8
1,32.85969549,38,Male,0,1983,773f83ee22860ff8356ae77dcab4ab7b34a41d427b46b9bf5397a772ddf9dd0e
0,56.40059747,47,Male,1,1984,773f83ee22860ff8356ae77dcab4ab7b34a41d427b46b9bf5397a772ddf9dd0e
0,19.22880176,47,Female,0,1984,de3f615d6db2b0785f82eded6c1f2fe087145e2c3a2296aceddb3a7ea70247d7
1,28.54441825,51,Female,0,1985,065a9883a09f5cb73584824da17dd8ec208e0bba90d5f14924c570425fb5bea3
1,50.91795758,58,Female,1,1986,065a9883a09f5cb73584824da17dd8ec208e0bba90d5f14924c570425fb5bea3
1,63.54727,61,Female,2,1987,065a9883a09f5cb73584824da17dd8ec208e0bba90d5f14924c570425fb5bea3
1,59.87684302,65,Female,3,1988,065a9883a09f5cb73584824da17dd8ec208e0bba90d5f14924c570425fb5bea3
1,59.67528814,72,Female,4,1989,065a9883a09f5cb73584824da17dd8ec208e0bba90d5f14924c570425fb5bea3
1,69.51850983,83,Female,5,1990,065a9883a09f5cb73584824da17dd8ec208e0bba90d5f14924c570425fb5bea3
1,66.63827496,97,Female,6,1991,065a9883a09f5cb73584824da17dd8ec208e0bba90d5f14924c570425fb5bea3
1,NA,103,Female,7,1992,065a9883a09f5cb73584824da17dd8ec208e0bba90d5f14924c570425fb5bea3
1,69.94551584,97,Female,8,1993,065a9883a09f5cb73584824da17dd8ec208e0bba90d5f14924c570425fb5bea3
1,70.90696746,90,Female,9,1994,065a9883a09f5cb73584824da17dd8ec208e0bba90d5f14924c570425fb5bea3
1,70.04098592,79,Female,10,1995,065a9883a09f5cb73584824da17dd8ec208e0bba90d5f14924c570425fb5bea3
0,72.86485988,73,Female,11,1996,065a9883a09f5cb73584824da17dd8ec208e0bba90d5f14924c570425fb5bea3
1,NA,58,Male,0,1986,ce07ab92dbd3d2f2de59ea59967a38a6c599fc5ce615c8814a6e538cea337752
1,52.68813406,61,Male,1,1987,ce07ab92dbd3d2f2de59ea59967a38a6c599fc5ce615c8814a6e538cea337752
1,64.68622067,65,Male,2,1988,ce07ab92dbd3d2f2de59ea59967a38a6c599fc5ce615c8814a6e538cea337752
1,NA,72,Male,3,1989,ce07ab92dbd3d2f2de59ea59967a38a6c599fc5ce615c8814a6e538cea337752
1,NA,83,Male,4,1990,ce07ab92dbd3d2f2de59ea59967a38a6c599fc5ce615c8814a6e538cea337752
1,NA,97,Male,5,1991,ce07ab92dbd3d2f2de59ea59967a38a6c599fc5ce615c8814a6e538cea337752
1,92.8010009,103,Male,6,1992,ce07ab92dbd3d2f2de59ea59967a38a6c599fc5ce615c8814a6e538cea337752
1,NA,97,Male,7,1993,ce07ab92dbd3d2f2de59ea59967a38a6c599fc5ce615c8814a6e538cea337752
1,NA,90,Male,8,1994,ce07ab92dbd3d2f2de59ea59967a38a6c599fc5ce615c8814a6e538cea337752
0,NA,79,Male,9,1995,ce07ab92dbd3d2f2de59ea59967a38a6c599fc5ce615c8814a6e538cea337752
0,NA,61,Male,0,1987,87a4448856bfb462be4b28b0dfd97e606ec11c7ad8ec231e7e136bce14d206f7
1,28.31920977,65,Male,0,1988,7984200bbffb0ae1751e4e22c4de83ec27ecc8efac047937e94ca12a3822d1a9
1,44.31455351,72,Male,1,1989,7984200bbffb0ae1751e4e22c4de83ec27ecc8efac047937e94ca12a3822d1a9
1,59.98096378,83,Male,2,1990,7984200bbffb0ae1751e4e22c4de83ec27ecc8efac047937e94ca12a3822d1a9
1,74.65626466,97,Male,3,1991,7984200bbffb0ae1751e4e22c4de83ec27ecc8efac047937e94ca12a3822d1a9
1,NA,103,Male,4,1992,7984200bbffb0ae1751e4e22c4de83ec27ecc8efac047937e94ca12a3822d1a9
NA,NA,97,Male,5,1993,7984200bbffb0ae1751e4e22c4de83ec27ecc8efac047937e94ca12a3822d1a9
1,31.71938776,72,Female,0,1989,cba8452a843a70ba3b429baf210155d5b3eff5d0bbe3957d456436613b3a00b5
1,48.55770402,83,Female,1,1990,cba8452a843a70ba3b429baf210155d5b3eff5d0bbe3957d456436613b3a00b5
1,64.58388086,97,Female,2,1991,cba8452a843a70ba3b429baf210155d5b3eff5d0bbe3957d456436613b3a00b5
1,70.76906134,103,Female,3,1992,cba8452a843a70ba3b429baf210155d5b3eff5d0bbe3957d456436613b3a00b5
1,72.30014267,97,Female,4,1993,cba8452a843a70ba3b429baf210155d5b3eff5d0bbe3957d456436613b3a00b5
1,79.46502484,90,Female,5,1994,cba8452a843a70ba3b429baf210155d5b3eff5d0bbe3957d456436613b3a00b5
1,74.52319863,79,Female,6,1995,cba8452a843a70ba3b429baf210155d5b3eff5d0bbe3957d456436613b3a00b5
1,79.53624728,73,Female,7,1996,cba8452a843a70ba3b429baf210155d5b3eff5d0bbe3957d456436613b3a00b5
1,75.71731967,75,Female,8,1997,cba8452a843a70ba3b429baf210155d5b3eff5d0bbe3957d456436613b3a00b5
0,76.94201892,54,Female,9,1998,cba8452a843a70ba3b429baf210155d5b3eff5d0bbe3957d456436613b3a00b5
1,22.49390244,83,Male,0,1990,e326fbcfb5bf0e3e683415661a669411ac745664324fdeee17474cfd3ec0a967
1,41.83924093,97,Male,1,1991,e326fbcfb5bf0e3e683415661a669411ac745664324fdeee17474cfd3ec0a967
1,64.60524285,103,Male,2,1992,e326fbcfb5bf0e3e683415661a669411ac745664324fdeee17474cfd3ec0a967
1,70.95460636,97,Male,3,1993,e326fbcfb5bf0e3e683415661a669411ac745664324fdeee17474cfd3ec0a967
1,82.01932647,90,Male,4,1994,e326fbcfb5bf0e3e683415661a669411ac745664324fdeee17474cfd3ec0a967
1,82.62745686,79,Male,5,1995,e326fbcfb5bf0e3e683415661a669411ac745664324fdeee17474cfd3ec0a967
1,89.58606859,73,Male,6,1996,e326fbcfb5bf0e3e683415661a669411ac745664324fdeee17474cfd3ec0a967
1,NA,75,Male,7,1997,e326fbcfb5bf0e3e683415661a669411ac745664324fdeee17474cfd3ec0a967
1,95.07871497,54,Male,8,1998,e326fbcfb5bf0e3e683415661a669411ac745664324fdeee17474cfd3ec0a967
0,NA,45,Male,9,1999,e326fbcfb5bf0e3e683415661a669411ac745664324fdeee17474cfd3ec0a967
0,NA,97,Female,0,1991,a086214b5875aa7de72cc6ac2db28f2fa758fe0934e26e92f08fae1f85f3ae3e
NA,NA,103,Male,0,1992,b2ff51d79bd25aaa8f359c7f74053e9cf4adcfe57e7501ffef094966b51d2b2d
0,21.50417809,97,Male,0,1993,3b0de29a3daf83e41fb7843299a920169ec2b9f4d5f49e42ab4af50ac1ebdc6e
1,NA,90,Female,0,1994,952e27503c49463e2a7642026efffa1655849a6bb187f974494e85e1a458eebe
1,40.69430857,79,Female,1,1995,952e27503c49463e2a7642026efffa1655849a6bb187f974494e85e1a458eebe
1,54.08872121,73,Female,2,1996,952e27503c49463e2a7642026efffa1655849a6bb187f974494e85e1a458eebe
0,60.89819154,75,Female,3,1997,952e27503c49463e2a7642026efffa1655849a6bb187f974494e85e1a458eebe
1,72.60352837,34,Female,5,1979,7b3b5ae16aef469d9bbc1dc315a5a51e46ffcd5d7d6450015dd717e188eb34d9
1,76.14186609,33,Female,6,1980,7b3b5ae16aef469d9bbc1dc315a5a51e46ffcd5d7d6450015dd717e188eb34d9
1,75.23219674,31,Female,7,1981,7b3b5ae16aef469d9bbc1dc315a5a51e46ffcd5d7d6450015dd717e188eb34d9
1,75.41407085,36,Female,8,1982,7b3b5ae16aef469d9bbc1dc315a5a51e46ffcd5d7d6450015dd717e188eb34d9
1,71.37536918,38,Female,9,1983,7b3b5ae16aef469d9bbc1dc315a5a51e46ffcd5d7d6450015dd717e188eb34d9
0,NA,47,Female,10,1984,7b3b5ae16aef469d9bbc1dc315a5a51e46ffcd5d7d6450015dd717e188eb34d9
NA,68.80528064,34,Female,3,1979,55112ca377cb9d32aedcf68674a5cd6e8512783956b7198b276fc762a02ad442
1,66.2485695,34,Female,3,1979,b9c4f48a0403f595789454949e716f8dd942107cd4d8c7f6af59e71d6550e941
NA,65.49343392,33,Female,4,1980,b9c4f48a0403f595789454949e716f8dd942107cd4d8c7f6af59e71d6550e941
1,49.87879437,34,Female,1,1979,078ddac16a76a09d48eb58cd424e205f3d91df5b0f30a41d0f2ab9b33befa17d
1,66.01391367,33,Female,2,1980,078ddac16a76a09d48eb58cd424e205f3d91df5b0f30a41d0f2ab9b33befa17d
1,66.89895866,31,Female,3,1981,078ddac16a76a09d48eb58cd424e205f3d91df5b0f30a41d0f2ab9b33befa17d
1,67.00732965,36,Female,4,1982,078ddac16a76a09d48eb58cd424e205f3d91df5b0f30a41d0f2ab9b33befa17d
1,69.13817579,38,Female,5,1983,078ddac16a76a09d48eb58cd424e205f3d91df5b0f30a41d0f2ab9b33befa17d
1,75.79160234,47,Female,6,1984,078ddac16a76a09d48eb58cd424e205f3d91df5b0f30a41d0f2ab9b33befa17d
1,73.36474516,51,Female,7,1985,078ddac16a76a09d48eb58cd424e205f3d91df5b0f30a41d0f2ab9b33befa17d
0,78.06701522,58,Female,8,1986,078ddac16a76a09d48eb58cd424e205f3d91df5b0f30a41d0f2ab9b33befa17d
1,NA,34,Female,0,1979,a403f9b06cd7bd2604796c499075e14da89a855f819661971d77e74a6f705af7
1,NA,33,Female,1,1980,a403f9b06cd7bd2604796c499075e14da89a855f819661971d77e74a6f705af7
1,58.91699966,31,Female,2,1981,a403f9b06cd7bd2604796c499075e14da89a855f819661971d77e74a6f705af7
NA,58.79437119,36,Female,3,1982,a403f9b06cd7bd2604796c499075e14da89a855f819661971d77e74a6f705af7
1,23.29362553,33,Female,0,1980,fa3a71cb430184f9e9468409276a8b08749c5fc02fc18dff5fb4976b53d401f9
1,46.49346381,31,Female,1,1981,fa3a71cb430184f9e9468409276a8b08749c5fc02fc18dff5fb4976b53d401f9
1,55.39758716,36,Female,2,1982,fa3a71cb430184f9e9468409276a8b08749c5fc02fc18dff5fb4976b53d401f9
1,60.06496816,38,Female,3,1983,fa3a71cb430184f9e9468409276a8b08749c5fc02fc18dff5fb4976b53d401f9
1,67.40285249,47,Female,4,1984,fa3a71cb430184f9e9468409276a8b08749c5fc02fc18dff5fb4976b53d401f9
1,67.54250713,51,Female,5,1985,fa3a71cb430184f9e9468409276a8b08749c5fc02fc18dff5fb4976b53d401f9
1,70.13489507,58,Female,6,1986,fa3a71cb430184f9e9468409276a8b08749c5fc02fc18dff5fb4976b53d401f9
1,75.83804167,61,Female,7,1987,fa3a71cb430184f9e9468409276a8b08749c5fc02fc18dff5fb4976b53d401f9
1,70.9580212,65,Female,8,1988,fa3a71cb430184f9e9468409276a8b08749c5fc02fc18dff5fb4976b53d401f9
0,66.10723087,72,Female,9,1989,fa3a71cb430184f9e9468409276a8b08749c5fc02fc18dff5fb4976b53d401f9
1,28.85625,31,Male,0,1981,c62c023f9a91a975d05c4036a59e9f9f7ee05407c5d40b8372bacd2de2f9351c
1,56.74874216,36,Male,1,1982,c62c023f9a91a975d05c4036a59e9f9f7ee05407c5d40b8372bacd2de2f9351c
1,77.83099698,38,Male,2,1983,c62c023f9a91a975d05c4036a59e9f9f7ee05407c5d40b8372bacd2de2f9351c
1,98.22696732,47,Male,3,1984,c62c023f9a91a975d05c4036a59e9f9f7ee05407c5d40b8372bacd2de2f9351c
1,NA,51,Male,4,1985,c62c023f9a91a975d05c4036a59e9f9f7ee05407c5d40b8372bacd2de2f9351c
1,NA,58,Male,5,1986,c62c023f9a91a975d05c4036a59e9f9f7ee05407c5d40b8372bacd2de2f9351c
1,NA,61,Male,6,1987,c62c023f9a91a975d05c4036a59e9f9f7ee05407c5d40b8372bacd2de2f9351c
NA,NA,65,Male,7,1988,c62c023f9a91a975d05c4036a59e9f9f7ee05407c5d40b8372bacd2de2f9351c
1,50.23064842,36,Female,1,1982,48de503fa3b2cc24ef523a8e2450bc8cae1d1f035caedee33d37a5d41b85dcab
1,61.10300777,38,Female,2,1983,48de503fa3b2cc24ef523a8e2450bc8cae1d1f035caedee33d37a5d41b85dcab
1,77.86091143,47,Female,3,1984,48de503fa3b2cc24ef523a8e2450bc8cae1d1f035caedee33d37a5d41b85dcab
1,80.60886531,51,Female,4,1985,48de503fa3b2cc24ef523a8e2450bc8cae1d1f035caedee33d37a5d41b85dcab
1,79.7587306,58,Female,5,1986,48de503fa3b2cc24ef523a8e2450bc8cae1d1f035caedee33d37a5d41b85dcab
1,74.84058319,61,Female,6,1987,48de503fa3b2cc24ef523a8e2450bc8cae1d1f035caedee33d37a5d41b85dcab
1,78.43770732,65,Female,7,1988,48de503fa3b2cc24ef523a8e2450bc8cae1d1f035caedee33d37a5d41b85dcab
1,74.10779821,72,Female,8,1989,48de503fa3b2cc24ef523a8e2450bc8cae1d1f035caedee33d37a5d41b85dcab
1,72.85618519,83,Female,9,1990,48de503fa3b2cc24ef523a8e2450bc8cae1d1f035caedee33d37a5d41b85dcab
1,78.86040842,97,Female,10,1991,48de503fa3b2cc24ef523a8e2450bc8cae1d1f035caedee33d37a5d41b85dcab
1,75.67784513,103,Female,11,1992,48de503fa3b2cc24ef523a8e2450bc8cae1d1f035caedee33d37a5d41b85dcab
0,75.35883185,97,Female,12,1993,48de503fa3b2cc24ef523a8e2450bc8cae1d1f035caedee33d37a5d41b85dcab
1,28.50229839,38,Male,0,1983,8e770fd2075663c032f69e282bf19be4446105cd601833eb8a8af0a12a88c06a
1,57.89851312,47,Male,1,1984,8e770fd2075663c032f69e282bf19be4446105cd601833eb8a8af0a12a88c06a
0,77.74815134,51,Male,2,1985,8e770fd2075663c032f69e282bf19be4446105cd601833eb8a8af0a12a88c06a
NA,30.10180683,47,Male,0,1984,3b9ed4f3eec49cbc9693d74b2e22bce996e2c9b0756fee77ac661f06b576312b
1,NA,51,Male,0,1985,2ee2008296dbf45c370b422104e6564ce45dae96b117b3b5c92c1df25a74324c
0,NA,58,Male,1,1986,2ee2008296dbf45c370b422104e6564ce45dae96b117b3b5c92c1df25a74324c
1,NA,58,Male,1,1986,59ce61e82d6c8aa5950182a07ea39f0d9bc5a1302bf54b80447dc6eaa82ab704
1,NA,61,Male,2,1987,59ce61e82d6c8aa5950182a07ea39f0d9bc5a1302bf54b80447dc6eaa82ab704
1,84.8381694,65,Male,3,1988,59ce61e82d6c8aa5950182a07ea39f0d9bc5a1302bf54b80447dc6eaa82ab704
1,NA,83,Male,5,1990,59ce61e82d6c8aa5950182a07ea39f0d9bc5a1302bf54b80447dc6eaa82ab704
1,NA,97,Male,6,1991,59ce61e82d6c8aa5950182a07ea39f0d9bc5a1302bf54b80447dc6eaa82ab704
NA,NA,103,Male,7,1992,59ce61e82d6c8aa5950182a07ea39f0d9bc5a1302bf54b80447dc6eaa82ab704
1,NA,58,Male,0,1986,0be8f554aba75f607dfaf7e26113ba375aa19799bf5f7e420135107696f03147
1,57.18806994,61,Male,1,1987,0be8f554aba75f607dfaf7e26113ba375aa19799bf5f7e420135107696f03147
1,NA,65,Male,2,1988,0be8f554aba75f607dfaf7e26113ba375aa19799bf5f7e420135107696f03147
1,NA,72,Male,3,1989,0be8f554aba75f607dfaf7e26113ba375aa19799bf5f7e420135107696f03147
1,NA,83,Male,4,1990,0be8f554aba75f607dfaf7e26113ba375aa19799bf5f7e420135107696f03147
1,NA,97,Male,5,1991,0be8f554aba75f607dfaf7e26113ba375aa19799bf5f7e420135107696f03147
0,NA,97,Male,7,1993,0be8f554aba75f607dfaf7e26113ba375aa19799bf5f7e420135107696f03147
1,NA,61,Male,0,1987,fd95c625a3dcbf66c8cb9162cf2fc16cbd1e2a055d87bfd165ec6e1d7a82c252
1,61.33023634,65,Male,1,1988,fd95c625a3dcbf66c8cb9162cf2fc16cbd1e2a055d87bfd165ec6e1d7a82c252
0,NA,72,Male,2,1989,fd95c625a3dcbf66c8cb9162cf2fc16cbd1e2a055d87bfd165ec6e1d7a82c252
1,33.56704665,65,Male,0,1988,0d3d53179bfbc4e0783970559f4f22ba242b6839a1f854d11624aa7831f5adf8
1,NA,72,Male,1,1989,0d3d53179bfbc4e0783970559f4f22ba242b6839a1f854d11624aa7831f5adf8
1,62.43270933,83,Male,2,1990,0d3d53179bfbc4e0783970559f4f22ba242b6839a1f854d11624aa7831f5adf8
1,83.7485665,97,Male,3,1991,0d3d53179bfbc4e0783970559f4f22ba242b6839a1f854d11624aa7831f5adf8
1,95.67829471,103,Male,4,1992,0d3d53179bfbc4e0783970559f4f22ba242b6839a1f854d11624aa7831f5adf8
1,102.1379729,97,Male,5,1993,0d3d53179bfbc4e0783970559f4f22ba242b6839a1f854d11624aa7831f5adf8
1,109.4833773,90,Male,6,1994,0d3d53179bfbc4e0783970559f4f22ba242b6839a1f854d11624aa7831f5adf8
1,115.7071266,79,Male,7,1995,0d3d53179bfbc4e0783970559f4f22ba242b6839a1f854d11624aa7831f5adf8
1,122.7176805,73,Male,8,1996,0d3d53179bfbc4e0783970559f4f22ba242b6839a1f854d11624aa7831f5adf8
1,NA,75,Male,9,1997,0d3d53179bfbc4e0783970559f4f22ba242b6839a1f854d11624aa7831f5adf8
0,NA,54,Male,10,1998,0d3d53179bfbc4e0783970559f4f22ba242b6839a1f854d11624aa7831f5adf8
1,31.315,72,Female,0,1989,22a6a332f6303f6795a671498cbe604e73f90d799c7a4b2b236b691463c6d6da
0,NA,83,Female,1,1990,22a6a332f6303f6795a671498cbe604e73f90d799c7a4b2b236b691463c6d6da
1,27,83,Female,0,1990,0bb06b11a595c5ae522f41caccab078890a882a168eca4c69ece3df1c38afb3e
1,35.27376362,97,Female,1,1991,0bb06b11a595c5ae522f41caccab078890a882a168eca4c69ece3df1c38afb3e
1,51.12880048,103,Female,2,1992,0bb06b11a595c5ae522f41caccab078890a882a168eca4c69ece3df1c38afb3e
1,58.03423933,97,Female,3,1993,0bb06b11a595c5ae522f41caccab078890a882a168eca4c69ece3df1c38afb3e
1,59.78644353,90,Female,4,1994,0bb06b11a595c5ae522f41caccab078890a882a168eca4c69ece3df1c38afb3e
1,59.29132773,79,Female,5,1995,0bb06b11a595c5ae522f41caccab078890a882a168eca4c69ece3df1c38afb3e
1,65.75069389,73,Female,6,1996,0bb06b11a595c5ae522f41caccab078890a882a168eca4c69ece3df1c38afb3e
1,63.44004626,75,Female,7,1997,0bb06b11a595c5ae522f41caccab078890a882a168eca4c69ece3df1c38afb3e
1,64.42606875,54,Female,8,1998,0bb06b11a595c5ae522f41caccab078890a882a168eca4c69ece3df1c38afb3e
1,64.31640242,45,Female,9,1999,0bb06b11a595c5ae522f41caccab078890a882a168eca4c69ece3df1c38afb3e
0,63.22196612,37,Female,10,2000,0bb06b11a595c5ae522f41caccab078890a882a168eca4c69ece3df1c38afb3e
0,23.10520409,97,Male,0,1991,6748d0330c427a7595dee76462e416cd2adf79e04c5a18c927edf7aa9022b2f7
0,22.57992258,103,Male,0,1992,4d6ede7592c9dda7661659d1f8f1fe2c87882ccb924e656e4e4a77a23609ddd5
0,21.24351173,97,Female,0,1993,1ba5f4ac7a59a106e1a35ee4738b8c7371dec05e25e3ba6d467382fe6ad6f006
0,22.7580131,90,Male,0,1994,d5d72895198c908efa7935fea4d9f6d7455d5faa6412eccceaf96b5c1e6bb9eb
NA,69.55595258,34,Female,7,1979,d7771d5f941da0f4046503b79ae74ddb3eb470253a9683bd97fe53af97fee366
1,56.15306694,34,Male,1,1979,68ff098fc1ee216d19ebb06a0cc8ea01d9289821fb1c6fcb1b0456b9f1d210b9
1,83.75281165,33,Male,2,1980,68ff098fc1ee216d19ebb06a0cc8ea01d9289821fb1c6fcb1b0456b9f1d210b9
1,88.97424281,31,Male,3,1981,68ff098fc1ee216d19ebb06a0cc8ea01d9289821fb1c6fcb1b0456b9f1d210b9
NA,112.6140699,36,Male,4,1982,68ff098fc1ee216d19ebb06a0cc8ea01d9289821fb1c6fcb1b0456b9f1d210b9
1,24.09754786,34,Female,0,1979,333999a9bccd994204c9fe52393ccc6d5d4385806c1a783dd13b6aa65b286cb2
1,46.93990205,33,Female,1,1980,333999a9bccd994204c9fe52393ccc6d5d4385806c1a783dd13b6aa65b286cb2
1,57.11536464,31,Female,2,1981,333999a9bccd994204c9fe52393ccc6d5d4385806c1a783dd13b6aa65b286cb2
1,60.17068285,36,Female,3,1982,333999a9bccd994204c9fe52393ccc6d5d4385806c1a783dd13b6aa65b286cb2
1,61.57767972,38,Female,4,1983,333999a9bccd994204c9fe52393ccc6d5d4385806c1a783dd13b6aa65b286cb2
1,75.03479088,47,Female,5,1984,333999a9bccd994204c9fe52393ccc6d5d4385806c1a783dd13b6aa65b286cb2
1,68.36481569,51,Female,6,1985,333999a9bccd994204c9fe52393ccc6d5d4385806c1a783dd13b6aa65b286cb2
1,72.90218816,58,Female,7,1986,333999a9bccd994204c9fe52393ccc6d5d4385806c1a783dd13b6aa65b286cb2
0,71.64272921,61,Female,8,1987,333999a9bccd994204c9fe52393ccc6d5d4385806c1a783dd13b6aa65b286cb2
1,32.15095863,33,Male,0,1980,143424d04ea8d7c18f826a8efaa34ffa693e92dd95aa914227f5583aae88390a
1,57.47358805,31,Male,1,1981,143424d04ea8d7c18f826a8efaa34ffa693e92dd95aa914227f5583aae88390a
1,81.69947851,36,Male,2,1982,143424d04ea8d7c18f826a8efaa34ffa693e92dd95aa914227f5583aae88390a
1,99.64858021,38,Male,3,1983,143424d04ea8d7c18f826a8efaa34ffa693e92dd95aa914227f5583aae88390a
1,NA,47,Male,4,1984,143424d04ea8d7c18f826a8efaa34ffa693e92dd95aa914227f5583aae88390a
NA,NA,51,Male,5,1985,143424d04ea8d7c18f826a8efaa34ffa693e92dd95aa914227f5583aae88390a
1,24.52,31,Male,0,1981,14ca908f2d4da472462521624fea17bc4cae07b57051c2bd0b0fc5cc66f1f173
1,45.45365636,36,Male,1,1982,14ca908f2d4da472462521624fea17bc4cae07b57051c2bd0b0fc5cc66f1f173
1,63.90697437,38,Male,2,1983,14ca908f2d4da472462521624fea17bc4cae07b57051c2bd0b0fc5cc66f1f173
1,81.02771704,47,Male,3,1984,14ca908f2d4da472462521624fea17bc4cae07b57051c2bd0b0fc5cc66f1f173
1,88.59347855,51,Male,4,1985,14ca908f2d4da472462521624fea17bc4cae07b57051c2bd0b0fc5cc66f1f173
1,NA,58,Male,5,1986,14ca908f2d4da472462521624fea17bc4cae07b57051c2bd0b0fc5cc66f1f173
0,NA,61,Male,6,1987,14ca908f2d4da472462521624fea17bc4cae07b57051c2bd0b0fc5cc66f1f173
1,45.12879717,36,Male,1,1982,6feef63f8952711d57fe599fc934b3f057415f4432ea2393a99f168878764709
1,63.5378496,38,Male,2,1983,6feef63f8952711d57fe599fc934b3f057415f4432ea2393a99f168878764709
1,67.54589813,47,Male,3,1984,6feef63f8952711d57fe599fc934b3f057415f4432ea2393a99f168878764709
1,NA,51,Male,4,1985,6feef63f8952711d57fe599fc934b3f057415f4432ea2393a99f168878764709
0,NA,65,Male,7,1988,6feef63f8952711d57fe599fc934b3f057415f4432ea2393a99f168878764709
1,28.85969549,38,Male,0,1983,1be8726add148553ff187d18232db20abf5566011afd9c8a47995f9b667d426b
1,58.88903866,47,Male,1,1984,1be8726add148553ff187d18232db20abf5566011afd9c8a47995f9b667d426b
1,74.17635204,51,Male,2,1985,1be8726add148553ff187d18232db20abf5566011afd9c8a47995f9b667d426b
0,89.59163395,58,Male,3,1986,1be8726add148553ff187d18232db20abf5566011afd9c8a47995f9b667d426b
0,30.20588065,47,Male,0,1984,7607b318cdc8dab4e9d8cf40c05bd2f5d74a1510797d7dc7be3a25df9cad0f58
1,NA,51,Female,0,1985,2f18b60082cd811d2d4684ebe47736a0584fe6f18b06019c20633579acad8e11
1,48.74508486,58,Female,1,1986,2f18b60082cd811d2d4684ebe47736a0584fe6f18b06019c20633579acad8e11
1,62.20359998,61,Female,2,1987,2f18b60082cd811d2d4684ebe47736a0584fe6f18b06019c20633579acad8e11
1,61.13538072,65,Female,3,1988,2f18b60082cd811d2d4684ebe47736a0584fe6f18b06019c20633579acad8e11
1,60.08301562,72,Female,4,1989,2f18b60082cd811d2d4684ebe47736a0584fe6f18b06019c20633579acad8e11
1,62.80797593,83,Female,5,1990,2f18b60082cd811d2d4684ebe47736a0584fe6f18b06019c20633579acad8e11
1,69.2117803,97,Female,6,1991,2f18b60082cd811d2d4684ebe47736a0584fe6f18b06019c20633579acad8e11
1,68.28997119,103,Female,7,1992,2f18b60082cd811d2d4684ebe47736a0584fe6f18b06019c20633579acad8e11
1,69.74547014,97,Female,8,1993,2f18b60082cd811d2d4684ebe47736a0584fe6f18b06019c20633579acad8e11
1,NA,90,Female,9,1994,2f18b60082cd811d2d4684ebe47736a0584fe6f18b06019c20633579acad8e11
0,67.91529092,79,Female,10,1995,2f18b60082cd811d2d4684ebe47736a0584fe6f18b06019c20633579acad8e11
1,49.9021073,58,Male,1,1986,be390279c1895bd713385ede1374f7005dadf9868e4d03ef609f93a59b07b96b
1,70.8036002,61,Male,2,1987,be390279c1895bd713385ede1374f7005dadf9868e4d03ef609f93a59b07b96b
0,NA,65,Male,3,1988,be390279c1895bd713385ede1374f7005dadf9868e4d03ef609f93a59b07b96b
1,NA,58,Female,0,1986,2243d0cce4cc9fa5b2d0652f9e686fedfa83a9a8b2525dace797f6fdca186416
1,54.35198384,61,Female,1,1987,2243d0cce4cc9fa5b2d0652f9e686fedfa83a9a8b2525dace797f6fdca186416
1,56.14240931,65,Female,2,1988,2243d0cce4cc9fa5b2d0652f9e686fedfa83a9a8b2525dace797f6fdca186416
1,67.5083835,72,Female,3,1989,2243d0cce4cc9fa5b2d0652f9e686fedfa83a9a8b2525dace797f6fdca186416
1,68.95816336,83,Female,4,1990,2243d0cce4cc9fa5b2d0652f9e686fedfa83a9a8b2525dace797f6fdca186416
1,75.58194027,97,Female,5,1991,2243d0cce4cc9fa5b2d0652f9e686fedfa83a9a8b2525dace797f6fdca186416
1,75.19204535,103,Female,6,1992,2243d0cce4cc9fa5b2d0652f9e686fedfa83a9a8b2525dace797f6fdca186416
1,72.23827449,97,Female,7,1993,2243d0cce4cc9fa5b2d0652f9e686fedfa83a9a8b2525dace797f6fdca186416
1,78.46657139,90,Female,8,1994,2243d0cce4cc9fa5b2d0652f9e686fedfa83a9a8b2525dace797f6fdca186416
0,80.9874421,79,Female,9,1995,2243d0cce4cc9fa5b2d0652f9e686fedfa83a9a8b2525dace797f6fdca186416
1,NA,61,Male,0,1987,a9c7d3f3c1a0267175cb4b6fde9c8beabf30ff2b4378728b7b4dd7c3ca5c2232
1,51.5007887,65,Male,1,1988,a9c7d3f3c1a0267175cb4b6fde9c8beabf30ff2b4378728b7b4dd7c3ca5c2232
1,61.20411295,72,Male,2,1989,a9c7d3f3c1a0267175cb4b6fde9c8beabf30ff2b4378728b7b4dd7c3ca5c2232
1,71.83283279,83,Male,3,1990,a9c7d3f3c1a0267175cb4b6fde9c8beabf30ff2b4378728b7b4dd7c3ca5c2232
0,NA,103,Male,5,1992,a9c7d3f3c1a0267175cb4b6fde9c8beabf30ff2b4378728b7b4dd7c3ca5c2232
1,32.87858491,65,Female,0,1988,216df378055dbc56bdcba7a232e3836bbc7461a6b92a60022aeac28bc4cb5a62
1,55.49597557,72,Female,1,1989,216df378055dbc56bdcba7a232e3836bbc7461a6b92a60022aeac28bc4cb5a62
1,61.75077217,83,Female,2,1990,216df378055dbc56bdcba7a232e3836bbc7461a6b92a60022aeac28bc4cb5a62
1,69.74126944,97,Female,3,1991,216df378055dbc56bdcba7a232e3836bbc7461a6b92a60022aeac28bc4cb5a62
1,74.60112632,103,Female,4,1992,216df378055dbc56bdcba7a232e3836bbc7461a6b92a60022aeac28bc4cb5a62
1,72.57071106,97,Female,5,1993,216df378055dbc56bdcba7a232e3836bbc7461a6b92a60022aeac28bc4cb5a62
1,77.77289576,90,Female,6,1994,216df378055dbc56bdcba7a232e3836bbc7461a6b92a60022aeac28bc4cb5a62
1,77.15681553,79,Female,7,1995,216df378055dbc56bdcba7a232e3836bbc7461a6b92a60022aeac28bc4cb5a62
1,77.72230762,73,Female,8,1996,216df378055dbc56bdcba7a232e3836bbc7461a6b92a60022aeac28bc4cb5a62
1,76.02713098,75,Female,9,1997,216df378055dbc56bdcba7a232e3836bbc7461a6b92a60022aeac28bc4cb5a62
1,75.77525761,54,Female,10,1998,216df378055dbc56bdcba7a232e3836bbc7461a6b92a60022aeac28bc4cb5a62
1,75.60592685,45,Female,11,1999,216df378055dbc56bdcba7a232e3836bbc7461a6b92a60022aeac28bc4cb5a62
1,76.06362468,37,Female,12,2000,216df378055dbc56bdcba7a232e3836bbc7461a6b92a60022aeac28bc4cb5a62
0,74.92591541,32,Female,13,2001,216df378055dbc56bdcba7a232e3836bbc7461a6b92a60022aeac28bc4cb5a62
1,26.35384615,72,Female,0,1989,4c1880ce518479f36f04f91ae06f2d37b7d3b8b7f6c571e0d478a2e1be07d90a
1,40.0728856,83,Female,1,1990,4c1880ce518479f36f04f91ae06f2d37b7d3b8b7f6c571e0d478a2e1be07d90a
1,57.6866766,97,Female,2,1991,4c1880ce518479f36f04f91ae06f2d37b7d3b8b7f6c571e0d478a2e1be07d90a
1,67.68079038,103,Female,3,1992,4c1880ce518479f36f04f91ae06f2d37b7d3b8b7f6c571e0d478a2e1be07d90a
1,60.73990248,97,Female,4,1993,4c1880ce518479f36f04f91ae06f2d37b7d3b8b7f6c571e0d478a2e1be07d90a
1,69.32270772,90,Female,5,1994,4c1880ce518479f36f04f91ae06f2d37b7d3b8b7f6c571e0d478a2e1be07d90a
1,66.70288751,79,Female,6,1995,4c1880ce518479f36f04f91ae06f2d37b7d3b8b7f6c571e0d478a2e1be07d90a
0,70.97454409,73,Female,7,1996,4c1880ce518479f36f04f91ae06f2d37b7d3b8b7f6c571e0d478a2e1be07d90a
NA,NA,83,Male,0,1990,cee395525784664ea30df50cc6253be2100e99665b81d09c4a6b804f9a47979a
0,28.96855847,97,Male,0,1991,f29229129f2b80855b9cdcdfce1fb37cecddaab7c5e2c22fe032ec9662b15eff
NA,NA,103,Male,0,1992,1bac8a935dc74e47b1cda91ed10c668bb802deb39c4dfd85cd99637439c7e40f
1,21.65705638,97,Male,0,1993,db319394ee3d990bcc270349f02be8063fa2dfd3b9ef2934fcde9620b586cd48
0,44.21857705,90,Male,1,1994,db319394ee3d990bcc270349f02be8063fa2dfd3b9ef2934fcde9620b586cd48
0,26.5,90,Male,0,1994,c1eca4d3f1a6851cd9b079cfdf5fb81d032defea12d7b4c8122ed8b7c43b649d
0,41.89050583,79,Female,1,1995,16a36e86f6fed5d465ff332511a0ce1a863b55d364b25a7cdaa25db19abf9648
1,26.32972064,79,Male,0,1995,ad0608725cbbdbc36406d149067a32b0a77a524b5fff5183cc76c0d6b7f935b5
1,44.22060167,73,Male,1,1996,ad0608725cbbdbc36406d149067a32b0a77a524b5fff5183cc76c0d6b7f935b5
1,56.72071479,75,Male,2,1997,ad0608725cbbdbc36406d149067a32b0a77a524b5fff5183cc76c0d6b7f935b5
0,NA,54,Male,3,1998,ad0608725cbbdbc36406d149067a32b0a77a524b5fff5183cc76c0d6b7f935b5
1,22.43056472,79,Female,0,1995,37b5be61fefd1edea7761c41767c6c4e8bda09d7e7b73002b6ef98b481bb68a5
0,NA,73,Female,1,1996,37b5be61fefd1edea7761c41767c6c4e8bda09d7e7b73002b6ef98b481bb68a5
0,40.36823618,79,Female,1,1995,91bec90d2f59a91f2e7c08d17b5334af65f58b47672600b8bdb4a44a8b0d81c8
0,22.88301173,79,Male,0,1995,899af38b9adba81c9243fc896f19eb12efdc8d9f03654932ccd036915267f308
1,NA,79,Female,0,1995,cc1e22142e7d545252f349a1d1dd84100e4441043f7485de6eeeb2f9eaea9e14
1,46.5019353,73,Female,1,1996,cc1e22142e7d545252f349a1d1dd84100e4441043f7485de6eeeb2f9eaea9e14
1,51.06080772,75,Female,2,1997,cc1e22142e7d545252f349a1d1dd84100e4441043f7485de6eeeb2f9eaea9e14
1,68.30572477,54,Female,3,1998,cc1e22142e7d545252f349a1d1dd84100e4441043f7485de6eeeb2f9eaea9e14
NA,NA,45,Female,4,1999,cc1e22142e7d545252f349a1d1dd84100e4441043f7485de6eeeb2f9eaea9e14
0,28.70723931,79,Male,0,1995,483b1a8835281f4735217c0119b7b26274f44576877be4e5cbf9f67481d8d293
0,NA,79,Female,0,1995,14a839c6693b8068f90616e2fd312dfbefc3a2099b1498093c7e15a8a74aa215
1,29.57019536,79,Male,0,1995,74be068977dafbd3302b39fe6195b66b0cf507eb05c054bc422cca1035dcc6fc
1,53.59535681,73,Male,1,1996,74be068977dafbd3302b39fe6195b66b0cf507eb05c054bc422cca1035dcc6fc
1,60.81851633,75,Male,2,1997,74be068977dafbd3302b39fe6195b66b0cf507eb05c054bc422cca1035dcc6fc
1,72.30888178,54,Male,3,1998,74be068977dafbd3302b39fe6195b66b0cf507eb05c054bc422cca1035dcc6fc
1,82.86088656,45,Male,4,1999,74be068977dafbd3302b39fe6195b66b0cf507eb05c054bc422cca1035dcc6fc
1,90.75523208,37,Male,5,2000,74be068977dafbd3302b39fe6195b66b0cf507eb05c054bc422cca1035dcc6fc
0,99.91117999,32,Male,6,2001,74be068977dafbd3302b39fe6195b66b0cf507eb05c054bc422cca1035dcc6fc
0,23.65366994,79,Female,0,1995,5985f6f8353e299ba80dec0a569d2757f733a25567a6a4f38f5f102770495ae6
0,28.75118728,79,Female,0,1995,9f426250ab1e75ba03c903aab350b75b928a83a12b2e651b5b6fb947b15481c1
1,29.96595015,79,Female,0,1995,c8361f9b468e68c86da024270e0949ce139cb704b8d7cce586681b99f3a7ea56
1,47.00432896,73,Female,1,1996,c8361f9b468e68c86da024270e0949ce139cb704b8d7cce586681b99f3a7ea56
0,53.76842457,75,Female,2,1997,c8361f9b468e68c86da024270e0949ce139cb704b8d7cce586681b99f3a7ea56
1,24.13888371,79,Female,0,1995,084835c6a489af317ddfff6b377e01134991a265341024e3e82cdaad72c0c4bf
1,47.03085869,73,Female,1,1996,084835c6a489af317ddfff6b377e01134991a265341024e3e82cdaad72c0c4bf
1,54.55289838,75,Female,2,1997,084835c6a489af317ddfff6b377e01134991a265341024e3e82cdaad72c0c4bf
1,62.15052807,54,Female,3,1998,084835c6a489af317ddfff6b377e01134991a265341024e3e82cdaad72c0c4bf
1,64.74483439,45,Female,4,1999,084835c6a489af317ddfff6b377e01134991a265341024e3e82cdaad72c0c4bf
1,70.75728057,37,Female,5,2000,084835c6a489af317ddfff6b377e01134991a265341024e3e82cdaad72c0c4bf
0,68.37658743,32,Female,6,2001,084835c6a489af317ddfff6b377e01134991a265341024e3e82cdaad72c0c4bf
0,25.94208408,79,Female,0,1995,6a84846e7c6a1a71bc699251a32896a449cd7ee978133f763284236f900341ac
1,26.84651322,79,Female,0,1995,0536e7eccfe57c2822588123afe946c69d003565b2f54f4b3e418997ce85517e
1,NA,73,Female,1,1996,0536e7eccfe57c2822588123afe946c69d003565b2f54f4b3e418997ce85517e
0,52.62633806,75,Female,2,1997,0536e7eccfe57c2822588123afe946c69d003565b2f54f4b3e418997ce85517e
1,50.06592408,79,Male,1,1995,f717e70eea85cfe1f6ee5d2766fbe5bbf519fe418166ae6f9e0e7927730973e0
0,NA,73,Male,2,1996,f717e70eea85cfe1f6ee5d2766fbe5bbf519fe418166ae6f9e0e7927730973e0
0,19.00262442,79,Male,0,1995,3b0312e666f0f59e4510fd1b3b671919d7b58db0edb5a690bbcaa11a4c335816
0,26.48366666,79,Male,0,1995,1d23f6eee87d463432cf2a75ec9e5cbca260846a28ddf10c6c5005dbb6094fe8
1,27.17178307,79,Female,0,1995,9b5f0e69a7656f3852ae6f7f991050518b3cc3e54d25d3d14a6450833a1f5c26
0,47.29112961,73,Female,1,1996,9b5f0e69a7656f3852ae6f7f991050518b3cc3e54d25d3d14a6450833a1f5c26
0,28.53227765,79,Female,0,1995,3125d84438d0aa66bd9d50a32756b48897f9020c7c5842ab39ffa14a9d7db224
1,24.38887903,79,Female,0,1995,548afd31c485bd531f978202dc1a8dffe67f3d85a3b5a94b1d77238b0d645e26
1,46.41761253,73,Female,1,1996,548afd31c485bd531f978202dc1a8dffe67f3d85a3b5a94b1d77238b0d645e26
1,56.55974861,75,Female,2,1997,548afd31c485bd531f978202dc1a8dffe67f3d85a3b5a94b1d77238b0d645e26
1,66.10791798,54,Female,3,1998,548afd31c485bd531f978202dc1a8dffe67f3d85a3b5a94b1d77238b0d645e26
1,65.41894769,45,Female,4,1999,548afd31c485bd531f978202dc1a8dffe67f3d85a3b5a94b1d77238b0d645e26
1,68.44810252,37,Female,5,2000,548afd31c485bd531f978202dc1a8dffe67f3d85a3b5a94b1d77238b0d645e26
1,69.1115862,32,Female,6,2001,548afd31c485bd531f978202dc1a8dffe67f3d85a3b5a94b1d77238b0d645e26
1,71.08893301,21,Female,7,2002,548afd31c485bd531f978202dc1a8dffe67f3d85a3b5a94b1d77238b0d645e26
NA,NA,20,Female,8,2003,548afd31c485bd531f978202dc1a8dffe67f3d85a3b5a94b1d77238b0d645e26
0,20.44004524,79,Female,0,1995,8d313b8b32ecb8064d478cc4234a337f8be40b03bb1ea866911b5bf0ac74e3d4
NA,26.76143454,79,Male,0,1995,1398b376fdcce25c5a5399367e76891e85121c010ec919cc243b1a519d95bbc6
1,27.56514955,79,Male,0,1995,f22eaa9a1442b58c1afea9d20c4a958b27e44fe083e938a327433000b9a3d29e
1,52.60001951,73,Male,1,1996,f22eaa9a1442b58c1afea9d20c4a958b27e44fe083e938a327433000b9a3d29e
1,64.83612757,75,Male,2,1997,f22eaa9a1442b58c1afea9d20c4a958b27e44fe083e938a327433000b9a3d29e
0,81.64375137,54,Male,3,1998,f22eaa9a1442b58c1afea9d20c4a958b27e44fe083e938a327433000b9a3d29e
0,30.22904814,79,Male,0,1995,70695fd1d9eef443b2401bd1ace6fe8113e66481ff3529986051dc3ceb2148c8
1,27.59670513,79,Male,0,1995,25cac6548e8f6044c8b3e3def19ff83d9c03d38fbc42c09f4d92c36e03c3947e
1,50.56206687,73,Male,1,1996,25cac6548e8f6044c8b3e3def19ff83d9c03d38fbc42c09f4d92c36e03c3947e
0,63.30179448,75,Male,2,1997,25cac6548e8f6044c8b3e3def19ff83d9c03d38fbc42c09f4d92c36e03c3947e
1,23.03230693,79,Female,0,1995,19e4cdbacd5a4bd96827e06dfdbb5f77ce31f6d1ae7d393accc8ad1ac477cbbf
1,42.67261642,73,Female,1,1996,19e4cdbacd5a4bd96827e06dfdbb5f77ce31f6d1ae7d393accc8ad1ac477cbbf
1,54.70678858,75,Female,2,1997,19e4cdbacd5a4bd96827e06dfdbb5f77ce31f6d1ae7d393accc8ad1ac477cbbf
1,66.74948667,54,Female,3,1998,19e4cdbacd5a4bd96827e06dfdbb5f77ce31f6d1ae7d393accc8ad1ac477cbbf
1,65.17542259,45,Female,4,1999,19e4cdbacd5a4bd96827e06dfdbb5f77ce31f6d1ae7d393accc8ad1ac477cbbf
1,73.17334609,37,Female,5,2000,19e4cdbacd5a4bd96827e06dfdbb5f77ce31f6d1ae7d393accc8ad1ac477cbbf
1,70.39732773,32,Female,6,2001,19e4cdbacd5a4bd96827e06dfdbb5f77ce31f6d1ae7d393accc8ad1ac477cbbf
1,68.09714488,21,Female,7,2002,19e4cdbacd5a4bd96827e06dfdbb5f77ce31f6d1ae7d393accc8ad1ac477cbbf
1,70.62294932,20,Female,8,2003,19e4cdbacd5a4bd96827e06dfdbb5f77ce31f6d1ae7d393accc8ad1ac477cbbf
0,75.19999656,18,Female,9,2004,19e4cdbacd5a4bd96827e06dfdbb5f77ce31f6d1ae7d393accc8ad1ac477cbbf
1,31.40477487,79,Male,0,1995,ba63c36f88f91aac234ffd68a1f9e2756066f4dd9b4a83d3d41f7001cc11ea1a
0,NA,73,Male,1,1996,ba63c36f88f91aac234ffd68a1f9e2756066f4dd9b4a83d3d41f7001cc11ea1a
1,26.54408274,79,Female,0,1995,8247576179ebc0c0ee77bc6b12876cd3eb6cc62cd27ab37187c0b02f45005a98
1,43.54257746,73,Female,1,1996,8247576179ebc0c0ee77bc6b12876cd3eb6cc62cd27ab37187c0b02f45005a98
1,53.30061534,75,Female,2,1997,8247576179ebc0c0ee77bc6b12876cd3eb6cc62cd27ab37187c0b02f45005a98
1,59.64012382,54,Female,3,1998,8247576179ebc0c0ee77bc6b12876cd3eb6cc62cd27ab37187c0b02f45005a98
1,63.73972318,45,Female,4,1999,8247576179ebc0c0ee77bc6b12876cd3eb6cc62cd27ab37187c0b02f45005a98
1,62.82458976,37,Female,5,2000,8247576179ebc0c0ee77bc6b12876cd3eb6cc62cd27ab37187c0b02f45005a98
1,67.89336606,32,Female,6,2001,8247576179ebc0c0ee77bc6b12876cd3eb6cc62cd27ab37187c0b02f45005a98
1,63.53770906,21,Female,7,2002,8247576179ebc0c0ee77bc6b12876cd3eb6cc62cd27ab37187c0b02f45005a98
1,66.20738114,20,Female,8,2003,8247576179ebc0c0ee77bc6b12876cd3eb6cc62cd27ab37187c0b02f45005a98
1,68.57864439,18,Female,9,2004,8247576179ebc0c0ee77bc6b12876cd3eb6cc62cd27ab37187c0b02f45005a98
1,69.34563619,19,Female,10,2005,8247576179ebc0c0ee77bc6b12876cd3eb6cc62cd27ab37187c0b02f45005a98
1,69.53132704,17,Female,11,2006,8247576179ebc0c0ee77bc6b12876cd3eb6cc62cd27ab37187c0b02f45005a98
1,67.74596595,16,Female,12,2007,8247576179ebc0c0ee77bc6b12876cd3eb6cc62cd27ab37187c0b02f45005a98
1,67.82324549,22,Female,13,2008,8247576179ebc0c0ee77bc6b12876cd3eb6cc62cd27ab37187c0b02f45005a98
1,71.22977032,24,Female,14,2009,8247576179ebc0c0ee77bc6b12876cd3eb6cc62cd27ab37187c0b02f45005a98
0,70.7457851,23,Female,15,2010,8247576179ebc0c0ee77bc6b12876cd3eb6cc62cd27ab37187c0b02f45005a98
1,23.70295384,79,Female,0,1995,b3f6c1cee0b57ba9e239527a2a8c84e38b7ee5d965e3f393fc75480e9f388771
1,40.40812526,73,Female,1,1996,b3f6c1cee0b57ba9e239527a2a8c84e38b7ee5d965e3f393fc75480e9f388771
1,51.33402131,75,Female,2,1997,b3f6c1cee0b57ba9e239527a2a8c84e38b7ee5d965e3f393fc75480e9f388771
NA,NA,54,Female,3,1998,b3f6c1cee0b57ba9e239527a2a8c84e38b7ee5d965e3f393fc75480e9f388771
1,32.24669828,79,Male,0,1995,c01af0598f937b18bb380140af707d4e0c4424aa48f02726eb7f57a87e0b95bf
0,NA,73,Male,1,1996,c01af0598f937b18bb380140af707d4e0c4424aa48f02726eb7f57a87e0b95bf
0,23.49011801,79,Female,0,1995,76de9dde3dbc7be10bc33bcb44a6f99828095978c46bd6af777876e16768357d
1,21.25035774,79,Male,0,1995,e8ef6ab079459b489db8c3bece43a37194fc999a05f7c75563a32989e3fd5e2b
0,45.10717011,73,Male,1,1996,e8ef6ab079459b489db8c3bece43a37194fc999a05f7c75563a32989e3fd5e2b
0,44.35598305,79,Male,1,1995,4e808094851fc2eac7a386fc7d64677b34bda5e41d366ec4943233f9e6f2cd63
0,27.71734432,79,Female,0,1995,aa64bf86974e5871061f32d4c550e850f8b3d39c85fae7b2c1c6c255d4183ef3
0,25.48295926,79,Male,0,1995,ccb262822fee6066e3b8ebe489b23830e52273611c4ca488f818373cb2ab2723
1,30.65150708,79,Male,0,1995,ffd47832bdb97c0eaae13d206acc0257b24008909506dbe1ddca822c9aa33411
1,55.02836974,73,Male,1,1996,ffd47832bdb97c0eaae13d206acc0257b24008909506dbe1ddca822c9aa33411
1,64.87099011,75,Male,2,1997,ffd47832bdb97c0eaae13d206acc0257b24008909506dbe1ddca822c9aa33411
1,79.97049737,54,Male,3,1998,ffd47832bdb97c0eaae13d206acc0257b24008909506dbe1ddca822c9aa33411
1,89.74857367,45,Male,4,1999,ffd47832bdb97c0eaae13d206acc0257b24008909506dbe1ddca822c9aa33411
0,95.80337747,37,Male,5,2000,ffd47832bdb97c0eaae13d206acc0257b24008909506dbe1ddca822c9aa33411
0,30.96734432,79,Female,0,1995,10034f3b5e4c83230866c90ac246d373cb8eee8a9a690db4e7ad8eabc241bb0b
1,30.98724085,79,Female,0,1995,8f69870b34cee5d42eb1b00b9946c6567855c5d191306ddcc3c4c924b43cec4d
1,49.9434863,73,Female,1,1996,8f69870b34cee5d42eb1b00b9946c6567855c5d191306ddcc3c4c924b43cec4d
1,63.73949577,75,Female,2,1997,8f69870b34cee5d42eb1b00b9946c6567855c5d191306ddcc3c4c924b43cec4d
1,67.98254257,54,Female,3,1998,8f69870b34cee5d42eb1b00b9946c6567855c5d191306ddcc3c4c924b43cec4d
1,72.20891845,45,Female,4,1999,8f69870b34cee5d42eb1b00b9946c6567855c5d191306ddcc3c4c924b43cec4d
1,76.27550203,37,Female,5,2000,8f69870b34cee5d42eb1b00b9946c6567855c5d191306ddcc3c4c924b43cec4d
1,73.43043303,32,Female,6,2001,8f69870b34cee5d42eb1b00b9946c6567855c5d191306ddcc3c4c924b43cec4d
1,74.62825884,21,Female,7,2002,8f69870b34cee5d42eb1b00b9946c6567855c5d191306ddcc3c4c924b43cec4d
1,76.31413754,20,Female,8,2003,8f69870b34cee5d42eb1b00b9946c6567855c5d191306ddcc3c4c924b43cec4d
1,81.62944867,18,Female,9,2004,8f69870b34cee5d42eb1b00b9946c6567855c5d191306ddcc3c4c924b43cec4d
1,82.49591805,19,Female,10,2005,8f69870b34cee5d42eb1b00b9946c6567855c5d191306ddcc3c4c924b43cec4d
1,77.98276642,17,Female,11,2006,8f69870b34cee5d42eb1b00b9946c6567855c5d191306ddcc3c4c924b43cec4d
1,72.30763917,16,Female,12,2007,8f69870b34cee5d42eb1b00b9946c6567855c5d191306ddcc3c4c924b43cec4d
1,83.10742789,22,Female,13,2008,8f69870b34cee5d42eb1b00b9946c6567855c5d191306ddcc3c4c924b43cec4d
1,79.16887102,24,Female,14,2009,8f69870b34cee5d42eb1b00b9946c6567855c5d191306ddcc3c4c924b43cec4d
1,80.95319404,23,Female,15,2010,8f69870b34cee5d42eb1b00b9946c6567855c5d191306ddcc3c4c924b43cec4d
1,79.68626879,24,Female,16,2011,8f69870b34cee5d42eb1b00b9946c6567855c5d191306ddcc3c4c924b43cec4d
0,NA,28,Female,17,2012,8f69870b34cee5d42eb1b00b9946c6567855c5d191306ddcc3c4c924b43cec4d
1,24.67374875,79,Female,0,1995,f75160fc3009c7f730efc619b6105ffaa423bf4ba0fda630598f48fbdf3b31a1
0,45.04261304,73,Female,1,1996,f75160fc3009c7f730efc619b6105ffaa423bf4ba0fda630598f48fbdf3b31a1
0,30.8325173,79,Male,0,1995,b4687f1d2f1823e4be6a1faedd7aefe5420470eeb7f5e244c143b21cec8ad69f
1,22.69449528,79,Male,0,1995,42a5b91aae5ee625c76cdf37a5ea7171400fb2d69b680ae037d81da3a4b242b5
1,43.07604862,73,Male,1,1996,42a5b91aae5ee625c76cdf37a5ea7171400fb2d69b680ae037d81da3a4b242b5
0,54.88861583,75,Male,2,1997,42a5b91aae5ee625c76cdf37a5ea7171400fb2d69b680ae037d81da3a4b242b5
1,23.69616841,79,Male,0,1995,6b15ee3b9614b7a46d0d6983d0945533f0ed1e6360a2703b9643b8aedd3399ff
1,44.30263849,73,Male,1,1996,6b15ee3b9614b7a46d0d6983d0945533f0ed1e6360a2703b9643b8aedd3399ff
1,56.32115245,75,Male,2,1997,6b15ee3b9614b7a46d0d6983d0945533f0ed1e6360a2703b9643b8aedd3399ff
1,68.00258225,54,Male,3,1998,6b15ee3b9614b7a46d0d6983d0945533f0ed1e6360a2703b9643b8aedd3399ff
0,76.61893853,45,Male,4,1999,6b15ee3b9614b7a46d0d6983d0945533f0ed1e6360a2703b9643b8aedd3399ff
0,27.30683192,79,Female,0,1995,a083fbd0b9931ba7cb150ad7a1811f3753d1b1aed289a0a4afd97a99314e238d
1,27.55941964,79,Female,0,1995,ea644b359f0b0abde72ab7dbdc03c7d630537bdd0fd7ca1bbb99d41e7f446eea
1,44.76281902,73,Female,1,1996,ea644b359f0b0abde72ab7dbdc03c7d630537bdd0fd7ca1bbb99d41e7f446eea
0,51.50667991,75,Female,2,1997,ea644b359f0b0abde72ab7dbdc03c7d630537bdd0fd7ca1bbb99d41e7f446eea
1,28.51563634,79,Female,0,1995,5d3d10fe161990c92dad31145d75847a209be7a0acb54a8faee724e7b9432ca7
1,44.97857206,73,Female,1,1996,5d3d10fe161990c92dad31145d75847a209be7a0acb54a8faee724e7b9432ca7
1,56.04783745,75,Female,2,1997,5d3d10fe161990c92dad31145d75847a209be7a0acb54a8faee724e7b9432ca7
1,65.98556259,54,Female,3,1998,5d3d10fe161990c92dad31145d75847a209be7a0acb54a8faee724e7b9432ca7
1,66.72654822,45,Female,4,1999,5d3d10fe161990c92dad31145d75847a209be7a0acb54a8faee724e7b9432ca7
1,66.8848018,37,Female,5,2000,5d3d10fe161990c92dad31145d75847a209be7a0acb54a8faee724e7b9432ca7
1,68.97803692,32,Female,6,2001,5d3d10fe161990c92dad31145d75847a209be7a0acb54a8faee724e7b9432ca7
1,71.54046822,21,Female,7,2002,5d3d10fe161990c92dad31145d75847a209be7a0acb54a8faee724e7b9432ca7
1,71.56552616,20,Female,8,2003,5d3d10fe161990c92dad31145d75847a209be7a0acb54a8faee724e7b9432ca7
1,74.68430124,18,Female,9,2004,5d3d10fe161990c92dad31145d75847a209be7a0acb54a8faee724e7b9432ca7
1,78.08078387,19,Female,10,2005,5d3d10fe161990c92dad31145d75847a209be7a0acb54a8faee724e7b9432ca7
1,74.96853798,17,Female,11,2006,5d3d10fe161990c92dad31145d75847a209be7a0acb54a8faee724e7b9432ca7
1,71.76664007,16,Female,12,2007,5d3d10fe161990c92dad31145d75847a209be7a0acb54a8faee724e7b9432ca7
1,74.96429201,22,Female,13,2008,5d3d10fe161990c92dad31145d75847a209be7a0acb54a8faee724e7b9432ca7
NA,NA,24,Female,14,2009,5d3d10fe161990c92dad31145d75847a209be7a0acb54a8faee724e7b9432ca7
1,31.5090558,79,Male,0,1995,eb33d21518e6c6e4c48bf2802258c103238346dbdd1408841181e6349ed09981
1,56.20612186,73,Male,1,1996,eb33d21518e6c6e4c48bf2802258c103238346dbdd1408841181e6349ed09981
0,NA,75,Male,2,1997,eb33d21518e6c6e4c48bf2802258c103238346dbdd1408841181e6349ed09981
0,24.87437736,79,Male,0,1995,4f4c0b4cd25a00e6d39f7de43c8a678b880b820dd83e28a8aac5c5bb1ae34c44
1,26.35512394,79,Female,0,1995,43aaae6263cbc4029a16b42cbdedda790442ba168d617596bee3649c098ff0ed
1,39.33700048,73,Female,1,1996,43aaae6263cbc4029a16b42cbdedda790442ba168d617596bee3649c098ff0ed
1,43.69672319,75,Female,2,1997,43aaae6263cbc4029a16b42cbdedda790442ba168d617596bee3649c098ff0ed
1,55.02949507,54,Female,3,1998,43aaae6263cbc4029a16b42cbdedda790442ba168d617596bee3649c098ff0ed
0,60.10797008,45,Female,4,1999,43aaae6263cbc4029a16b42cbdedda790442ba168d617596bee3649c098ff0ed
1,19.44461155,79,Female,0,1995,ed3a46a8386f521a44b60b4cb6816cf75bf552e5982ea3f07c9637d7ac0aaa11
0,NA,73,Female,1,1996,ed3a46a8386f521a44b60b4cb6816cf75bf552e5982ea3f07c9637d7ac0aaa11
1,44.88400309,79,Male,1,1995,1bd0b76940f174f5271ca83d5e08666df2dbe0b21d26141a431a778fef681a0d
NA,NA,73,Male,2,1996,1bd0b76940f174f5271ca83d5e08666df2dbe0b21d26141a431a778fef681a0d
0,27.94461155,79,Female,0,1995,3dcbba7c7c29bece9a30d2169782b31c70b17ffc0b6d5fab6ea55d2e752c39da
0,26.87358676,79,Female,0,1995,f338cb38c1e2d46d2175d1a0dba4a1d0d248cce6c97261acd4de089a4e8b08e4
1,25.56277736,79,Female,0,1995,d94791a85f88d5f49c3cc06d5557316cf743d60149820c594f389a1b301ff021
0,42.37550775,73,Female,1,1996,d94791a85f88d5f49c3cc06d5557316cf743d60149820c594f389a1b301ff021
0,41.45694778,79,Male,1,1995,724f7bdf7e74a5fe64337203fb8b6ccf4adfc2919665e67a81f02e81752c1c97
0,29.20588765,79,Male,0,1995,553a0fddbb387723578263570e63a83955482ae44f45bac9a90c65ddc058329f
1,31.70935105,79,Male,0,1995,06663975f75f189f1d70bd14d8f22df264cd6a5c7575d6875183d0ec76432fbb
1,58.33913059,73,Male,1,1996,06663975f75f189f1d70bd14d8f22df264cd6a5c7575d6875183d0ec76432fbb
1,64.98187191,75,Male,2,1997,06663975f75f189f1d70bd14d8f22df264cd6a5c7575d6875183d0ec76432fbb
1,81.03147013,54,Male,3,1998,06663975f75f189f1d70bd14d8f22df264cd6a5c7575d6875183d0ec76432fbb
1,87.89936159,45,Male,4,1999,06663975f75f189f1d70bd14d8f22df264cd6a5c7575d6875183d0ec76432fbb
1,95.30827607,37,Male,5,2000,06663975f75f189f1d70bd14d8f22df264cd6a5c7575d6875183d0ec76432fbb
1,110.7993861,32,Male,6,2001,06663975f75f189f1d70bd14d8f22df264cd6a5c7575d6875183d0ec76432fbb
1,NA,21,Male,7,2002,06663975f75f189f1d70bd14d8f22df264cd6a5c7575d6875183d0ec76432fbb
1,112.5699693,20,Male,8,2003,06663975f75f189f1d70bd14d8f22df264cd6a5c7575d6875183d0ec76432fbb
1,123.8677079,18,Male,9,2004,06663975f75f189f1d70bd14d8f22df264cd6a5c7575d6875183d0ec76432fbb
1,118.8456263,19,Male,10,2005,06663975f75f189f1d70bd14d8f22df264cd6a5c7575d6875183d0ec76432fbb
1,NA,17,Male,11,2006,06663975f75f189f1d70bd14d8f22df264cd6a5c7575d6875183d0ec76432fbb
0,NA,16,Male,12,2007,06663975f75f189f1d70bd14d8f22df264cd6a5c7575d6875183d0ec76432fbb
1,28.283714596595,24,Female,0,2021,de5c07f32a81f72f70c54be8633b993be4233bac2726bb5c7f0da80bcc32f8e0
1,50.0717389930414,20,Female,1,2022,de5c07f32a81f72f70c54be8633b993be4233bac2726bb5c7f0da80bcc32f8e0
1,62.3043059990621,25,Female,2,2023,de5c07f32a81f72f70c54be8633b993be4233bac2726bb5c7f0da80bcc32f8e0
1,26.2031486381059,24,Female,0,2021,e556bee24a6f7d4030e881c6f71b4c7bc1a2f994a3e6a653356fb2b18adb7f40
1,40.8358619291457,20,Female,1,2022,e556bee24a6f7d4030e881c6f71b4c7bc1a2f994a3e6a653356fb2b18adb7f40
1,54.6235357224056,25,Female,2,2023,e556bee24a6f7d4030e881c6f71b4c7bc1a2f994a3e6a653356fb2b18adb7f40
1,25.8348937343539,24,Female,0,2021,d74350e290b4c92b79d1c51f2f1f37c77b2483388cd180aa0cd38b8d8cedaa18
1,44.8740184122129,20,Female,1,2022,d74350e290b4c92b79d1c51f2f1f37c77b2483388cd180aa0cd38b8d8cedaa18
1,58.7193113454247,25,Female,2,2023,d74350e290b4c92b79d1c51f2f1f37c77b2483388cd180aa0cd38b8d8cedaa18
1,34.5369935862185,24,Male,0,2021,84f3c2ca73d48555ef521f9303e8c0e2315b0d8bbc8a206fb78ab1c3ec39aceb
1,56.9076984483848,20,Male,1,2022,84f3c2ca73d48555ef521f9303e8c0e2315b0d8bbc8a206fb78ab1c3ec39aceb
1,NA,25,Male,2,2023,84f3c2ca73d48555ef521f9303e8c0e2315b0d8bbc8a206fb78ab1c3ec39aceb
1,29.8522531489174,24,Male,0,2021,1f13cf89cbd60b627bba4503e90fb3658d7e839c98dfe83c2ca2dc5e595ce7bd
1,55.3701248161683,20,Male,1,2022,1f13cf89cbd60b627bba4503e90fb3658d7e839c98dfe83c2ca2dc5e595ce7bd
1,71.8913938918939,25,Male,2,2023,1f13cf89cbd60b627bba4503e90fb3658d7e839c98dfe83c2ca2dc5e595ce7bd
1,20.8,24,Female,0,2021,746da1dc3e5ba116fa3be2eaa80ae665268a10428e0d261ca91f1d6eb6a5373e
1,44.3780297203578,20,Female,1,2022,746da1dc3e5ba116fa3be2eaa80ae665268a10428e0d261ca91f1d6eb6a5373e
1,55.9562122591486,25,Female,2,2023,746da1dc3e5ba116fa3be2eaa80ae665268a10428e0d261ca91f1d6eb6a5373e
1,NA,24,Female,0,2021,eec510e51e433d5f6e3a4ce009ca03ea5c11fb765e5f52fb2c9881a59cafadf9
1,45.5440271592969,20,Female,1,2022,eec510e51e433d5f6e3a4ce009ca03ea5c11fb765e5f52fb2c9881a59cafadf9
1,58.1462722763256,25,Female,2,2023,eec510e51e433d5f6e3a4ce009ca03ea5c11fb765e5f52fb2c9881a59cafadf9
1,29.8356956941481,24,Male,0,2021,b2866ef626d6d826080040313f39dcfeec8b38e68bb23e6586d944f9f5f0146d
0,NA,20,Male,1,2022,b2866ef626d6d826080040313f39dcfeec8b38e68bb23e6586d944f9f5f0146d
NA,NA,24,Male,0,2021,2651e7dd70ff9ed3c1737494216705648a2c732609dca4113499fb7768c9be81
1,30.0108147699393,24,Male,0,2021,6375c61be1d0afe972aace8631215d10c595a12c52fc3451cfaf9e80e0ce7fda
1,57.2649336666915,20,Male,1,2022,6375c61be1d0afe972aace8631215d10c595a12c52fc3451cfaf9e80e0ce7fda
1,72.9933678458635,25,Male,2,2023,6375c61be1d0afe972aace8631215d10c595a12c52fc3451cfaf9e80e0ce7fda
NA,26.8954915683025,24,Male,0,2021,bebaacac1d70cf63e8974a301c7fb69c760831a558403e7c4ea255d3d5a195f1
0,26.2747508453138,24,Male,0,2021,52136c80d10d18ff2abf7957a5e14c965725fb8f15bd974ea0a5ecd6a911db71
1,27.2873642120112,24,Female,0,2021,486340e9cc0f04a048a5786d64b4b1b9ac10d0d1dfb2aedc7f8230ef9174e20f
1,46.4977264986802,20,Female,1,2022,486340e9cc0f04a048a5786d64b4b1b9ac10d0d1dfb2aedc7f8230ef9174e20f
1,64.1306910608426,25,Female,2,2023,486340e9cc0f04a048a5786d64b4b1b9ac10d0d1dfb2aedc7f8230ef9174e20f
1,24.3031486381059,24,Female,0,2021,2857de0b49636f848a4c38476f89a097f4689c92670818a4c7cbdf8bbce442ee
1,46.6975117974504,20,Female,1,2022,2857de0b49636f848a4c38476f89a097f4689c92670818a4c7cbdf8bbce442ee
1,62.0935307165601,25,Female,2,2023,2857de0b49636f848a4c38476f89a097f4689c92670818a4c7cbdf8bbce442ee
0,21.2964432,73,Male,0,1996,5b950e77941d01cdf246d00b1ece546bc95234b77d98b44c9187e2733afa696a
0,28.28974534,73,Male,0,1996,54bef1ccfde12b92ac87f0731d2611afac49f51b8e1e1767476eff666dc51a79
0,27.75805067,73,Male,0,1996,c879dc6e7e8200d38565e3d604591f6a727273b5b566ee119ea7a22e7d1f888a
0,24.61487885,73,Male,0,1996,1701d0609e59cfd22e610b426ade95de13bfc292481a91c5276d5842d9262019
0,24.33241088,73,Male,0,1996,7f4ad165faba63f8891890e1704cf042727c76dfb8812ffaff566517cb8be642
1,28.26184877,73,Male,0,1996,b6e084c59b2e6e41557844ae40a6b32c2488e334a57793ac08d1fa35bf7bb53c
1,42.0703843,75,Male,1,1997,b6e084c59b2e6e41557844ae40a6b32c2488e334a57793ac08d1fa35bf7bb53c
0,61.19766054,54,Male,2,1998,b6e084c59b2e6e41557844ae40a6b32c2488e334a57793ac08d1fa35bf7bb53c
0,19.7713539,73,Female,0,1996,04ec0e04721c79735378d4af0b53c3dd3e0d6ebf4ae52e90934524fbc7a3f5fd
0,30.74656356,73,Male,0,1996,bc215963d1a424a5f9707d565f07a5bcf79e19cde17372a9a6a914cd986f7fc9
1,22.40005103,73,Female,0,1996,ee29b54b234f20ebb7c2934e453cd5c732cc1b5fd0fc3928147f9dd9f5a4fdb1
0,NA,75,Female,1,1997,ee29b54b234f20ebb7c2934e453cd5c732cc1b5fd0fc3928147f9dd9f5a4fdb1
0,21.46071617,73,Male,0,1996,00ceeab4df7002aad9c625c69e81c47d07f71027ad3600787a73c7e91fdf8d61
0,14.93218742,73,Male,0,1996,d614cbb672fe000ee39c1919e5b034f2e55b702cafaff1a7cc5f37dcf7ad1024
0,31.56551865,73,Male,0,1996,abdbc2b5cc2c7a519b72bf7a164c58ebf892ab0c2df6468213705cc2f0da8561
0,NA,73,Female,0,1996,5d73ebde81987d4c7512a0432572a87d9d31a7b8074dde9c4846f6c74dc3429e
NA,NA,73,Female,0,1996,802ef7db01bbb818f15153b3c0a94b5cf04667714bbf1314f5a604ef552c9677
0,25.34621093,73,Male,0,1996,fc29f17088f10d1df8502ae289be98fdf6de8b52549aa03cd02f7c92018d9855
NA,NA,73,Male,0,1996,04ee0df547e7f6a0c65d15af049d47420008eafb8df8e37452d934c8e2499f14
0,NA,73,Female,0,1996,9a1c712c3a26fe45003b72e3edbe78cefb712ced80a79cec15f40db1644b1e7b
0,26.69162268,73,Female,0,1996,8aaf502a219414d94655682bf4c7a66df2ce87252e242f48691bb50b898d3ece
0,20.11693941,73,Male,0,1996,3e781bcc10a62912f6fae532e0ce0e368b456b2ff739fc8b4bc293c73c34fc85
0,16.85092388,73,Female,0,1996,4bddd22de96ee7dad5296d79582f783b97d1a3d9779662b9afb05608228af05e
0,20.39827989,73,Male,0,1996,8abdf1580603d91a8e255690a4b7381a36aff7b0c4c0c6589831ddf165aca75c
0,NA,73,Male,0,1996,d210ba50f39c0d38f61379d30c99f31cc7b3af39b7aa19320394f504fb3a40a5
0,32.17091807,73,Female,0,1996,0cd20d37dbaa799d1d2f6f04adbab0b9e958b083f38e06512cdefadd20863f98
1,24.98517241,73,Male,0,1996,726a2749e243fa32b5dbbbcde1ff60642830a8a6f7afba55458ac681a6908461
0,41.18167389,75,Male,1,1997,726a2749e243fa32b5dbbbcde1ff60642830a8a6f7afba55458ac681a6908461
1,28.84988294,73,Male,0,1996,5eb00cfd65e6c6c1ae30f9a19426b50a9f3a89bddd63d7e0cc662c15c12c6ebf
1,41.1445459,75,Male,1,1997,5eb00cfd65e6c6c1ae30f9a19426b50a9f3a89bddd63d7e0cc662c15c12c6ebf
1,58.21917758,54,Male,2,1998,5eb00cfd65e6c6c1ae30f9a19426b50a9f3a89bddd63d7e0cc662c15c12c6ebf
1,71.91093858,45,Male,3,1999,5eb00cfd65e6c6c1ae30f9a19426b50a9f3a89bddd63d7e0cc662c15c12c6ebf
1,87.03921043,37,Male,4,2000,5eb00cfd65e6c6c1ae30f9a19426b50a9f3a89bddd63d7e0cc662c15c12c6ebf
0,95.17061448,32,Male,5,2001,5eb00cfd65e6c6c1ae30f9a19426b50a9f3a89bddd63d7e0cc662c15c12c6ebf
1,23.77459713,73,Female,0,1996,bc413c5b52ef04c8a017924b889cb23f3c6cac959b22b48357b9d6a0bfa7fddc
1,NA,75,Female,1,1997,bc413c5b52ef04c8a017924b889cb23f3c6cac959b22b48357b9d6a0bfa7fddc
1,45.99614349,54,Female,2,1998,bc413c5b52ef04c8a017924b889cb23f3c6cac959b22b48357b9d6a0bfa7fddc
1,53.71166226,45,Female,3,1999,bc413c5b52ef04c8a017924b889cb23f3c6cac959b22b48357b9d6a0bfa7fddc
1,58.25486446,37,Female,4,2000,bc413c5b52ef04c8a017924b889cb23f3c6cac959b22b48357b9d6a0bfa7fddc
1,62.53684516,32,Female,5,2001,bc413c5b52ef04c8a017924b889cb23f3c6cac959b22b48357b9d6a0bfa7fddc
1,57.08169094,21,Female,6,2002,bc413c5b52ef04c8a017924b889cb23f3c6cac959b22b48357b9d6a0bfa7fddc
0,60.83457241,20,Female,7,2003,bc413c5b52ef04c8a017924b889cb23f3c6cac959b22b48357b9d6a0bfa7fddc
0,18.98186292,73,Male,0,1996,fe7db0c0524f62b4aa80a689879231415506aa365d491eaeee588c6ff1890d3e
0,25.19493481,73,Female,0,1996,8a34b8db3f040423d0fb9189c8b358109324b8ad1ac7e626ed55dffe23443135
0,25.01829292,73,Male,0,1996,1f1b443b8c4bc85685c1b0e75679578c043337813e15dfb5e92e77b54c65c157
0,26.75085702,73,Female,0,1996,8a694865d0c4617de664f8911fcc4f2004fb237d706ec5ade53293a19dca688d
0,22.60369586,73,Female,0,1996,22fb1725b563cd910f9280b28ccfb28d99c2381e4ea0b9d16116dbf7ad62ea3c
1,28.88644155,73,Female,0,1996,72d639f06638a8bd2212fe30825432dcfeb6060899122be2bd41ac34a6e87071
0,36.84169544,75,Female,1,1997,72d639f06638a8bd2212fe30825432dcfeb6060899122be2bd41ac34a6e87071
0,17.88644155,73,Female,0,1996,a0f5ea4c2d1b4535a96a522797c26698af5e4699f4324f6d9b1ec53bfe5b99e3
0,27.70251149,73,Female,0,1996,239fd09dd1c48679b74cec2120cd5e448b002c728c05e9b10f2c19f298fbdd57
1,25.25,73,Female,0,1996,4f8cc1151b7556b9d361ffb372e8c7631bfac1c2afdf34fd04d129603bde65ff
0,36.64459921,75,Female,1,1997,4f8cc1151b7556b9d361ffb372e8c7631bfac1c2afdf34fd04d129603bde65ff
0,26.91381065,73,Male,0,1996,db42705c08392386b13dfdf55b4b3e66624e468fbdf9d394ef27ec33235a8e5c
0,24.19379939,73,Female,0,1996,5ba2c833c5d65e649e4b4fa4d426223f3300650f874e32c4451d9346ce6469e2
0,NA,73,Female,0,1996,9d574e1d3c5ed212edee33e2478e5a62cdecc5b5cb365479c4eb99e9d342aa38
0,25.59229959,73,Male,0,1996,f86ae46d947e2215ce53b1ae840af949b5f686e69ea2f6b7eaf3725619d4303e
0,20.78232715,73,Female,0,1996,0e1ef51633293b35ad3d62b4e963902899ed8420ddd37063f26b64217e66ad75
0,45.50293907,73,Female,1,1996,3ded92c4648c479ce74d18b838a651e02940569dc5840edd87a7d52216256359
1,29.052741703272,20,Male,0,2022,b58bca8988601355acbdfab87bb82c5c4ae22afc4eaceb2e9f37e87f6f3d09fb
1,53.1794384143764,25,Male,1,2023,b58bca8988601355acbdfab87bb82c5c4ae22afc4eaceb2e9f37e87f6f3d09fb
0,25.9903996190239,20,Male,0,2022,427a9b80b8537e7b15c329b7d7bbbd3c7404155a9baa7180e9d38b3f72c6535a
1,27.5554516034128,20,Female,0,2022,27366149daf5f493a3cfa267ec01c80a9311f014b19fea204c7d2c07c9f5f0eb
1,40.8799318829173,25,Female,1,2023,27366149daf5f493a3cfa267ec01c80a9311f014b19fea204c7d2c07c9f5f0eb
1,24.4453865190602,20,Male,0,2022,104156a53e06a954f28210ec80dd47d9a3b26e1947fab7d81e2002ecf8bf8643
1,40.7751403049226,25,Male,1,2023,104156a53e06a954f28210ec80dd47d9a3b26e1947fab7d81e2002ecf8bf8643
1,32.8191359543993,20,Male,0,2022,638123040a5817a6379dc8a5955525bb6a612202954038426473d5f893215fe3
1,63.0386294400267,25,Male,1,2023,638123040a5817a6379dc8a5955525bb6a612202954038426473d5f893215fe3
1,25.1520699177897,20,Female,0,2022,3ce9e02d94c5db4e7f7c39e1f63b937d43da7cad639c179cfd5c370537c2979e
1,44.3857307859926,25,Female,1,2023,3ce9e02d94c5db4e7f7c39e1f63b937d43da7cad639c179cfd5c370537c2979e
1,24.0422089894046,20,Female,0,2022,1f0fe01bd059c254b2a4950f3512f74d8396284fcfa264495c162b385a571047
1,42.8477404322315,25,Female,1,2023,1f0fe01bd059c254b2a4950f3512f74d8396284fcfa264495c162b385a571047
1,34.9516338870064,20,Male,0,2022,60102a957a16e6f39e2bd16ee1af9d7129de629ecc2cbce60c5e750fd8684616
1,55.4677107353701,25,Male,1,2023,60102a957a16e6f39e2bd16ee1af9d7129de629ecc2cbce60c5e750fd8684616
1,NA,20,Female,0,2022,85925b0d16b6342f3c5debeaae504a3c32e2ced5c1b22a530fbee33560a9448f
1,53.0990097380644,25,Female,1,2023,85925b0d16b6342f3c5debeaae504a3c32e2ced5c1b22a530fbee33560a9448f
1,30.2341329518813,20,Male,0,2022,0423f63f98e2575abd57dcbd07db408046cb8344d426e10a3721f9af9be839ef
1,55.6736573332653,25,Male,1,2023,0423f63f98e2575abd57dcbd07db408046cb8344d426e10a3721f9af9be839ef
1,49.9551314335412,20,Male,1,2022,f8d707908fe433be9159ecfe1c91da256d36a09bc4218988be45dfc4547babc1
1,62.2275056030775,25,Male,2,2023,f8d707908fe433be9159ecfe1c91da256d36a09bc4218988be45dfc4547babc1
1,NA,20,Male,1,2022,c9faa9b69290799de7b5128a4b9e36d6d7112bcb45cc9c01fd57e9f5afb60a48
1,54.141423424611,25,Male,2,2023,c9faa9b69290799de7b5128a4b9e36d6d7112bcb45cc9c01fd57e9f5afb60a48
1,27.6391904239709,20,Female,0,2022,afd5019f1a581191b54a731c5c3549cb09a865e28338dbeee1dac5f1f29ee3a6
1,52.022992991593,25,Female,1,2023,afd5019f1a581191b54a731c5c3549cb09a865e28338dbeee1dac5f1f29ee3a6
1,30.6217436604511,20,Male,0,2022,6aa4f47bafe5d669fb6a219e4d5fff775872bcef28dd7e9356415dbe1e29443d
1,59.0213177215469,25,Male,1,2023,6aa4f47bafe5d669fb6a219e4d5fff775872bcef28dd7e9356415dbe1e29443d
1,27.049915048601,20,Female,0,2022,c2e4f6787ad8a4a93b5aee6e9f75b013c229289ed53cf30d233526568ed59ab9
1,39.9036723143702,25,Female,1,2023,c2e4f6787ad8a4a93b5aee6e9f75b013c229289ed53cf30d233526568ed59ab9
0,36.53918139,75,Female,1,1997,ab861dc170dc2e43224e45278d3d31a675b9ebc34c9b0f48c066ca1eeaed8ee6
0,21.31426276,75,Female,0,1997,908d72900e2475921b580e971e603ef224f1995cdf47e3022d12ee88ae3e6e8a
NA,NA,75,Male,0,1997,22b5894e02a73bb5dee8ae7db1fc6f2502052c6da5c20d77612682022bd4bdae
1,18.33069011,75,Male,0,1997,fa70213c8aaf9d8fdd6d9377a388260efb452ec9f6afadb591d7ca6782cb9a57
NA,49.35789474,54,Male,1,1998,fa70213c8aaf9d8fdd6d9377a388260efb452ec9f6afadb591d7ca6782cb9a57
1,36.93323964,75,Female,1,1997,6645ca87da6316d5bb2b8e48f6d382c9ffff5a74966c81debc183dc6bb84130d
1,53.03985307,54,Female,2,1998,6645ca87da6316d5bb2b8e48f6d382c9ffff5a74966c81debc183dc6bb84130d
1,66.3161733,45,Female,3,1999,6645ca87da6316d5bb2b8e48f6d382c9ffff5a74966c81debc183dc6bb84130d
1,69.59992803,37,Female,4,2000,6645ca87da6316d5bb2b8e48f6d382c9ffff5a74966c81debc183dc6bb84130d
1,69.91036202,32,Female,5,2001,6645ca87da6316d5bb2b8e48f6d382c9ffff5a74966c81debc183dc6bb84130d
1,71.62463819,21,Female,6,2002,6645ca87da6316d5bb2b8e48f6d382c9ffff5a74966c81debc183dc6bb84130d
0,72.40889925,20,Female,7,2003,6645ca87da6316d5bb2b8e48f6d382c9ffff5a74966c81debc183dc6bb84130d
1,23.33808147,75,Female,0,1997,fafc221218d3b700c520f88d2d25775cd5135fa3964607b547671c197e990465
1,39.24940455,54,Female,1,1998,fafc221218d3b700c520f88d2d25775cd5135fa3964607b547671c197e990465
1,52.31383655,45,Female,2,1999,fafc221218d3b700c520f88d2d25775cd5135fa3964607b547671c197e990465
1,61.24507685,37,Female,3,2000,fafc221218d3b700c520f88d2d25775cd5135fa3964607b547671c197e990465
1,62.94406834,32,Female,4,2001,fafc221218d3b700c520f88d2d25775cd5135fa3964607b547671c197e990465
1,63.61891444,21,Female,5,2002,fafc221218d3b700c520f88d2d25775cd5135fa3964607b547671c197e990465
1,64.87823912,20,Female,6,2003,fafc221218d3b700c520f88d2d25775cd5135fa3964607b547671c197e990465
1,66.99661269,18,Female,7,2004,fafc221218d3b700c520f88d2d25775cd5135fa3964607b547671c197e990465
1,68.76383229,19,Female,8,2005,fafc221218d3b700c520f88d2d25775cd5135fa3964607b547671c197e990465
1,71.17849823,17,Female,9,2006,fafc221218d3b700c520f88d2d25775cd5135fa3964607b547671c197e990465
1,63.35376566,16,Female,10,2007,fafc221218d3b700c520f88d2d25775cd5135fa3964607b547671c197e990465
0,69.44155979,22,Female,11,2008,fafc221218d3b700c520f88d2d25775cd5135fa3964607b547671c197e990465
0,24.13108343,75,Male,0,1997,c1f5e527f9d411dfe793aebe1021a0910fccbc69e55cb8ddaef79f5d535d60ec
0,19.65497395,75,Female,0,1997,e1d53e4f418bb7139ba12d5f81b61b318f8a4e52c52a514b1f2eaaca6c83f199
0,23.96826804,75,Male,0,1997,aa482ed186eee527c77d7a03619ff5b6b16cf5687caf66cfaebaef43e7bc38db
0,17.60494289,75,Male,0,1997,d7cbb6e7dea72fb5061dbc601be60ce7b9d2579f78d1ac97ef69e39c79c101b0
0,21.38921506,75,Female,0,1997,a539dc09c09c4538dcdbdbf86ab700df081b61771884675644679607ae1ccc62
0,36.33975585,75,Female,1,1997,9685eb765661ea3b95f31e1bb3c3b5501d0c2acdf353feeaa4d8fe32f95f77fb
0,20.8602048,75,Male,0,1997,c9c1dd0d52c99ca43beb6a5871fbf1eeffd1f2eed971cfcfa59b1b7704556c97
0,25.05862397,75,Male,0,1997,8a214cef6d474c9ad7249b3267218f8f0b7a5ad3a0f3ff09c692251fe9b827ca
1,24.6689015,75,Female,0,1997,08d1623c441b55a6989fce1086354967eb9f522e4cab47da49e9e1e640afbde6
NA,38.32713616,54,Female,1,1998,08d1623c441b55a6989fce1086354967eb9f522e4cab47da49e9e1e640afbde6
1,35.64378239,75,Female,1,1997,1d96682bdb05ed312e0ce774ccefe0394472b88085413c3774c2df2ac7618c23
1,47.18319993,54,Female,2,1998,1d96682bdb05ed312e0ce774ccefe0394472b88085413c3774c2df2ac7618c23
1,56.2913673,45,Female,3,1999,1d96682bdb05ed312e0ce774ccefe0394472b88085413c3774c2df2ac7618c23
0,64.48853613,37,Female,4,2000,1d96682bdb05ed312e0ce774ccefe0394472b88085413c3774c2df2ac7618c23
0,26.66232648,75,Male,0,1997,90fce73cb7c144cf09bf1f8c6719765172f384716c0574b2c5c1248e921fc8a1
0,26.26079963,75,Male,0,1997,f167717fb2ed36e774225dd5b609cd208e028ba12cfc08946de444227e4e80d2
1,24.41204175,75,Female,0,1997,f09d8479566a0c7cdb156fa8635e44990b471b4a641167201c79fed549ecd5f0
1,38.15604497,54,Female,1,1998,f09d8479566a0c7cdb156fa8635e44990b471b4a641167201c79fed549ecd5f0
1,46.92891444,45,Female,2,1999,f09d8479566a0c7cdb156fa8635e44990b471b4a641167201c79fed549ecd5f0
1,56.73444704,37,Female,3,2000,f09d8479566a0c7cdb156fa8635e44990b471b4a641167201c79fed549ecd5f0
1,62.89027271,32,Female,4,2001,f09d8479566a0c7cdb156fa8635e44990b471b4a641167201c79fed549ecd5f0
1,63.31192192,21,Female,5,2002,f09d8479566a0c7cdb156fa8635e44990b471b4a641167201c79fed549ecd5f0
1,67.87158818,20,Female,6,2003,f09d8479566a0c7cdb156fa8635e44990b471b4a641167201c79fed549ecd5f0
1,63.57612701,18,Female,7,2004,f09d8479566a0c7cdb156fa8635e44990b471b4a641167201c79fed549ecd5f0
0,66.51429075,19,Female,8,2005,f09d8479566a0c7cdb156fa8635e44990b471b4a641167201c79fed549ecd5f0
0,21.61724632,75,Male,0,1997,2a36848a80644691f0e2f3c5b5fcb7871fe5b069108940563dfbfe9b50f78524
1,26.646829099558,25,Female,0,2023,4f6c1916d829c767458fcde7b0f4e3cb150d09caf93aa3693fa6c91958321ad6
1,NA,25,Male,0,2023,5528ce10b1a7f4ce6ed357c76e517f9afea5dba85924dd37135db262a3e6c9e4
1,23.2747290891495,25,Male,0,2023,665f281557e6467ebbc248cf6125597af2a7886b5a50db2878bc73c1841c4f21
1,27.2114166099347,25,Male,0,2023,fd219854e55180b6a3ca7ca2a92ccef7b8589e35c1a11fd55db55bb64e3f7d95
1,28.4027376977581,25,Male,0,2023,08801d8a6f7e6833b675505dd1ad2875bf02bc78df2380610f152fe4ed80e3fd
1,24.8983288989021,25,Female,0,2023,023d1fa5681cecc8f89cff0f4a44cffe50cde80e89bd27a26e580193b14b6093
1,29.2141850044387,25,Male,0,2023,80f72516e8dbbc39c5d4b67879a50729b10282e123d40c3ed18573e8792877b0
1,26.369247121804,25,Female,0,2023,9cab2b493ac8541ad7b6718fea84e8ad3d3d2d8a5434010a0fd73f038a7a1aa3
1,24.1657198553656,25,Male,0,2023,23b0d2b1b7834e1862c2a7bfc8e9ccac864a7b3b3690d9abe14ee317ada040ac
1,25.305624044734,25,Male,0,2023,8744e124ffd49464e2e51eea0d18261de40166677ca8ae1d6f3703fa57b285fb
1,NA,25,Female,0,2023,0e422209c21b830567d5221462e61f4e1e9dca1d70d845aeebfa27fb0b435939
0,26.17322499,54,Female,0,1998,33a123e5d474e8f3495a7c304f17184276715204ccb2887317f37bcb216b4681
0,28.8346813,54,Female,0,1998,d322de085a24ae58593ea47dd09157f88fb27454bf08582384f5693d97ed06f8
0,22.58750082,54,Female,0,1998,a7dc9aa658db149b641d28252d72e0b081504170be70b919c22bcefc43e5b33c
1,27.8034523,54,Male,0,1998,8c53e7b89615ad0a61a5c47204325872549d3a2d5af9d460f1345249e5782bcd
1,39.46497337,45,Male,1,1999,8c53e7b89615ad0a61a5c47204325872549d3a2d5af9d460f1345249e5782bcd
1,55.263615,37,Male,2,2000,8c53e7b89615ad0a61a5c47204325872549d3a2d5af9d460f1345249e5782bcd
1,74.01042313,32,Male,3,2001,8c53e7b89615ad0a61a5c47204325872549d3a2d5af9d460f1345249e5782bcd
1,79.43271459,21,Male,4,2002,8c53e7b89615ad0a61a5c47204325872549d3a2d5af9d460f1345249e5782bcd
1,87.73301511,20,Male,5,2003,8c53e7b89615ad0a61a5c47204325872549d3a2d5af9d460f1345249e5782bcd
1,98.83236539,18,Male,6,2004,8c53e7b89615ad0a61a5c47204325872549d3a2d5af9d460f1345249e5782bcd
1,103.1951493,19,Male,7,2005,8c53e7b89615ad0a61a5c47204325872549d3a2d5af9d460f1345249e5782bcd
1,NA,17,Male,8,2006,8c53e7b89615ad0a61a5c47204325872549d3a2d5af9d460f1345249e5782bcd
NA,98.25850316,16,Male,9,2007,8c53e7b89615ad0a61a5c47204325872549d3a2d5af9d460f1345249e5782bcd
0,26.77651859,54,Male,0,1998,72ce87717c0cdc008a2bc8964e7a3ae01984b65f4baeec59d00519e8498a3e2f
1,24.93342989,54,Female,0,1998,0683c2bb5f8f1c15900b8b2f8126993f9f056ebde4758997e996ded4557b72ad
1,44.32444436,45,Female,1,1999,0683c2bb5f8f1c15900b8b2f8126993f9f056ebde4758997e996ded4557b72ad
1,54.44123228,37,Female,2,2000,0683c2bb5f8f1c15900b8b2f8126993f9f056ebde4758997e996ded4557b72ad
1,61.92001234,32,Female,3,2001,0683c2bb5f8f1c15900b8b2f8126993f9f056ebde4758997e996ded4557b72ad
1,65.4165345,21,Female,4,2002,0683c2bb5f8f1c15900b8b2f8126993f9f056ebde4758997e996ded4557b72ad
1,67.07661297,20,Female,5,2003,0683c2bb5f8f1c15900b8b2f8126993f9f056ebde4758997e996ded4557b72ad
1,70.81074222,18,Female,6,2004,0683c2bb5f8f1c15900b8b2f8126993f9f056ebde4758997e996ded4557b72ad
1,72.08264747,19,Female,7,2005,0683c2bb5f8f1c15900b8b2f8126993f9f056ebde4758997e996ded4557b72ad
1,69.02412247,17,Female,8,2006,0683c2bb5f8f1c15900b8b2f8126993f9f056ebde4758997e996ded4557b72ad
1,65.69084015,16,Female,9,2007,0683c2bb5f8f1c15900b8b2f8126993f9f056ebde4758997e996ded4557b72ad
1,73.17337844,22,Female,10,2008,0683c2bb5f8f1c15900b8b2f8126993f9f056ebde4758997e996ded4557b72ad
0,71.82490415,24,Female,11,2009,0683c2bb5f8f1c15900b8b2f8126993f9f056ebde4758997e996ded4557b72ad
1,26.32919521,54,Male,0,1998,d91f856d4ffd88ddf00f3febfd01ff9068ac308271e6b6dc4b486c9ea3a3bf23
1,46.95503337,45,Male,1,1999,d91f856d4ffd88ddf00f3febfd01ff9068ac308271e6b6dc4b486c9ea3a3bf23
1,65.07073515,37,Male,2,2000,d91f856d4ffd88ddf00f3febfd01ff9068ac308271e6b6dc4b486c9ea3a3bf23
1,83.87484926,32,Male,3,2001,d91f856d4ffd88ddf00f3febfd01ff9068ac308271e6b6dc4b486c9ea3a3bf23
1,91.65105452,21,Male,4,2002,d91f856d4ffd88ddf00f3febfd01ff9068ac308271e6b6dc4b486c9ea3a3bf23
0,102.3257311,20,Male,5,2003,d91f856d4ffd88ddf00f3febfd01ff9068ac308271e6b6dc4b486c9ea3a3bf23
0,29.94165193,54,Male,0,1998,3a7d0915bebcba1ecd5c9c5097038d46712fd908631a8c49ec7eb803eb9d59af
0,27.52442813,54,Male,0,1998,1d3a071aecf272a7b72d68659ffd251c94a39817614912fc97fc969725000774
0,31.39720264,54,Male,0,1998,fe5ad2812dc8d3f184bc2efd82bcb603ee59cac271912408a5a0432d4916f5f9
NA,25.46230581,54,Female,0,1998,2265f5336d7b6037b5b75ace727a6c482c37ae963dad3bd8eff402314e8548ab
0,28.31891182,54,Male,0,1998,bed7abeac56e560a96b7fef4c846a691fe3deb2e4d1e5bbf1085b8d9e2c6e934
0,NA,54,Male,0,1998,080f626098377e96e40b2ff0260738034149998b08e5c086b940ae567580c32c
0,26.67317181,54,Male,0,1998,12a750139ca2e4c14287bb6ed9ece9ee75b556a911f19f91c2f0d59ef40e7597
1,25.19853056,54,Female,0,1998,ed35195ae02792a34387364493a4c766809f13a5d2b597830d70db652bd1afa4
1,42.02426036,45,Female,1,1999,ed35195ae02792a34387364493a4c766809f13a5d2b597830d70db652bd1afa4
1,57.68017071,37,Female,2,2000,ed35195ae02792a34387364493a4c766809f13a5d2b597830d70db652bd1afa4
0,68.89688907,32,Female,3,2001,ed35195ae02792a34387364493a4c766809f13a5d2b597830d70db652bd1afa4
0,26.85897076,54,Male,0,1998,2f434ba53bd39e7933d7e12070c4a783c41b3f1c68d9f14008cb29f7c3871a1e
1,23.92560003,54,Female,0,1998,e32ddc3033b526c2e907339aab9b1833cf3326fae99c70d08e72512dd7c96ecb
1,38.98832448,45,Female,1,1999,e32ddc3033b526c2e907339aab9b1833cf3326fae99c70d08e72512dd7c96ecb
1,41.01102072,37,Female,2,2000,e32ddc3033b526c2e907339aab9b1833cf3326fae99c70d08e72512dd7c96ecb
1,51.0521777,32,Female,3,2001,e32ddc3033b526c2e907339aab9b1833cf3326fae99c70d08e72512dd7c96ecb
1,59.71089128,21,Female,4,2002,e32ddc3033b526c2e907339aab9b1833cf3326fae99c70d08e72512dd7c96ecb
1,64.23301254,20,Female,5,2003,e32ddc3033b526c2e907339aab9b1833cf3326fae99c70d08e72512dd7c96ecb
1,67.64997716,18,Female,6,2004,e32ddc3033b526c2e907339aab9b1833cf3326fae99c70d08e72512dd7c96ecb
1,69.80054526,19,Female,7,2005,e32ddc3033b526c2e907339aab9b1833cf3326fae99c70d08e72512dd7c96ecb
0,69.57996691,17,Female,8,2006,e32ddc3033b526c2e907339aab9b1833cf3326fae99c70d08e72512dd7c96ecb
0,27.90788336,54,Male,0,1998,9102326afa32b91a69f6abf5a9505b78f6828ffd9b5ab3d7a78ada019738046e
NA,NA,45,Female,0,1999,22249aa61fd2594e50910aa574afbb977f9df8f7377e6f02e19c72245d899ad8
1,23.58976527,45,Male,0,1999,334908efbe3f2ca9f7c602d0121d0d4bef394130e1eb1ff21a1879a12b0bceb6
1,51.77487183,37,Male,1,2000,334908efbe3f2ca9f7c602d0121d0d4bef394130e1eb1ff21a1879a12b0bceb6
1,69.13472952,32,Male,2,2001,334908efbe3f2ca9f7c602d0121d0d4bef394130e1eb1ff21a1879a12b0bceb6
1,80.86788709,21,Male,3,2002,334908efbe3f2ca9f7c602d0121d0d4bef394130e1eb1ff21a1879a12b0bceb6
0,87.29681409,20,Male,4,2003,334908efbe3f2ca9f7c602d0121d0d4bef394130e1eb1ff21a1879a12b0bceb6
1,NA,45,Male,0,1999,34db7854bfc1fc23df76ec64c817fe2e041e555603bf4ff7077a7249dd905c97
0,53.83489676,37,Male,1,2000,34db7854bfc1fc23df76ec64c817fe2e041e555603bf4ff7077a7249dd905c97
1,21.29436343,45,Female,0,1999,0bc066aabf4b5141af8c0764e4c198037eb70f116c7740b59facc2e2bf1a7277
1,49.01324403,37,Female,1,2000,0bc066aabf4b5141af8c0764e4c198037eb70f116c7740b59facc2e2bf1a7277
1,60.53317361,32,Female,2,2001,0bc066aabf4b5141af8c0764e4c198037eb70f116c7740b59facc2e2bf1a7277
1,70.50650001,21,Female,3,2002,0bc066aabf4b5141af8c0764e4c198037eb70f116c7740b59facc2e2bf1a7277
1,72.01856609,20,Female,4,2003,0bc066aabf4b5141af8c0764e4c198037eb70f116c7740b59facc2e2bf1a7277
1,74.46944551,18,Female,5,2004,0bc066aabf4b5141af8c0764e4c198037eb70f116c7740b59facc2e2bf1a7277
1,76.63643151,19,Female,6,2005,0bc066aabf4b5141af8c0764e4c198037eb70f116c7740b59facc2e2bf1a7277
1,79.02678356,17,Female,7,2006,0bc066aabf4b5141af8c0764e4c198037eb70f116c7740b59facc2e2bf1a7277
1,76.01868681,16,Female,8,2007,0bc066aabf4b5141af8c0764e4c198037eb70f116c7740b59facc2e2bf1a7277
1,82.41512383,22,Female,9,2008,0bc066aabf4b5141af8c0764e4c198037eb70f116c7740b59facc2e2bf1a7277
1,79.44470717,24,Female,10,2009,0bc066aabf4b5141af8c0764e4c198037eb70f116c7740b59facc2e2bf1a7277
1,81.32644039,23,Female,11,2010,0bc066aabf4b5141af8c0764e4c198037eb70f116c7740b59facc2e2bf1a7277
1,80.18290435,24,Female,12,2011,0bc066aabf4b5141af8c0764e4c198037eb70f116c7740b59facc2e2bf1a7277
0,78.24307197,28,Female,13,2012,0bc066aabf4b5141af8c0764e4c198037eb70f116c7740b59facc2e2bf1a7277
1,23.81489868,45,Female,0,1999,cf44d5252262fe0fce222c30fb73062bff412d644ffe402b48a13466d1734a15
1,43.67610755,37,Female,1,2000,cf44d5252262fe0fce222c30fb73062bff412d644ffe402b48a13466d1734a15
1,58.08542854,32,Female,2,2001,cf44d5252262fe0fce222c30fb73062bff412d644ffe402b48a13466d1734a15
1,61.90885109,21,Female,3,2002,cf44d5252262fe0fce222c30fb73062bff412d644ffe402b48a13466d1734a15
1,65.92434261,20,Female,4,2003,cf44d5252262fe0fce222c30fb73062bff412d644ffe402b48a13466d1734a15
1,70.44811469,18,Female,5,2004,cf44d5252262fe0fce222c30fb73062bff412d644ffe402b48a13466d1734a15
1,71.87591281,19,Female,6,2005,cf44d5252262fe0fce222c30fb73062bff412d644ffe402b48a13466d1734a15
1,73.44483743,17,Female,7,2006,cf44d5252262fe0fce222c30fb73062bff412d644ffe402b48a13466d1734a15
1,67.73061232,16,Female,8,2007,cf44d5252262fe0fce222c30fb73062bff412d644ffe402b48a13466d1734a15
0,78.77753655,22,Female,9,2008,cf44d5252262fe0fce222c30fb73062bff412d644ffe402b48a13466d1734a15
0,26.49282575,45,Male,0,1999,b7f456e6e397d34ebb3f2c6f6e8ca7d82c6aa18406e03474cfc0a082110e7439
0,19.5,45,Female,0,1999,6dc97c07113e932d11f5c068a50eefe1c129d9d3246ddc593fbf619ab9cb8e79
0,23.38636766,45,Female,0,1999,506b14dd530a6f0a1582958c635288d2741450e7747941590bce61a072e69a9c
1,21.08636766,45,Female,0,1999,036d49609e998881fc2eed488bc07ba535bc39740fec14b7f114698583e80983
1,36.4283687,37,Female,1,2000,036d49609e998881fc2eed488bc07ba535bc39740fec14b7f114698583e80983
1,52.0715252,32,Female,2,2001,036d49609e998881fc2eed488bc07ba535bc39740fec14b7f114698583e80983
1,55.81070334,21,Female,3,2002,036d49609e998881fc2eed488bc07ba535bc39740fec14b7f114698583e80983
1,61.59274952,20,Female,4,2003,036d49609e998881fc2eed488bc07ba535bc39740fec14b7f114698583e80983
1,71.052703,18,Female,5,2004,036d49609e998881fc2eed488bc07ba535bc39740fec14b7f114698583e80983
0,74.20058632,19,Female,6,2005,036d49609e998881fc2eed488bc07ba535bc39740fec14b7f114698583e80983
0,30.4814857,45,Male,0,1999,713a5bb2d170c8684937ab1dd0311be88e0d95fbd9b253333965841517794f64
NA,NA,45,Male,0,1999,183499aaeec2b9ca37bd647ae892902fd61b9a1dd8867a54287fd2c19ee97ed7
NA,NA,45,Male,0,1999,de793ba19330c40e4999ec96737972345b49f02f8189ef581ee32c95e422b473
1,26.9485972,45,Male,0,1999,ef099fcece6eeca3777d0d4a6ac606beb557e08dcd95cf93d0d42a0334329c10
1,46.89574041,37,Male,1,2000,ef099fcece6eeca3777d0d4a6ac606beb557e08dcd95cf93d0d42a0334329c10
1,67.66356842,32,Male,2,2001,ef099fcece6eeca3777d0d4a6ac606beb557e08dcd95cf93d0d42a0334329c10
1,81.18413723,21,Male,3,2002,ef099fcece6eeca3777d0d4a6ac606beb557e08dcd95cf93d0d42a0334329c10
0,92.05816792,20,Male,4,2003,ef099fcece6eeca3777d0d4a6ac606beb557e08dcd95cf93d0d42a0334329c10
NA,NA,45,Male,0,1999,b073b98568c2ff91549c889fd15dec963294e98dbce6ee38c9b5f3c6cd112515
NA,21.85112391,45,Male,0,1999,a29d84f0185eac917b8cb0a675f3b0b12ab6fe6e8ee9a6a5902f05a3a5cb9fbd
0,19.30993913,45,Male,0,1999,a8d0a1117e28efe9d9bcd29833dd103ca8f1110f68e814dbff635c08c6d71907
NA,NA,45,Male,0,1999,2032ea400f77275bc6a9cb1a27d5d6603e2e8486110c6244f881c9026ee5194b
1,30.41761162,37,Female,0,2000,deae2d4d75857c1081f113bcfc950dca567dd5a2e14e6ac8fb8e5785ff4dd5ec
1,47.7680578,32,Female,1,2001,deae2d4d75857c1081f113bcfc950dca567dd5a2e14e6ac8fb8e5785ff4dd5ec
1,59.12204498,21,Female,2,2002,deae2d4d75857c1081f113bcfc950dca567dd5a2e14e6ac8fb8e5785ff4dd5ec
1,66.64012596,20,Female,3,2003,deae2d4d75857c1081f113bcfc950dca567dd5a2e14e6ac8fb8e5785ff4dd5ec
1,73.79375197,18,Female,4,2004,deae2d4d75857c1081f113bcfc950dca567dd5a2e14e6ac8fb8e5785ff4dd5ec
1,79.3651749,19,Female,5,2005,deae2d4d75857c1081f113bcfc950dca567dd5a2e14e6ac8fb8e5785ff4dd5ec
1,77.45935719,17,Female,6,2006,deae2d4d75857c1081f113bcfc950dca567dd5a2e14e6ac8fb8e5785ff4dd5ec
1,79.38480327,16,Female,7,2007,deae2d4d75857c1081f113bcfc950dca567dd5a2e14e6ac8fb8e5785ff4dd5ec
1,83.03997908,22,Female,8,2008,deae2d4d75857c1081f113bcfc950dca567dd5a2e14e6ac8fb8e5785ff4dd5ec
1,81.69680212,24,Female,9,2009,deae2d4d75857c1081f113bcfc950dca567dd5a2e14e6ac8fb8e5785ff4dd5ec
1,83.64149251,23,Female,10,2010,deae2d4d75857c1081f113bcfc950dca567dd5a2e14e6ac8fb8e5785ff4dd5ec
1,80.54115677,24,Female,11,2011,deae2d4d75857c1081f113bcfc950dca567dd5a2e14e6ac8fb8e5785ff4dd5ec
0,73.37908166,28,Female,12,2012,deae2d4d75857c1081f113bcfc950dca567dd5a2e14e6ac8fb8e5785ff4dd5ec
1,20.98559187,37,Female,0,2000,fd6991f3e34a6f39c0b50675c4d02483d55dbfb3d2152e1e654f3c458f0644dd
1,44.93398408,32,Female,1,2001,fd6991f3e34a6f39c0b50675c4d02483d55dbfb3d2152e1e654f3c458f0644dd
1,49.79610722,21,Female,2,2002,fd6991f3e34a6f39c0b50675c4d02483d55dbfb3d2152e1e654f3c458f0644dd
NA,61.0449476,20,Female,3,2003,fd6991f3e34a6f39c0b50675c4d02483d55dbfb3d2152e1e654f3c458f0644dd
0,19.70416767,37,Male,0,2000,e26fb6fa7b9fa285b15bfd3a2272d0c5c56b33bb5ae91b23cb412014ec697fa7
1,27.50416767,37,Male,0,2000,e3df0d3c1eac97d9103bd7ca27c1d02df29d3687a4850044ff975bc2424fbf50
1,44.49630038,32,Male,1,2001,e3df0d3c1eac97d9103bd7ca27c1d02df29d3687a4850044ff975bc2424fbf50
1,54.88042014,21,Male,2,2002,e3df0d3c1eac97d9103bd7ca27c1d02df29d3687a4850044ff975bc2424fbf50
1,69.42829452,20,Male,3,2003,e3df0d3c1eac97d9103bd7ca27c1d02df29d3687a4850044ff975bc2424fbf50
1,84.07178889,18,Male,4,2004,e3df0d3c1eac97d9103bd7ca27c1d02df29d3687a4850044ff975bc2424fbf50
1,94.1268001,19,Male,5,2005,e3df0d3c1eac97d9103bd7ca27c1d02df29d3687a4850044ff975bc2424fbf50
1,NA,17,Male,6,2006,e3df0d3c1eac97d9103bd7ca27c1d02df29d3687a4850044ff975bc2424fbf50
1,98.29954665,16,Male,7,2007,e3df0d3c1eac97d9103bd7ca27c1d02df29d3687a4850044ff975bc2424fbf50
1,100.4286849,22,Male,8,2008,e3df0d3c1eac97d9103bd7ca27c1d02df29d3687a4850044ff975bc2424fbf50
1,NA,24,Male,9,2009,e3df0d3c1eac97d9103bd7ca27c1d02df29d3687a4850044ff975bc2424fbf50
1,102.611536,23,Male,10,2010,e3df0d3c1eac97d9103bd7ca27c1d02df29d3687a4850044ff975bc2424fbf50
1,NA,24,Male,11,2011,e3df0d3c1eac97d9103bd7ca27c1d02df29d3687a4850044ff975bc2424fbf50
1,NA,28,Male,12,2012,e3df0d3c1eac97d9103bd7ca27c1d02df29d3687a4850044ff975bc2424fbf50
0,NA,22,Male,13,2013,e3df0d3c1eac97d9103bd7ca27c1d02df29d3687a4850044ff975bc2424fbf50
1,20.20062126,37,Female,0,2000,1e360cf771ae4b49f861f2c19b2975b0a4f9c9c2654d74e2594fc122a048c0be
1,39.97580558,32,Female,1,2001,1e360cf771ae4b49f861f2c19b2975b0a4f9c9c2654d74e2594fc122a048c0be
1,51.694697,21,Female,2,2002,1e360cf771ae4b49f861f2c19b2975b0a4f9c9c2654d74e2594fc122a048c0be
1,60.87576053,20,Female,3,2003,1e360cf771ae4b49f861f2c19b2975b0a4f9c9c2654d74e2594fc122a048c0be
0,64.86643006,18,Female,4,2004,1e360cf771ae4b49f861f2c19b2975b0a4f9c9c2654d74e2594fc122a048c0be
0,30.48450445,37,Male,0,2000,8e2de3335023201ffa4d803767bdf12790c58f4f241554c544bde8bf7b8455a4
1,36.13143272,37,Male,0,2000,7c96eb02cc9750d69a916f29575b273c86ce9518d958d287c9731997c4a6aaea
1,60.52268715,32,Male,1,2001,7c96eb02cc9750d69a916f29575b273c86ce9518d958d287c9731997c4a6aaea
1,75.15285611,21,Male,2,2002,7c96eb02cc9750d69a916f29575b273c86ce9518d958d287c9731997c4a6aaea
1,87.92733998,20,Male,3,2003,7c96eb02cc9750d69a916f29575b273c86ce9518d958d287c9731997c4a6aaea
1,108.0434562,18,Male,4,2004,7c96eb02cc9750d69a916f29575b273c86ce9518d958d287c9731997c4a6aaea
1,116.0332218,19,Male,5,2005,7c96eb02cc9750d69a916f29575b273c86ce9518d958d287c9731997c4a6aaea
1,127.5673289,17,Male,6,2006,7c96eb02cc9750d69a916f29575b273c86ce9518d958d287c9731997c4a6aaea
NA,122.8534122,16,Male,7,2007,7c96eb02cc9750d69a916f29575b273c86ce9518d958d287c9731997c4a6aaea
0,18.76851213,37,Male,0,2000,015b7913470194d2a46ead719afc7768a3c4e8af770766cfe7898d7d834c0362
NA,NA,37,Male,0,2000,6cd28ed32abf73d0d64218a8ce983fd5e460ac662b660a556b8939d9d6ae37a3
1,26.24598823,37,Female,0,2000,1c003eb26aa006fbb940e7ce2b87dd72b24af2ed825b8859cc35f6807c06cc46
0,NA,32,Female,1,2001,1c003eb26aa006fbb940e7ce2b87dd72b24af2ed825b8859cc35f6807c06cc46
0,21.82657074,37,Female,0,2000,d96b6ec75f4e3593b03024bae3146186e9a2fe18c5447874c39d533b2ebcd744
1,28.33937272,37,Male,0,2000,a39b6e5111fac52a197813638d2dc58070694e6d83a624e2915c3e2589acab8e
1,54.27097532,32,Male,1,2001,a39b6e5111fac52a197813638d2dc58070694e6d83a624e2915c3e2589acab8e
1,69.50089235,21,Male,2,2002,a39b6e5111fac52a197813638d2dc58070694e6d83a624e2915c3e2589acab8e
1,84.0636937,20,Male,3,2003,a39b6e5111fac52a197813638d2dc58070694e6d83a624e2915c3e2589acab8e
0,101.2867795,18,Male,4,2004,a39b6e5111fac52a197813638d2dc58070694e6d83a624e2915c3e2589acab8e
1,22.16423754,37,Male,0,2000,6d39eec870a24effe4bccfca294fe13412450f8dc626c7f079ce0e7fdf9751f3
1,45.74349252,32,Male,1,2001,6d39eec870a24effe4bccfca294fe13412450f8dc626c7f079ce0e7fdf9751f3
1,54.37961443,21,Male,2,2002,6d39eec870a24effe4bccfca294fe13412450f8dc626c7f079ce0e7fdf9751f3
1,68.92794922,20,Male,3,2003,6d39eec870a24effe4bccfca294fe13412450f8dc626c7f079ce0e7fdf9751f3
1,87.28920061,18,Male,4,2004,6d39eec870a24effe4bccfca294fe13412450f8dc626c7f079ce0e7fdf9751f3
1,97.00343678,19,Male,5,2005,6d39eec870a24effe4bccfca294fe13412450f8dc626c7f079ce0e7fdf9751f3
1,NA,17,Male,6,2006,6d39eec870a24effe4bccfca294fe13412450f8dc626c7f079ce0e7fdf9751f3
1,99.80780335,16,Male,7,2007,6d39eec870a24effe4bccfca294fe13412450f8dc626c7f079ce0e7fdf9751f3
1,NA,22,Male,8,2008,6d39eec870a24effe4bccfca294fe13412450f8dc626c7f079ce0e7fdf9751f3
0,108.8280467,24,Male,9,2009,6d39eec870a24effe4bccfca294fe13412450f8dc626c7f079ce0e7fdf9751f3
0,27.38355285,32,Female,0,2001,7b778e4c1d1f33c90c619ed9bda321bbc5f05cf9f131a326c57fda87359d3b0b
1,NA,32,Male,8,2001,1c20f5698ee892fd222597f496fb8a963c8221fc4fd2441a3b53763c10805eec
0,NA,20,Male,10,2003,1c20f5698ee892fd222597f496fb8a963c8221fc4fd2441a3b53763c10805eec
0,27.25490669,32,Female,0,2001,21803412ff955cdb6ca6d4e826339eca966d8364770f8cb407625487e6ee1fdb
0,10.72875916,32,Female,0,2001,c60c59d1085fc5f22cbe0857829a91a48ac0b470d0394df9cf6bb5ad2e94ddec
NA,20.15507389,32,Male,0,2001,45c57e72232290188f60c708ed923b1745733d9c242ccd1539401aa816b43a71
1,25.56938506,32,Female,0,2001,ad8c8cf3a3c88a31f62eda47a313999f9a6f9c7c80847146fb6f7926ed5a7e97
1,51.12863105,21,Female,1,2002,ad8c8cf3a3c88a31f62eda47a313999f9a6f9c7c80847146fb6f7926ed5a7e97
1,62.61035492,20,Female,2,2003,ad8c8cf3a3c88a31f62eda47a313999f9a6f9c7c80847146fb6f7926ed5a7e97
1,74.70593847,18,Female,3,2004,ad8c8cf3a3c88a31f62eda47a313999f9a6f9c7c80847146fb6f7926ed5a7e97
1,77.35080038,19,Female,4,2005,ad8c8cf3a3c88a31f62eda47a313999f9a6f9c7c80847146fb6f7926ed5a7e97
1,80.15199817,17,Female,5,2006,ad8c8cf3a3c88a31f62eda47a313999f9a6f9c7c80847146fb6f7926ed5a7e97
1,79.97086993,16,Female,6,2007,ad8c8cf3a3c88a31f62eda47a313999f9a6f9c7c80847146fb6f7926ed5a7e97
1,84.30735555,22,Female,7,2008,ad8c8cf3a3c88a31f62eda47a313999f9a6f9c7c80847146fb6f7926ed5a7e97
1,84.46355108,24,Female,8,2009,ad8c8cf3a3c88a31f62eda47a313999f9a6f9c7c80847146fb6f7926ed5a7e97
1,83.35174332,23,Female,9,2010,ad8c8cf3a3c88a31f62eda47a313999f9a6f9c7c80847146fb6f7926ed5a7e97
1,83.33014286,24,Female,10,2011,ad8c8cf3a3c88a31f62eda47a313999f9a6f9c7c80847146fb6f7926ed5a7e97
1,80.64412598,28,Female,11,2012,ad8c8cf3a3c88a31f62eda47a313999f9a6f9c7c80847146fb6f7926ed5a7e97
1,78.13212852,22,Female,12,2013,ad8c8cf3a3c88a31f62eda47a313999f9a6f9c7c80847146fb6f7926ed5a7e97
1,80.53972147,24,Female,13,2014,ad8c8cf3a3c88a31f62eda47a313999f9a6f9c7c80847146fb6f7926ed5a7e97
0,83.9143785,29,Female,14,2015,ad8c8cf3a3c88a31f62eda47a313999f9a6f9c7c80847146fb6f7926ed5a7e97
1,24.04615358,32,Female,0,2001,4d6d98ef5ed6014b174835dac8e6c7dabb4ff06bc42665cdd28a30568d7ed2dc
1,38.76091247,21,Female,1,2002,4d6d98ef5ed6014b174835dac8e6c7dabb4ff06bc42665cdd28a30568d7ed2dc
1,53.47551606,20,Female,2,2003,4d6d98ef5ed6014b174835dac8e6c7dabb4ff06bc42665cdd28a30568d7ed2dc
1,68.6216612,18,Female,3,2004,4d6d98ef5ed6014b174835dac8e6c7dabb4ff06bc42665cdd28a30568d7ed2dc
1,73.37352873,19,Female,4,2005,4d6d98ef5ed6014b174835dac8e6c7dabb4ff06bc42665cdd28a30568d7ed2dc
1,76.45087471,17,Female,5,2006,4d6d98ef5ed6014b174835dac8e6c7dabb4ff06bc42665cdd28a30568d7ed2dc
1,73.46098763,16,Female,6,2007,4d6d98ef5ed6014b174835dac8e6c7dabb4ff06bc42665cdd28a30568d7ed2dc
0,82.23785572,22,Female,7,2008,4d6d98ef5ed6014b174835dac8e6c7dabb4ff06bc42665cdd28a30568d7ed2dc
0,24.49240065,32,Male,0,2001,ff36cb175ed425f2d47bc35a9c7ee711f45c71345aed697917bc52aa97e05e29
0,30.16753593,32,Male,0,2001,48c6e3d042649ef6adcadb471794e27c341bcf5ff551cb790d2e875f2a5bd83c
NA,31.52133806,32,Male,0,2001,0df036b638077d4b8612c0f7454ef59e8f957d8c149b87fa412b0a80a3ac0b89
NA,31.85320492,32,Male,0,2001,978425f807853d5b45aa67dc5e37fcdb95ee73e1d250930cf7aaf6480254b803
0,30.14596905,32,Male,0,2001,441853c2c81e65e2b34ef5bccbf788680753224206355c8d47369f7cc48743d8
0,NA,32,Female,0,2001,780d558be6960a54064f888577409d1c92eb7c3d6c65e6bf4f286a3e26dde543
1,26.35788267,32,Female,0,2001,3a5357e2b96761804f6b2353fecd783c64967403b17b0db6360624400047d6ea
0,42.64924365,21,Female,1,2002,3a5357e2b96761804f6b2353fecd783c64967403b17b0db6360624400047d6ea
1,NA,32,Male,5,2001,55f47295187bdd6bda017e72f0d897e8500e054fccc48f30dde32ea5d2f59421
0,NA,19,Male,9,2005,55f47295187bdd6bda017e72f0d897e8500e054fccc48f30dde32ea5d2f59421
1,NA,32,Male,5,2001,38e531c0436a475097213eb1b1e2273ef1f6b75aa9a7a2ed89b60f3fa8a7ee48
0,NA,20,Male,7,2003,38e531c0436a475097213eb1b1e2273ef1f6b75aa9a7a2ed89b60f3fa8a7ee48
1,26.51376317,21,Female,0,2002,8bf797aa02bd65b7cbd52155f6e010be77bb3d461320dac4c74c12d749d81066
1,42.03486856,20,Female,1,2003,8bf797aa02bd65b7cbd52155f6e010be77bb3d461320dac4c74c12d749d81066
1,56.09854832,18,Female,2,2004,8bf797aa02bd65b7cbd52155f6e010be77bb3d461320dac4c74c12d749d81066
1,63.43761831,19,Female,3,2005,8bf797aa02bd65b7cbd52155f6e010be77bb3d461320dac4c74c12d749d81066
1,64.67698912,17,Female,4,2006,8bf797aa02bd65b7cbd52155f6e010be77bb3d461320dac4c74c12d749d81066
1,66.68002973,16,Female,5,2007,8bf797aa02bd65b7cbd52155f6e010be77bb3d461320dac4c74c12d749d81066
1,71.60178703,22,Female,6,2008,8bf797aa02bd65b7cbd52155f6e010be77bb3d461320dac4c74c12d749d81066
1,71.64132751,24,Female,7,2009,8bf797aa02bd65b7cbd52155f6e010be77bb3d461320dac4c74c12d749d81066
1,74.05641993,23,Female,8,2010,8bf797aa02bd65b7cbd52155f6e010be77bb3d461320dac4c74c12d749d81066
1,71.75152847,24,Female,9,2011,8bf797aa02bd65b7cbd52155f6e010be77bb3d461320dac4c74c12d749d81066
0,72.68359846,28,Female,10,2012,8bf797aa02bd65b7cbd52155f6e010be77bb3d461320dac4c74c12d749d81066
0,28.19481028,21,Male,0,2002,ae1a64d34d1c58553d436923cc6eb2386a63892c0bdd3f1a924eb7f7a30ae975
1,29.40746635,21,Male,0,2002,b14c45d35f5032a467ef7f7772da89ef2acc4db220b59453ed53b93467fa285f
1,53.02733546,20,Male,1,2003,b14c45d35f5032a467ef7f7772da89ef2acc4db220b59453ed53b93467fa285f
1,66.592057,18,Male,2,2004,b14c45d35f5032a467ef7f7772da89ef2acc4db220b59453ed53b93467fa285f
1,86.15208459,19,Male,3,2005,b14c45d35f5032a467ef7f7772da89ef2acc4db220b59453ed53b93467fa285f
1,99.873745,17,Male,4,2006,b14c45d35f5032a467ef7f7772da89ef2acc4db220b59453ed53b93467fa285f
1,96.26210388,16,Male,5,2007,b14c45d35f5032a467ef7f7772da89ef2acc4db220b59453ed53b93467fa285f
1,108.0730331,22,Male,6,2008,b14c45d35f5032a467ef7f7772da89ef2acc4db220b59453ed53b93467fa285f
1,111.8843251,24,Male,7,2009,b14c45d35f5032a467ef7f7772da89ef2acc4db220b59453ed53b93467fa285f
1,114.3487033,23,Male,8,2010,b14c45d35f5032a467ef7f7772da89ef2acc4db220b59453ed53b93467fa285f
0,114.201629,24,Male,9,2011,b14c45d35f5032a467ef7f7772da89ef2acc4db220b59453ed53b93467fa285f
0,27.49399257,21,Male,0,2002,426ec44f9f73ad7c8ce4a6ff368f628b944421c89694bb15d53b4eed6d4b04c3
0,19.78226709,21,Male,0,2002,266e9979b143c56b0502e3e10ec988800e67a83ab5c57f2d16f8a690f25951bc
1,NA,20,Male,4,2003,c2818bc4e5ec4ae4a357a0df6fed73652e169ec676f7d4718cfb6807c5f7d1b0
NA,NA,18,Male,5,2004,c2818bc4e5ec4ae4a357a0df6fed73652e169ec676f7d4718cfb6807c5f7d1b0
0,NA,20,Male,4,2003,3d4418f6be7ece6735a8c3e80f9418265c8b8842a2063cdf340a37d4a9241468
NA,NA,20,Female,0,2003,626d01cde512b039a33fb4b1aa34f43e448fa8b6c41676db5c3c32c0ad45818d
1,19.99627767,20,Male,0,2003,09ab280b762f8ad1647f698dadd79f41b40ff9ba28b699d0ce7054fe025a2828
1,50.34218653,18,Male,1,2004,09ab280b762f8ad1647f698dadd79f41b40ff9ba28b699d0ce7054fe025a2828
1,70.18771042,19,Male,2,2005,09ab280b762f8ad1647f698dadd79f41b40ff9ba28b699d0ce7054fe025a2828
1,85.8458729,17,Male,3,2006,09ab280b762f8ad1647f698dadd79f41b40ff9ba28b699d0ce7054fe025a2828
0,91.60995771,16,Male,4,2007,09ab280b762f8ad1647f698dadd79f41b40ff9ba28b699d0ce7054fe025a2828
1,23.26445426,20,Male,0,2003,739f01a48f9d8ae17465110fa1b4b870923f45165b818b00760f8760c42d68c7
0,47.92302538,18,Male,1,2004,739f01a48f9d8ae17465110fa1b4b870923f45165b818b00760f8760c42d68c7
0,28.66054271,20,Male,0,2003,4fbb6f9228723dee932e08ed598ba51266a0d27ab7f1e727f4f21064e04cbb53
1,23.50747569,20,Female,0,2003,3ea1dbea78e232d2444e39d273b098d8c4a367e61b45c33f1f4303cb1eeb734d
1,49.29948713,18,Female,1,2004,3ea1dbea78e232d2444e39d273b098d8c4a367e61b45c33f1f4303cb1eeb734d
1,61.63955833,19,Female,2,2005,3ea1dbea78e232d2444e39d273b098d8c4a367e61b45c33f1f4303cb1eeb734d
1,70.03256312,17,Female,3,2006,3ea1dbea78e232d2444e39d273b098d8c4a367e61b45c33f1f4303cb1eeb734d
1,69.27527146,16,Female,4,2007,3ea1dbea78e232d2444e39d273b098d8c4a367e61b45c33f1f4303cb1eeb734d
1,79.11129626,22,Female,5,2008,3ea1dbea78e232d2444e39d273b098d8c4a367e61b45c33f1f4303cb1eeb734d
1,78.24410451,24,Female,6,2009,3ea1dbea78e232d2444e39d273b098d8c4a367e61b45c33f1f4303cb1eeb734d
1,74.67366026,23,Female,7,2010,3ea1dbea78e232d2444e39d273b098d8c4a367e61b45c33f1f4303cb1eeb734d
1,78.2209392,24,Female,8,2011,3ea1dbea78e232d2444e39d273b098d8c4a367e61b45c33f1f4303cb1eeb734d
1,75.88899398,28,Female,9,2012,3ea1dbea78e232d2444e39d273b098d8c4a367e61b45c33f1f4303cb1eeb734d
1,75.50246862,22,Female,10,2013,3ea1dbea78e232d2444e39d273b098d8c4a367e61b45c33f1f4303cb1eeb734d
NA,NA,24,Female,11,2014,3ea1dbea78e232d2444e39d273b098d8c4a367e61b45c33f1f4303cb1eeb734d
1,26.32336143,20,Female,0,2003,4d505b0a417894cb545baf0b48c8486e431e154b9b978b00eeefc4c6da7e3397
1,NA,18,Female,1,2004,4d505b0a417894cb545baf0b48c8486e431e154b9b978b00eeefc4c6da7e3397
1,49.72824012,19,Female,2,2005,4d505b0a417894cb545baf0b48c8486e431e154b9b978b00eeefc4c6da7e3397
1,71.59938217,17,Female,3,2006,4d505b0a417894cb545baf0b48c8486e431e154b9b978b00eeefc4c6da7e3397
1,71.51823176,16,Female,4,2007,4d505b0a417894cb545baf0b48c8486e431e154b9b978b00eeefc4c6da7e3397
1,78.86757616,22,Female,5,2008,4d505b0a417894cb545baf0b48c8486e431e154b9b978b00eeefc4c6da7e3397
0,78.69717844,24,Female,6,2009,4d505b0a417894cb545baf0b48c8486e431e154b9b978b00eeefc4c6da7e3397
0,22.95160675,20,Female,0,2003,3146628c118cc081d7d1eb3bf17ca0b216408088e631fffdd18d169fa2452ea7
0,19.67532242,20,Male,0,2003,e20f6f09c0361630ae68e5075723c7b3daa6718828d103c8fa1fb7e3c41ae67d
1,31.60563327,18,Male,0,2004,493d650d8d15e01b0a2588bb54c2f91f0235ca830d99247e4d8d8e13f4afe50a
1,56.71644003,19,Male,1,2005,493d650d8d15e01b0a2588bb54c2f91f0235ca830d99247e4d8d8e13f4afe50a
1,78.79501153,17,Male,2,2006,493d650d8d15e01b0a2588bb54c2f91f0235ca830d99247e4d8d8e13f4afe50a
1,84.80405172,16,Male,3,2007,493d650d8d15e01b0a2588bb54c2f91f0235ca830d99247e4d8d8e13f4afe50a
1,108.2075823,22,Male,4,2008,493d650d8d15e01b0a2588bb54c2f91f0235ca830d99247e4d8d8e13f4afe50a
1,113.3787839,24,Male,5,2009,493d650d8d15e01b0a2588bb54c2f91f0235ca830d99247e4d8d8e13f4afe50a
0,125.2733117,23,Male,6,2010,493d650d8d15e01b0a2588bb54c2f91f0235ca830d99247e4d8d8e13f4afe50a
0,15.42406683,18,Male,0,2004,0e766e1a0641c16a4a81be400071c410ea89c6c39ee40952a75c5c04467712dc
0,28.68722345,18,Male,0,2004,65075fa8b10b0053008d8e945a34c1044f957bae4d43fa943dbae0d7c03cb33b
1,NA,19,Male,2,2005,2f33d2eb3874ff79622bf217d5f0c4e159769b871a615af00f9b2dea213a35b8
1,NA,17,Male,3,2006,2f33d2eb3874ff79622bf217d5f0c4e159769b871a615af00f9b2dea213a35b8
1,NA,16,Male,4,2007,2f33d2eb3874ff79622bf217d5f0c4e159769b871a615af00f9b2dea213a35b8
1,NA,22,Male,5,2008,2f33d2eb3874ff79622bf217d5f0c4e159769b871a615af00f9b2dea213a35b8
1,NA,24,Male,6,2009,2f33d2eb3874ff79622bf217d5f0c4e159769b871a615af00f9b2dea213a35b8
1,NA,23,Male,7,2010,2f33d2eb3874ff79622bf217d5f0c4e159769b871a615af00f9b2dea213a35b8
NA,NA,24,Male,8,2011,2f33d2eb3874ff79622bf217d5f0c4e159769b871a615af00f9b2dea213a35b8
1,NA,19,Male,3,2005,f55edeb5ad34702f352960bfdd4509fb2e327f908b0f3b7c7ffdfb203943cb11
1,NA,17,Male,4,2006,f55edeb5ad34702f352960bfdd4509fb2e327f908b0f3b7c7ffdfb203943cb11
0,NA,16,Male,5,2007,f55edeb5ad34702f352960bfdd4509fb2e327f908b0f3b7c7ffdfb203943cb11
1,NA,19,Male,4,2005,366f973463c4c2daa901dc275e44ca6c9f593b0a1e86a57f774293236c546ebb
1,NA,17,Male,5,2006,366f973463c4c2daa901dc275e44ca6c9f593b0a1e86a57f774293236c546ebb
0,NA,16,Male,6,2007,366f973463c4c2daa901dc275e44ca6c9f593b0a1e86a57f774293236c546ebb
NA,30.85016874,18,Female,0,2004,454763061e4bc9f9f26106dd5417f2ddf477f6265e7f9cd6daac71188a524f72
1,NA,18,Male,1,2004,804f4f163b25a4940f4195b53f30e13c0fe27a6e57c272455f4f1839c83f7509
1,82.38703072,19,Male,2,2005,804f4f163b25a4940f4195b53f30e13c0fe27a6e57c272455f4f1839c83f7509
1,100.1490441,17,Male,3,2006,804f4f163b25a4940f4195b53f30e13c0fe27a6e57c272455f4f1839c83f7509
1,NA,16,Male,4,2007,804f4f163b25a4940f4195b53f30e13c0fe27a6e57c272455f4f1839c83f7509
1,NA,22,Male,5,2008,804f4f163b25a4940f4195b53f30e13c0fe27a6e57c272455f4f1839c83f7509
1,NA,24,Male,6,2009,804f4f163b25a4940f4195b53f30e13c0fe27a6e57c272455f4f1839c83f7509
0,NA,23,Male,7,2010,804f4f163b25a4940f4195b53f30e13c0fe27a6e57c272455f4f1839c83f7509
0,NA,18,Female,0,2004,ea02801aadb2be505c4e29abf22199040d1e21b0872235529c51ce051a4231cb
1,24.04349129,18,Female,0,2004,085aa91a4e430696e8f9aff5d74f485fa18b0f873a6fb4ac95f55cc7a75dd1ec
1,44.36562466,19,Female,1,2005,085aa91a4e430696e8f9aff5d74f485fa18b0f873a6fb4ac95f55cc7a75dd1ec
1,60.9699882,17,Female,2,2006,085aa91a4e430696e8f9aff5d74f485fa18b0f873a6fb4ac95f55cc7a75dd1ec
1,66.39350343,16,Female,3,2007,085aa91a4e430696e8f9aff5d74f485fa18b0f873a6fb4ac95f55cc7a75dd1ec
1,72.92482905,22,Female,4,2008,085aa91a4e430696e8f9aff5d74f485fa18b0f873a6fb4ac95f55cc7a75dd1ec
1,78.89992029,24,Female,5,2009,085aa91a4e430696e8f9aff5d74f485fa18b0f873a6fb4ac95f55cc7a75dd1ec
1,79.03255716,23,Female,6,2010,085aa91a4e430696e8f9aff5d74f485fa18b0f873a6fb4ac95f55cc7a75dd1ec
1,80.25521359,24,Female,7,2011,085aa91a4e430696e8f9aff5d74f485fa18b0f873a6fb4ac95f55cc7a75dd1ec
1,76.28546384,28,Female,8,2012,085aa91a4e430696e8f9aff5d74f485fa18b0f873a6fb4ac95f55cc7a75dd1ec
1,75.1814511,22,Female,9,2013,085aa91a4e430696e8f9aff5d74f485fa18b0f873a6fb4ac95f55cc7a75dd1ec
1,78.70512646,24,Female,10,2014,085aa91a4e430696e8f9aff5d74f485fa18b0f873a6fb4ac95f55cc7a75dd1ec
1,81.87541191,29,Female,11,2015,085aa91a4e430696e8f9aff5d74f485fa18b0f873a6fb4ac95f55cc7a75dd1ec
0,83.71476827,32,Female,12,2016,085aa91a4e430696e8f9aff5d74f485fa18b0f873a6fb4ac95f55cc7a75dd1ec
1,NA,18,Male,0,2004,bfde4c341e0cfe8b46e754a8c6d42a55151a2a09cb6a3dbcc7bd5a65f7e80edd
1,56.27918586,19,Male,1,2005,bfde4c341e0cfe8b46e754a8c6d42a55151a2a09cb6a3dbcc7bd5a65f7e80edd
1,76.36866671,17,Male,2,2006,bfde4c341e0cfe8b46e754a8c6d42a55151a2a09cb6a3dbcc7bd5a65f7e80edd
1,85.97301334,16,Male,3,2007,bfde4c341e0cfe8b46e754a8c6d42a55151a2a09cb6a3dbcc7bd5a65f7e80edd
1,101.8385968,22,Male,4,2008,bfde4c341e0cfe8b46e754a8c6d42a55151a2a09cb6a3dbcc7bd5a65f7e80edd
1,110.124226,24,Male,5,2009,bfde4c341e0cfe8b46e754a8c6d42a55151a2a09cb6a3dbcc7bd5a65f7e80edd
1,NA,23,Male,6,2010,bfde4c341e0cfe8b46e754a8c6d42a55151a2a09cb6a3dbcc7bd5a65f7e80edd
1,121.4353416,24,Male,7,2011,bfde4c341e0cfe8b46e754a8c6d42a55151a2a09cb6a3dbcc7bd5a65f7e80edd
1,NA,28,Male,8,2012,bfde4c341e0cfe8b46e754a8c6d42a55151a2a09cb6a3dbcc7bd5a65f7e80edd
0,120.3678452,22,Male,9,2013,bfde4c341e0cfe8b46e754a8c6d42a55151a2a09cb6a3dbcc7bd5a65f7e80edd
0,26.86105006,18,Female,0,2004,9680536d40182e7e7d9027ae066144da0ea0c88e58cc08de0b79fc796815bc63
1,27.34626528,18,Female,0,2004,132efd5aae991c348df05954e3baafbbc9a1f4e7d5a325c91ecb31e2f84c50cd
1,46.61499537,19,Female,1,2005,132efd5aae991c348df05954e3baafbbc9a1f4e7d5a325c91ecb31e2f84c50cd
1,60.36653869,17,Female,2,2006,132efd5aae991c348df05954e3baafbbc9a1f4e7d5a325c91ecb31e2f84c50cd
1,64.05860463,16,Female,3,2007,132efd5aae991c348df05954e3baafbbc9a1f4e7d5a325c91ecb31e2f84c50cd
1,68.79330294,22,Female,4,2008,132efd5aae991c348df05954e3baafbbc9a1f4e7d5a325c91ecb31e2f84c50cd
1,73.52219677,24,Female,5,2009,132efd5aae991c348df05954e3baafbbc9a1f4e7d5a325c91ecb31e2f84c50cd
1,75.08468402,23,Female,6,2010,132efd5aae991c348df05954e3baafbbc9a1f4e7d5a325c91ecb31e2f84c50cd
1,71.69118381,24,Female,7,2011,132efd5aae991c348df05954e3baafbbc9a1f4e7d5a325c91ecb31e2f84c50cd
0,74.87162419,28,Female,8,2012,132efd5aae991c348df05954e3baafbbc9a1f4e7d5a325c91ecb31e2f84c50cd
0,26.88965655,18,Male,0,2004,264474c195a16352f58d947ce0af7b4f40c47ac09444a1909d47c764e620722b
1,48.41108345,19,Female,2,2005,badb7283766a112aebdb2936077a25f5db85ea465cdbac330ba6641d38c4ac77
1,62.675657,17,Female,3,2006,badb7283766a112aebdb2936077a25f5db85ea465cdbac330ba6641d38c4ac77
1,65.26003606,16,Female,4,2007,badb7283766a112aebdb2936077a25f5db85ea465cdbac330ba6641d38c4ac77
1,68.03220677,22,Female,5,2008,badb7283766a112aebdb2936077a25f5db85ea465cdbac330ba6641d38c4ac77
1,68.79173975,24,Female,6,2009,badb7283766a112aebdb2936077a25f5db85ea465cdbac330ba6641d38c4ac77
1,71.30760703,23,Female,7,2010,badb7283766a112aebdb2936077a25f5db85ea465cdbac330ba6641d38c4ac77
1,70.39000508,24,Female,8,2011,badb7283766a112aebdb2936077a25f5db85ea465cdbac330ba6641d38c4ac77
1,73.2022145,28,Female,9,2012,badb7283766a112aebdb2936077a25f5db85ea465cdbac330ba6641d38c4ac77
NA,NA,22,Female,10,2013,badb7283766a112aebdb2936077a25f5db85ea465cdbac330ba6641d38c4ac77
0,29.54806559,19,Female,0,2005,d35bf04fff57f1fcff97760c220f8667f6756ed58ed7a4694256b76e997b962e
1,28.91644095,19,Female,0,2005,34aa549f000cc80441b95ae2cbda4e8a819288a0de3b0ee6890518c677540869
NA,48.34563331,17,Female,1,2006,34aa549f000cc80441b95ae2cbda4e8a819288a0de3b0ee6890518c677540869
0,25.75718577,19,Male,0,2005,f4b6aa79b2f4df0b44d3ab9060a0d0b54cfd783ecbed7579432c901e9e814f26
1,25.28062092,19,Male,0,2005,8d970ac87b79b635406597c6fa4f4f10ad768b86dad923b2492ea39203f98ed5
1,43.85143909,17,Male,1,2006,8d970ac87b79b635406597c6fa4f4f10ad768b86dad923b2492ea39203f98ed5
1,60.51266255,16,Male,2,2007,8d970ac87b79b635406597c6fa4f4f10ad768b86dad923b2492ea39203f98ed5
1,76.71941353,22,Male,3,2008,8d970ac87b79b635406597c6fa4f4f10ad768b86dad923b2492ea39203f98ed5
1,87.07886438,24,Male,4,2009,8d970ac87b79b635406597c6fa4f4f10ad768b86dad923b2492ea39203f98ed5
1,92.7060759,23,Male,5,2010,8d970ac87b79b635406597c6fa4f4f10ad768b86dad923b2492ea39203f98ed5
0,NA,24,Male,6,2011,8d970ac87b79b635406597c6fa4f4f10ad768b86dad923b2492ea39203f98ed5
NA,25.09946762,19,Male,0,2005,a49bcb68f0d234223042fc77cc60086392695f973867e0c1af8890ac348d872d
0,23.15660227,19,Female,0,2005,12f5a13c946c4575969f40c061a37781893017743a86db03232d1ae1cae06890
NA,NA,19,Male,0,2005,7353fa3d7ea1183c76566b8633d4e6ec68fa748ce68be49d338aeaca8703b2c9
0,NA,19,Female,3,2005,4ab811cbefec4e9599ff3e9ccf5030371ba1325cee1ab43f4bca924ad887a8c7
0,23.55179702,19,Female,0,2005,da07580314824bbe11e1bf1f657970f60dd0a0495976fa1b85f4e314602d8bc8
0,34.48546792,19,Male,0,2005,42a0437ecb82021fd972fcd025d309d79138ee01cdf71ea0de01f9a1711dc2dd
0,29.09208447,19,Female,0,2005,f740a3699d080a5a3cdbb8e4f17274c54ea157459d97642c31967a1c53c122b4
1,36.88972201,17,Male,0,2006,dffe8596427fc50e8f64654a609af134d45552f18bbecef90b31135a9e7acaa0
1,56.74483467,16,Male,1,2007,dffe8596427fc50e8f64654a609af134d45552f18bbecef90b31135a9e7acaa0
1,70.60729307,22,Male,2,2008,dffe8596427fc50e8f64654a609af134d45552f18bbecef90b31135a9e7acaa0
1,88.85817636,24,Male,3,2009,dffe8596427fc50e8f64654a609af134d45552f18bbecef90b31135a9e7acaa0
1,NA,23,Male,4,2010,dffe8596427fc50e8f64654a609af134d45552f18bbecef90b31135a9e7acaa0
1,108.9178698,24,Male,5,2011,dffe8596427fc50e8f64654a609af134d45552f18bbecef90b31135a9e7acaa0
1,NA,28,Male,6,2012,dffe8596427fc50e8f64654a609af134d45552f18bbecef90b31135a9e7acaa0
0,NA,22,Male,7,2013,dffe8596427fc50e8f64654a609af134d45552f18bbecef90b31135a9e7acaa0
1,24.04530284,17,Female,0,2006,079c79cfaa5a36dbee0479a7d123af62e587bd45a2377399cd0e95f5f3a05f61
1,38.48790782,16,Female,1,2007,079c79cfaa5a36dbee0479a7d123af62e587bd45a2377399cd0e95f5f3a05f61
0,52.18868643,22,Female,2,2008,079c79cfaa5a36dbee0479a7d123af62e587bd45a2377399cd0e95f5f3a05f61
1,20.99083381,17,Male,0,2006,f66904a90cd5d05053b01cc799259e42917fa50af109dd96470672b0f2589bb0
1,36.47775137,16,Male,1,2007,f66904a90cd5d05053b01cc799259e42917fa50af109dd96470672b0f2589bb0
0,58.61247354,22,Male,2,2008,f66904a90cd5d05053b01cc799259e42917fa50af109dd96470672b0f2589bb0
1,32.32513475,17,Female,0,2006,d76354d8457898445bb69e0dc0dc95fb74cc3cf334f8c1859162a16ad0041f8d
1,47.54494943,16,Female,1,2007,d76354d8457898445bb69e0dc0dc95fb74cc3cf334f8c1859162a16ad0041f8d
1,59.63914583,22,Female,2,2008,d76354d8457898445bb69e0dc0dc95fb74cc3cf334f8c1859162a16ad0041f8d
1,67.57646217,24,Female,3,2009,d76354d8457898445bb69e0dc0dc95fb74cc3cf334f8c1859162a16ad0041f8d
1,72.67784208,23,Female,4,2010,d76354d8457898445bb69e0dc0dc95fb74cc3cf334f8c1859162a16ad0041f8d
1,74.00460961,24,Female,5,2011,d76354d8457898445bb69e0dc0dc95fb74cc3cf334f8c1859162a16ad0041f8d
1,72.18334157,28,Female,6,2012,d76354d8457898445bb69e0dc0dc95fb74cc3cf334f8c1859162a16ad0041f8d
1,74.43463442,22,Female,7,2013,d76354d8457898445bb69e0dc0dc95fb74cc3cf334f8c1859162a16ad0041f8d
1,72.2112633,24,Female,8,2014,d76354d8457898445bb69e0dc0dc95fb74cc3cf334f8c1859162a16ad0041f8d
1,76.13614992,29,Female,9,2015,d76354d8457898445bb69e0dc0dc95fb74cc3cf334f8c1859162a16ad0041f8d
1,76.69866069,32,Female,10,2016,d76354d8457898445bb69e0dc0dc95fb74cc3cf334f8c1859162a16ad0041f8d
1,79.77980161,37,Female,11,2017,d76354d8457898445bb69e0dc0dc95fb74cc3cf334f8c1859162a16ad0041f8d
0,77.41215898,34,Female,12,2018,d76354d8457898445bb69e0dc0dc95fb74cc3cf334f8c1859162a16ad0041f8d
1,33.3323025,17,Female,0,2006,842983de8fb1d277a3fad5c8295c7a14317c458718a10c5a35b23e7f992a5c80
1,52.05630175,16,Female,1,2007,842983de8fb1d277a3fad5c8295c7a14317c458718a10c5a35b23e7f992a5c80
1,66.84870731,22,Female,2,2008,842983de8fb1d277a3fad5c8295c7a14317c458718a10c5a35b23e7f992a5c80
1,71.38157992,24,Female,3,2009,842983de8fb1d277a3fad5c8295c7a14317c458718a10c5a35b23e7f992a5c80
1,73.91606152,23,Female,4,2010,842983de8fb1d277a3fad5c8295c7a14317c458718a10c5a35b23e7f992a5c80
1,75.76208304,24,Female,5,2011,842983de8fb1d277a3fad5c8295c7a14317c458718a10c5a35b23e7f992a5c80
NA,73.9164902,28,Female,6,2012,842983de8fb1d277a3fad5c8295c7a14317c458718a10c5a35b23e7f992a5c80
1,27.9248591,17,Male,0,2006,4a5a97c6433c4c062457e9335709d57493e75527809d8a9586c141e591ac9f2c
1,51.31787114,16,Male,1,2007,4a5a97c6433c4c062457e9335709d57493e75527809d8a9586c141e591ac9f2c
1,72.01637501,22,Male,2,2008,4a5a97c6433c4c062457e9335709d57493e75527809d8a9586c141e591ac9f2c
0,91.18260161,24,Male,3,2009,4a5a97c6433c4c062457e9335709d57493e75527809d8a9586c141e591ac9f2c
0,29.10951083,17,Male,0,2006,b5bdca718ffd3f26e43ed3a3e104301ebc70d8a2f3a71f46fafb8f6f6d6ae947
1,31.71814188,17,Female,0,2006,c285b3cc20089aab036290e624d06475ae6deecbc2f0090707d9bf7cb7b66b7e
1,47.13824245,16,Female,1,2007,c285b3cc20089aab036290e624d06475ae6deecbc2f0090707d9bf7cb7b66b7e
1,65.22873566,22,Female,2,2008,c285b3cc20089aab036290e624d06475ae6deecbc2f0090707d9bf7cb7b66b7e
1,68.46059799,24,Female,3,2009,c285b3cc20089aab036290e624d06475ae6deecbc2f0090707d9bf7cb7b66b7e
0,72.11764054,23,Female,4,2010,c285b3cc20089aab036290e624d06475ae6deecbc2f0090707d9bf7cb7b66b7e
0,28.04346183,17,Male,0,2006,a188ee292cd1d6c1f05903849befbd1206362c100705166002b6447c2302f8c2
0,NA,17,Female,6,2006,63174ecb58f262e8d0eb62348b79df1ae79c31c14586e1feb47181fec25b710f
1,35.22493901,17,Male,0,2006,80b890bc9c9c6e24e03d911ce50433c72a58dc19ee08d248bbc61105176b36b6
0,59.02716819,16,Male,1,2007,80b890bc9c9c6e24e03d911ce50433c72a58dc19ee08d248bbc61105176b36b6
NA,NA,16,Female,1,2007,2d214ca69b86c255be416d42cca977a59b34a7492873105522c35015fab806f0
1,49.05474799,16,Male,1,2007,7ee6e0e28c7c40e3b01e35a5b71a1223a70d20c2031ef7bf297811620da100b2
1,65.58743044,22,Male,2,2008,7ee6e0e28c7c40e3b01e35a5b71a1223a70d20c2031ef7bf297811620da100b2
1,80.99651797,24,Male,3,2009,7ee6e0e28c7c40e3b01e35a5b71a1223a70d20c2031ef7bf297811620da100b2
1,95.05849954,23,Male,4,2010,7ee6e0e28c7c40e3b01e35a5b71a1223a70d20c2031ef7bf297811620da100b2
1,102.3050491,24,Male,5,2011,7ee6e0e28c7c40e3b01e35a5b71a1223a70d20c2031ef7bf297811620da100b2
0,107.9922708,28,Male,6,2012,7ee6e0e28c7c40e3b01e35a5b71a1223a70d20c2031ef7bf297811620da100b2
0,48.64755962,16,Male,1,2007,f6792163b580976b138a2858aef742a37d096f581d54640169dd817414bb81a8
1,38.65324438,16,Male,1,2007,cf233112e9f1fe8c3134376d408a8392ff2443f3dd3397a531db672694988447
0,NA,24,Male,3,2009,cf233112e9f1fe8c3134376d408a8392ff2443f3dd3397a531db672694988447
0,31.66569831,16,Male,0,2007,98ca154ecf4968d77f6358b9302c79d1330bab4ecaa452bd8aca6d2b21801463
1,32.56568544,16,Male,0,2007,4773f4feb3f15a2be44eee4ec210ff0eb7eabb3952110f8c719cffd01d3f7319
1,56.39462409,22,Male,1,2008,4773f4feb3f15a2be44eee4ec210ff0eb7eabb3952110f8c719cffd01d3f7319
1,78.35165533,24,Male,2,2009,4773f4feb3f15a2be44eee4ec210ff0eb7eabb3952110f8c719cffd01d3f7319
1,98.06935503,23,Male,3,2010,4773f4feb3f15a2be44eee4ec210ff0eb7eabb3952110f8c719cffd01d3f7319
1,107.080025,24,Male,4,2011,4773f4feb3f15a2be44eee4ec210ff0eb7eabb3952110f8c719cffd01d3f7319
1,111.3562757,28,Male,5,2012,4773f4feb3f15a2be44eee4ec210ff0eb7eabb3952110f8c719cffd01d3f7319
1,115.7665554,22,Male,6,2013,4773f4feb3f15a2be44eee4ec210ff0eb7eabb3952110f8c719cffd01d3f7319
0,119.7421184,24,Male,7,2014,4773f4feb3f15a2be44eee4ec210ff0eb7eabb3952110f8c719cffd01d3f7319
1,25.46346711,16,Female,0,2007,d3737676789056fee9c0ace41b2fcdd3bb55d90be1316df8f5016db6dff274ec
1,44.51188507,22,Female,1,2008,d3737676789056fee9c0ace41b2fcdd3bb55d90be1316df8f5016db6dff274ec
1,58.94078482,24,Female,2,2009,d3737676789056fee9c0ace41b2fcdd3bb55d90be1316df8f5016db6dff274ec
1,67.94041935,23,Female,3,2010,d3737676789056fee9c0ace41b2fcdd3bb55d90be1316df8f5016db6dff274ec
1,71.28919114,24,Female,4,2011,d3737676789056fee9c0ace41b2fcdd3bb55d90be1316df8f5016db6dff274ec
1,72.1415452,28,Female,5,2012,d3737676789056fee9c0ace41b2fcdd3bb55d90be1316df8f5016db6dff274ec
1,70.52497331,22,Female,6,2013,d3737676789056fee9c0ace41b2fcdd3bb55d90be1316df8f5016db6dff274ec
1,74.93992995,24,Female,7,2014,d3737676789056fee9c0ace41b2fcdd3bb55d90be1316df8f5016db6dff274ec
1,76.8882638,29,Female,8,2015,d3737676789056fee9c0ace41b2fcdd3bb55d90be1316df8f5016db6dff274ec
1,77.84880521,32,Female,9,2016,d3737676789056fee9c0ace41b2fcdd3bb55d90be1316df8f5016db6dff274ec
1,77.66537793,37,Female,10,2017,d3737676789056fee9c0ace41b2fcdd3bb55d90be1316df8f5016db6dff274ec
0,75.13391177,34,Female,11,2018,d3737676789056fee9c0ace41b2fcdd3bb55d90be1316df8f5016db6dff274ec
0,25.16199693,16,Male,0,2007,f1e061d7672aac72c6e60ba17aeb4a4cd470b5764c47ed7d713840b9f6870c2e
NA,NA,16,Female,0,2007,8bf7fa02c05fdf29aad6c6a2a48dbd0ab0729a78cdef4ccb13664199b2a6ba58
NA,17.46536371,16,Female,0,2007,cd291d0363c347cdc1f41fee0c810654f0a14a8a0d07cee150c7b162cfd1d7f7
0,21.29649601,16,Female,0,2007,3b823183c96b2df386da799a8296ba2d42dbe21c550d5fb0289501ec7bd4cc3f
0,45.11733077,16,Female,1,2007,0892a10ece1f933ee98f5d554601b28f8437801d1aa1b77799e4035ddcb6950c
0,27.44764564,16,Male,0,2007,7c61dc677f00d087704ed0c26e1110f30a3157b3ffc017927b3db39a83ec8e85
1,21.54295983,16,Female,0,2007,fd5e6da37c69dc539f21cc31292caabf3f62bd9f126d8618220280c95b9fa033
1,39.0761806,22,Female,1,2008,fd5e6da37c69dc539f21cc31292caabf3f62bd9f126d8618220280c95b9fa033
0,55.25310445,24,Female,2,2009,fd5e6da37c69dc539f21cc31292caabf3f62bd9f126d8618220280c95b9fa033
1,26.83213055,16,Male,0,2007,2973667b5f9716fd9f4679453c0e45546b1811efa8398e423bc67bb109d9f407
0,48.26994948,22,Male,1,2008,2973667b5f9716fd9f4679453c0e45546b1811efa8398e423bc67bb109d9f407
1,32.37489132,16,Male,0,2007,52190be202362369afcccbd08c9bab0b01c8b62d1ef15cd56cc95d506f1a85a1
1,54.70983908,22,Male,1,2008,52190be202362369afcccbd08c9bab0b01c8b62d1ef15cd56cc95d506f1a85a1
1,72.80561642,24,Male,2,2009,52190be202362369afcccbd08c9bab0b01c8b62d1ef15cd56cc95d506f1a85a1
1,92.05289593,23,Male,3,2010,52190be202362369afcccbd08c9bab0b01c8b62d1ef15cd56cc95d506f1a85a1
1,100.987082,24,Male,4,2011,52190be202362369afcccbd08c9bab0b01c8b62d1ef15cd56cc95d506f1a85a1
1,106.8220996,28,Male,5,2012,52190be202362369afcccbd08c9bab0b01c8b62d1ef15cd56cc95d506f1a85a1
1,112.5574701,22,Male,6,2013,52190be202362369afcccbd08c9bab0b01c8b62d1ef15cd56cc95d506f1a85a1
1,114.9860196,24,Male,7,2014,52190be202362369afcccbd08c9bab0b01c8b62d1ef15cd56cc95d506f1a85a1
1,118.4695466,29,Male,8,2015,52190be202362369afcccbd08c9bab0b01c8b62d1ef15cd56cc95d506f1a85a1
1,131.5696152,32,Male,9,2016,52190be202362369afcccbd08c9bab0b01c8b62d1ef15cd56cc95d506f1a85a1
1,126.2342779,37,Male,10,2017,52190be202362369afcccbd08c9bab0b01c8b62d1ef15cd56cc95d506f1a85a1
0,124.0872923,34,Male,11,2018,52190be202362369afcccbd08c9bab0b01c8b62d1ef15cd56cc95d506f1a85a1
1,20.46866537,16,Female,0,2007,e6bf16fd6fccfb22b0fa4b88b6fdb0de6929f6de39098deb35933c8d1222860b
1,37.20015731,22,Female,1,2008,e6bf16fd6fccfb22b0fa4b88b6fdb0de6929f6de39098deb35933c8d1222860b
1,52.96789979,24,Female,2,2009,e6bf16fd6fccfb22b0fa4b88b6fdb0de6929f6de39098deb35933c8d1222860b
0,56.15283716,23,Female,3,2010,e6bf16fd6fccfb22b0fa4b88b6fdb0de6929f6de39098deb35933c8d1222860b
1,NA,16,Female,0,2007,81be769e126b042fdbc47e7468b3b86f5d2a8c345d8d450f9129d52aa2a73f66
1,44.93647607,22,Female,1,2008,81be769e126b042fdbc47e7468b3b86f5d2a8c345d8d450f9129d52aa2a73f66
1,60.67828455,24,Female,2,2009,81be769e126b042fdbc47e7468b3b86f5d2a8c345d8d450f9129d52aa2a73f66
0,67.88545318,23,Female,3,2010,81be769e126b042fdbc47e7468b3b86f5d2a8c345d8d450f9129d52aa2a73f66
1,16.75743668,16,Female,0,2007,0ef339d6bee8c566be72411260ff7e26dc7ce123574e3bcf080a77c789d5224c
1,34.58891683,22,Female,1,2008,0ef339d6bee8c566be72411260ff7e26dc7ce123574e3bcf080a77c789d5224c
1,52.49718563,24,Female,2,2009,0ef339d6bee8c566be72411260ff7e26dc7ce123574e3bcf080a77c789d5224c
1,60.08750962,23,Female,3,2010,0ef339d6bee8c566be72411260ff7e26dc7ce123574e3bcf080a77c789d5224c
1,64.39526663,24,Female,4,2011,0ef339d6bee8c566be72411260ff7e26dc7ce123574e3bcf080a77c789d5224c
0,64.81617922,28,Female,5,2012,0ef339d6bee8c566be72411260ff7e26dc7ce123574e3bcf080a77c789d5224c
1,20.13995607,16,Male,0,2007,e2768f6e36b78d08b1e635f4b9515861f7486daa0c6beeb36fa67d9b14c12c79
1,43.26105841,22,Male,1,2008,e2768f6e36b78d08b1e635f4b9515861f7486daa0c6beeb36fa67d9b14c12c79
1,58.92649809,24,Male,2,2009,e2768f6e36b78d08b1e635f4b9515861f7486daa0c6beeb36fa67d9b14c12c79
1,76.98183028,23,Male,3,2010,e2768f6e36b78d08b1e635f4b9515861f7486daa0c6beeb36fa67d9b14c12c79
1,83.09776839,24,Male,4,2011,e2768f6e36b78d08b1e635f4b9515861f7486daa0c6beeb36fa67d9b14c12c79
1,91.85087171,28,Male,5,2012,e2768f6e36b78d08b1e635f4b9515861f7486daa0c6beeb36fa67d9b14c12c79
1,98.23861882,22,Male,6,2013,e2768f6e36b78d08b1e635f4b9515861f7486daa0c6beeb36fa67d9b14c12c79
1,99.96289043,24,Male,7,2014,e2768f6e36b78d08b1e635f4b9515861f7486daa0c6beeb36fa67d9b14c12c79
1,93.65555653,29,Male,8,2015,e2768f6e36b78d08b1e635f4b9515861f7486daa0c6beeb36fa67d9b14c12c79
1,106.0926256,32,Male,9,2016,e2768f6e36b78d08b1e635f4b9515861f7486daa0c6beeb36fa67d9b14c12c79
1,103.5644078,37,Male,10,2017,e2768f6e36b78d08b1e635f4b9515861f7486daa0c6beeb36fa67d9b14c12c79
0,101.5103412,34,Male,11,2018,e2768f6e36b78d08b1e635f4b9515861f7486daa0c6beeb36fa67d9b14c12c79
1,25.46720496,16,Female,0,2007,ad8b49dc7e4f2db8d60d4e039d5490da0af3ee1ee90a2ec56809281142494494
1,41.26659536,22,Female,1,2008,ad8b49dc7e4f2db8d60d4e039d5490da0af3ee1ee90a2ec56809281142494494
1,56.19163392,24,Female,2,2009,ad8b49dc7e4f2db8d60d4e039d5490da0af3ee1ee90a2ec56809281142494494
1,62.34650461,23,Female,3,2010,ad8b49dc7e4f2db8d60d4e039d5490da0af3ee1ee90a2ec56809281142494494
1,67.78832368,24,Female,4,2011,ad8b49dc7e4f2db8d60d4e039d5490da0af3ee1ee90a2ec56809281142494494
1,67.32627589,28,Female,5,2012,ad8b49dc7e4f2db8d60d4e039d5490da0af3ee1ee90a2ec56809281142494494
1,67.487038,22,Female,6,2013,ad8b49dc7e4f2db8d60d4e039d5490da0af3ee1ee90a2ec56809281142494494
1,65.86369967,24,Female,7,2014,ad8b49dc7e4f2db8d60d4e039d5490da0af3ee1ee90a2ec56809281142494494
1,70.86810424,29,Female,8,2015,ad8b49dc7e4f2db8d60d4e039d5490da0af3ee1ee90a2ec56809281142494494
1,69.33819144,32,Female,9,2016,ad8b49dc7e4f2db8d60d4e039d5490da0af3ee1ee90a2ec56809281142494494
1,69.60757223,37,Female,10,2017,ad8b49dc7e4f2db8d60d4e039d5490da0af3ee1ee90a2ec56809281142494494
1,65.15622576,34,Female,11,2018,ad8b49dc7e4f2db8d60d4e039d5490da0af3ee1ee90a2ec56809281142494494
0,66.56879846,36,Female,12,2019,ad8b49dc7e4f2db8d60d4e039d5490da0af3ee1ee90a2ec56809281142494494
0,116.5977418,16,Male,7,2007,e44eaf66cca3eb7ff77501042f6a75f81ff6ffb220a848dce093507b7c66adf2
NA,NA,16,Female,1,2007,67629a19d082ed3a6a50d4e4ff97d02f6208b8706aeef961e0d6a438604211df
1,46.30553154,16,Female,1,2007,449a900ec53efd69a2257a22fea51a952f82eb4039b6d44626393f215aabe9c1
1,61.84687448,22,Female,2,2008,449a900ec53efd69a2257a22fea51a952f82eb4039b6d44626393f215aabe9c1
1,69.57203755,24,Female,3,2009,449a900ec53efd69a2257a22fea51a952f82eb4039b6d44626393f215aabe9c1
1,60.78027288,23,Female,4,2010,449a900ec53efd69a2257a22fea51a952f82eb4039b6d44626393f215aabe9c1
1,75.89065714,24,Female,5,2011,449a900ec53efd69a2257a22fea51a952f82eb4039b6d44626393f215aabe9c1
1,70.9327281,28,Female,6,2012,449a900ec53efd69a2257a22fea51a952f82eb4039b6d44626393f215aabe9c1
1,70.20631526,22,Female,7,2013,449a900ec53efd69a2257a22fea51a952f82eb4039b6d44626393f215aabe9c1
1,75.40979703,24,Female,8,2014,449a900ec53efd69a2257a22fea51a952f82eb4039b6d44626393f215aabe9c1
1,80.35712489,29,Female,9,2015,449a900ec53efd69a2257a22fea51a952f82eb4039b6d44626393f215aabe9c1
1,77.16700102,32,Female,10,2016,449a900ec53efd69a2257a22fea51a952f82eb4039b6d44626393f215aabe9c1
1,79.94609229,37,Female,11,2017,449a900ec53efd69a2257a22fea51a952f82eb4039b6d44626393f215aabe9c1
1,80.97926062,34,Female,12,2018,449a900ec53efd69a2257a22fea51a952f82eb4039b6d44626393f215aabe9c1
1,79.98102131,36,Female,13,2019,449a900ec53efd69a2257a22fea51a952f82eb4039b6d44626393f215aabe9c1
1,78.1750608807031,24,Female,14,2020,449a900ec53efd69a2257a22fea51a952f82eb4039b6d44626393f215aabe9c1
1,NA,24,Female,15,2021,449a900ec53efd69a2257a22fea51a952f82eb4039b6d44626393f215aabe9c1
1,79.7137673169044,20,Female,16,2022,449a900ec53efd69a2257a22fea51a952f82eb4039b6d44626393f215aabe9c1
1,NA,25,Female,17,2023,449a900ec53efd69a2257a22fea51a952f82eb4039b6d44626393f215aabe9c1
1,41.7596226,16,Male,1,2007,25efb20dfe4953e14dbef1bc5ac6bd7ea8dc659c582e4118260b50508c8f5f25
0,44.83907119,22,Male,2,2008,25efb20dfe4953e14dbef1bc5ac6bd7ea8dc659c582e4118260b50508c8f5f25
1,44.10488734,16,Male,1,2007,22c3722fa5700e15c92db7eaecc0ee30d09230bf4f998cad573df90f29bfd27f
1,70.50069988,22,Male,2,2008,22c3722fa5700e15c92db7eaecc0ee30d09230bf4f998cad573df90f29bfd27f
1,89.87616358,24,Male,3,2009,22c3722fa5700e15c92db7eaecc0ee30d09230bf4f998cad573df90f29bfd27f
1,102.3850319,23,Male,4,2010,22c3722fa5700e15c92db7eaecc0ee30d09230bf4f998cad573df90f29bfd27f
1,113.3837339,24,Male,5,2011,22c3722fa5700e15c92db7eaecc0ee30d09230bf4f998cad573df90f29bfd27f
1,NA,28,Male,6,2012,22c3722fa5700e15c92db7eaecc0ee30d09230bf4f998cad573df90f29bfd27f
0,114.6727185,22,Male,7,2013,22c3722fa5700e15c92db7eaecc0ee30d09230bf4f998cad573df90f29bfd27f
1,43.84329171,16,Female,1,2007,c0e8b4b4fa3f87d3621c5298820de183516040d1b10521156abb22537874c663
1,56.48214682,22,Female,2,2008,c0e8b4b4fa3f87d3621c5298820de183516040d1b10521156abb22537874c663
1,66.14195375,24,Female,3,2009,c0e8b4b4fa3f87d3621c5298820de183516040d1b10521156abb22537874c663
1,65.48040144,23,Female,4,2010,c0e8b4b4fa3f87d3621c5298820de183516040d1b10521156abb22537874c663
1,72.48273409,24,Female,5,2011,c0e8b4b4fa3f87d3621c5298820de183516040d1b10521156abb22537874c663
1,71.86900817,28,Female,6,2012,c0e8b4b4fa3f87d3621c5298820de183516040d1b10521156abb22537874c663
1,70.82767708,22,Female,7,2013,c0e8b4b4fa3f87d3621c5298820de183516040d1b10521156abb22537874c663
1,75.86674085,24,Female,8,2014,c0e8b4b4fa3f87d3621c5298820de183516040d1b10521156abb22537874c663
1,76.54345631,29,Female,9,2015,c0e8b4b4fa3f87d3621c5298820de183516040d1b10521156abb22537874c663
1,77.75235222,32,Female,10,2016,c0e8b4b4fa3f87d3621c5298820de183516040d1b10521156abb22537874c663
1,77.8351888,37,Female,11,2017,c0e8b4b4fa3f87d3621c5298820de183516040d1b10521156abb22537874c663
0,75.24620795,34,Female,12,2018,c0e8b4b4fa3f87d3621c5298820de183516040d1b10521156abb22537874c663
0,45.14399564,16,Male,1,2007,61142030f3b29d65e79fc5fa0f76bf2dbf5fb6b6d19dabd8efb3295fda28d5f4
1,51.62511264,16,Male,1,2007,7986de65e3d1d3f1e1e820ae9627431d9c3064a0d494a7be505e9b027c9ac9b7
1,57.98146056,22,Male,2,2008,7986de65e3d1d3f1e1e820ae9627431d9c3064a0d494a7be505e9b027c9ac9b7
1,65.05244626,24,Male,3,2009,7986de65e3d1d3f1e1e820ae9627431d9c3064a0d494a7be505e9b027c9ac9b7
1,NA,23,Male,4,2010,7986de65e3d1d3f1e1e820ae9627431d9c3064a0d494a7be505e9b027c9ac9b7
1,76.66495155,24,Male,5,2011,7986de65e3d1d3f1e1e820ae9627431d9c3064a0d494a7be505e9b027c9ac9b7
1,NA,28,Male,6,2012,7986de65e3d1d3f1e1e820ae9627431d9c3064a0d494a7be505e9b027c9ac9b7
1,NA,22,Male,7,2013,7986de65e3d1d3f1e1e820ae9627431d9c3064a0d494a7be505e9b027c9ac9b7
1,NA,24,Male,8,2014,7986de65e3d1d3f1e1e820ae9627431d9c3064a0d494a7be505e9b027c9ac9b7
1,NA,29,Male,9,2015,7986de65e3d1d3f1e1e820ae9627431d9c3064a0d494a7be505e9b027c9ac9b7
1,NA,32,Male,10,2016,7986de65e3d1d3f1e1e820ae9627431d9c3064a0d494a7be505e9b027c9ac9b7
0,NA,37,Male,11,2017,7986de65e3d1d3f1e1e820ae9627431d9c3064a0d494a7be505e9b027c9ac9b7
NA,NA,22,Male,0,2008,b79f477f6d435116155b1121455748240bb5e7c81f7043519980df21a8167ca1
1,28.74627037,22,Male,0,2008,eabca191a83f7d777cbb1cf875a911db41a74ef5c35147346536c51f9469e411
1,49.84948579,24,Male,1,2009,eabca191a83f7d777cbb1cf875a911db41a74ef5c35147346536c51f9469e411
1,67.58765724,23,Male,2,2010,eabca191a83f7d777cbb1cf875a911db41a74ef5c35147346536c51f9469e411
1,82.92328394,24,Male,3,2011,eabca191a83f7d777cbb1cf875a911db41a74ef5c35147346536c51f9469e411
1,89.03519166,28,Male,4,2012,eabca191a83f7d777cbb1cf875a911db41a74ef5c35147346536c51f9469e411
1,98.23137593,22,Male,5,2013,eabca191a83f7d777cbb1cf875a911db41a74ef5c35147346536c51f9469e411
1,NA,24,Male,6,2014,eabca191a83f7d777cbb1cf875a911db41a74ef5c35147346536c51f9469e411
0,NA,29,Male,7,2015,eabca191a83f7d777cbb1cf875a911db41a74ef5c35147346536c51f9469e411
1,29.99132651,22,Male,0,2008,dde377f65ef24c3555376d58210ba28ea8a428cefca40b414d49b08fbd0f2e7c
1,57.50064884,24,Male,1,2009,dde377f65ef24c3555376d58210ba28ea8a428cefca40b414d49b08fbd0f2e7c
1,79.12766425,23,Male,2,2010,dde377f65ef24c3555376d58210ba28ea8a428cefca40b414d49b08fbd0f2e7c
1,90.47920341,24,Male,3,2011,dde377f65ef24c3555376d58210ba28ea8a428cefca40b414d49b08fbd0f2e7c
1,100.6780065,28,Male,4,2012,dde377f65ef24c3555376d58210ba28ea8a428cefca40b414d49b08fbd0f2e7c
0,107.6172066,22,Male,5,2013,dde377f65ef24c3555376d58210ba28ea8a428cefca40b414d49b08fbd0f2e7c
0,14.52929301,22,Female,0,2008,573d83ae04c0f0ded3c1cddca99b1eac675c1f317bb7556943c060814d7d7ecf
0,29.44648506,22,Female,0,2008,46fe1aaa4141544468dbf1bd8fb94cacbb57ce9c23451f62e96a5c7dec0e4d7f
1,35.44983305,22,Male,0,2008,2a5f06422d35ac8977cbf311a3178de243428e2c1ca836ed16477cac024360ec
1,53.61958065,24,Male,1,2009,2a5f06422d35ac8977cbf311a3178de243428e2c1ca836ed16477cac024360ec
1,71.03627095,23,Male,2,2010,2a5f06422d35ac8977cbf311a3178de243428e2c1ca836ed16477cac024360ec
1,83.16603124,24,Male,3,2011,2a5f06422d35ac8977cbf311a3178de243428e2c1ca836ed16477cac024360ec
1,98.48520926,28,Male,4,2012,2a5f06422d35ac8977cbf311a3178de243428e2c1ca836ed16477cac024360ec
1,104.4704499,22,Male,5,2013,2a5f06422d35ac8977cbf311a3178de243428e2c1ca836ed16477cac024360ec
0,106.2580679,24,Male,6,2014,2a5f06422d35ac8977cbf311a3178de243428e2c1ca836ed16477cac024360ec
1,28.31377566,22,Female,0,2008,2da09e1fac71f1257e0efcb158f2d71e7d11ccb7a7db83461ce7f4cade83e770
1,49.25859211,24,Female,1,2009,2da09e1fac71f1257e0efcb158f2d71e7d11ccb7a7db83461ce7f4cade83e770
1,64.0033566,23,Female,2,2010,2da09e1fac71f1257e0efcb158f2d71e7d11ccb7a7db83461ce7f4cade83e770
0,66.19821592,24,Female,3,2011,2da09e1fac71f1257e0efcb158f2d71e7d11ccb7a7db83461ce7f4cade83e770
1,28.98050464,22,Female,0,2008,e4872d0e91c6dd72820b7a39f029620940e5d801ebee22dfbb8ffdca6b328fed
1,46.69306123,24,Female,1,2009,e4872d0e91c6dd72820b7a39f029620940e5d801ebee22dfbb8ffdca6b328fed
1,60.86679388,23,Female,2,2010,e4872d0e91c6dd72820b7a39f029620940e5d801ebee22dfbb8ffdca6b328fed
1,65.51397009,24,Female,3,2011,e4872d0e91c6dd72820b7a39f029620940e5d801ebee22dfbb8ffdca6b328fed
1,66.02333557,28,Female,4,2012,e4872d0e91c6dd72820b7a39f029620940e5d801ebee22dfbb8ffdca6b328fed
1,68.57203544,22,Female,5,2013,e4872d0e91c6dd72820b7a39f029620940e5d801ebee22dfbb8ffdca6b328fed
1,72.02167669,24,Female,6,2014,e4872d0e91c6dd72820b7a39f029620940e5d801ebee22dfbb8ffdca6b328fed
0,69.82292323,29,Female,7,2015,e4872d0e91c6dd72820b7a39f029620940e5d801ebee22dfbb8ffdca6b328fed
1,29.35762618,22,Male,0,2008,af328d40d74b5f0cb53b71a22ef81c20123d709701ddc9ddc0ecd51355385c05
1,46.88562635,24,Male,1,2009,af328d40d74b5f0cb53b71a22ef81c20123d709701ddc9ddc0ecd51355385c05
1,69.09401462,23,Male,2,2010,af328d40d74b5f0cb53b71a22ef81c20123d709701ddc9ddc0ecd51355385c05
1,83.98045148,24,Male,3,2011,af328d40d74b5f0cb53b71a22ef81c20123d709701ddc9ddc0ecd51355385c05
1,91.5331144,28,Male,4,2012,af328d40d74b5f0cb53b71a22ef81c20123d709701ddc9ddc0ecd51355385c05
1,93.59174482,22,Male,5,2013,af328d40d74b5f0cb53b71a22ef81c20123d709701ddc9ddc0ecd51355385c05
0,NA,24,Male,6,2014,af328d40d74b5f0cb53b71a22ef81c20123d709701ddc9ddc0ecd51355385c05
1,29.14778459,22,Female,0,2008,128e034a10d37f80cf41cabfb95c452c6ebc72320d5545ae443fe85c39123067
1,45.14891049,24,Female,1,2009,128e034a10d37f80cf41cabfb95c452c6ebc72320d5545ae443fe85c39123067
1,59.77750392,23,Female,2,2010,128e034a10d37f80cf41cabfb95c452c6ebc72320d5545ae443fe85c39123067
1,68.62530214,24,Female,3,2011,128e034a10d37f80cf41cabfb95c452c6ebc72320d5545ae443fe85c39123067
NA,NA,28,Female,4,2012,128e034a10d37f80cf41cabfb95c452c6ebc72320d5545ae443fe85c39123067
1,26.69066087,22,Male,0,2008,e0289756a1b9559d3bec6a9e6f10939534cca781e53373cad53623bda08de219
0,51.43870325,24,Male,1,2009,e0289756a1b9559d3bec6a9e6f10939534cca781e53373cad53623bda08de219
1,26.75729285,22,Female,0,2008,2e4a12bd6b05814e3b419b551ce06f14507ffcbea441abf308f5ae5d90c50757
0,47.10082273,24,Female,1,2009,2e4a12bd6b05814e3b419b551ce06f14507ffcbea441abf308f5ae5d90c50757
1,30.04518824,22,Male,0,2008,98bbad59c87d33178f5534418cadfca83c583a92844eea43c14ea434b6dfaee5
1,47.26003623,24,Male,1,2009,98bbad59c87d33178f5534418cadfca83c583a92844eea43c14ea434b6dfaee5
1,64.4490248,23,Male,2,2010,98bbad59c87d33178f5534418cadfca83c583a92844eea43c14ea434b6dfaee5
0,79.7256705,24,Male,3,2011,98bbad59c87d33178f5534418cadfca83c583a92844eea43c14ea434b6dfaee5
0,31.8222923,24,Female,0,2009,5b1f94750d53ab84b5f3fb4bf25b8bf15b162f800f004ae2709b56fdc53a5fb7
0,34.36605459,24,Male,0,2009,492774f640708cecbc4a1c4851009b872e9601a0cd98f809c2f4d153d2b4d11c
1,33.88419723,24,Female,0,2009,0e9b17e8af801c3fd7d9c9cc54920a94e272e314fe0e5967dc92fc5c3d151dd7
1,51.62445526,23,Female,1,2010,0e9b17e8af801c3fd7d9c9cc54920a94e272e314fe0e5967dc92fc5c3d151dd7
1,62.75843631,24,Female,2,2011,0e9b17e8af801c3fd7d9c9cc54920a94e272e314fe0e5967dc92fc5c3d151dd7
1,64.47317854,28,Female,3,2012,0e9b17e8af801c3fd7d9c9cc54920a94e272e314fe0e5967dc92fc5c3d151dd7
1,69.77246845,22,Female,4,2013,0e9b17e8af801c3fd7d9c9cc54920a94e272e314fe0e5967dc92fc5c3d151dd7
1,73.27847122,24,Female,5,2014,0e9b17e8af801c3fd7d9c9cc54920a94e272e314fe0e5967dc92fc5c3d151dd7
1,75.6265721,29,Female,6,2015,0e9b17e8af801c3fd7d9c9cc54920a94e272e314fe0e5967dc92fc5c3d151dd7
1,76.81624183,32,Female,7,2016,0e9b17e8af801c3fd7d9c9cc54920a94e272e314fe0e5967dc92fc5c3d151dd7
1,80.36197735,37,Female,8,2017,0e9b17e8af801c3fd7d9c9cc54920a94e272e314fe0e5967dc92fc5c3d151dd7
1,78.53174553,34,Female,9,2018,0e9b17e8af801c3fd7d9c9cc54920a94e272e314fe0e5967dc92fc5c3d151dd7
0,81.9365475,36,Female,10,2019,0e9b17e8af801c3fd7d9c9cc54920a94e272e314fe0e5967dc92fc5c3d151dd7
1,NA,24,Female,0,2009,51d817ef724912d73e6b5a3796e16d30372428b88483055077e749e1f38dbc2e
1,50.9303211,23,Female,1,2010,51d817ef724912d73e6b5a3796e16d30372428b88483055077e749e1f38dbc2e
1,64.71169933,24,Female,2,2011,51d817ef724912d73e6b5a3796e16d30372428b88483055077e749e1f38dbc2e
1,70.31308455,28,Female,3,2012,51d817ef724912d73e6b5a3796e16d30372428b88483055077e749e1f38dbc2e
1,73.35428677,22,Female,4,2013,51d817ef724912d73e6b5a3796e16d30372428b88483055077e749e1f38dbc2e
1,76.0784658,24,Female,5,2014,51d817ef724912d73e6b5a3796e16d30372428b88483055077e749e1f38dbc2e
1,77.78272664,29,Female,6,2015,51d817ef724912d73e6b5a3796e16d30372428b88483055077e749e1f38dbc2e
1,80.95444121,32,Female,7,2016,51d817ef724912d73e6b5a3796e16d30372428b88483055077e749e1f38dbc2e
1,82.87508192,37,Female,8,2017,51d817ef724912d73e6b5a3796e16d30372428b88483055077e749e1f38dbc2e
1,75.69127669,34,Female,9,2018,51d817ef724912d73e6b5a3796e16d30372428b88483055077e749e1f38dbc2e
1,78.24184791,36,Female,10,2019,51d817ef724912d73e6b5a3796e16d30372428b88483055077e749e1f38dbc2e
1,81.6707583551919,24,Female,11,2020,51d817ef724912d73e6b5a3796e16d30372428b88483055077e749e1f38dbc2e
1,78.6407350154104,24,Female,12,2021,51d817ef724912d73e6b5a3796e16d30372428b88483055077e749e1f38dbc2e
1,75.5737841826031,20,Female,13,2022,51d817ef724912d73e6b5a3796e16d30372428b88483055077e749e1f38dbc2e
1,70.7791007116979,25,Female,14,2023,51d817ef724912d73e6b5a3796e16d30372428b88483055077e749e1f38dbc2e
1,31.14884155,24,Male,0,2009,69ccf59b416bc5b36e3bce0b5bb9a8b04c4d5434ef56a18dce4d5aecd9c5ac9f
1,50.02119123,23,Male,1,2010,69ccf59b416bc5b36e3bce0b5bb9a8b04c4d5434ef56a18dce4d5aecd9c5ac9f
1,64.63437398,24,Male,2,2011,69ccf59b416bc5b36e3bce0b5bb9a8b04c4d5434ef56a18dce4d5aecd9c5ac9f
1,81.33440136,28,Male,3,2012,69ccf59b416bc5b36e3bce0b5bb9a8b04c4d5434ef56a18dce4d5aecd9c5ac9f
0,NA,22,Male,4,2013,69ccf59b416bc5b36e3bce0b5bb9a8b04c4d5434ef56a18dce4d5aecd9c5ac9f
1,36.07998981,24,Female,0,2009,4adf8f4791cc56c8be18a198614f7ef78171c427919b6326b6d8d1aea3286013
1,51.68809819,23,Female,1,2010,4adf8f4791cc56c8be18a198614f7ef78171c427919b6326b6d8d1aea3286013
1,65.54793747,24,Female,2,2011,4adf8f4791cc56c8be18a198614f7ef78171c427919b6326b6d8d1aea3286013
0,69.30883902,28,Female,3,2012,4adf8f4791cc56c8be18a198614f7ef78171c427919b6326b6d8d1aea3286013
1,23.68603555,24,Female,0,2009,cdf5313889b8d01277d5e0eef37ad9ecd5446e386ef792dbcefff9674d58f458
1,39.07006917,23,Female,1,2010,cdf5313889b8d01277d5e0eef37ad9ecd5446e386ef792dbcefff9674d58f458
0,54.52296771,24,Female,2,2011,cdf5313889b8d01277d5e0eef37ad9ecd5446e386ef792dbcefff9674d58f458
NA,31.0365196,24,Female,0,2009,b095e168f041d66544c08bd19786768d3cb828f9d6e21d6cb6880f868c4ebe77
1,25.62305481,24,Female,0,2009,b98bd6d814fbb52b63a632faca1be53102a62cdd2efcc2412a40cedbe34d7180
1,44.00000612,23,Female,1,2010,b98bd6d814fbb52b63a632faca1be53102a62cdd2efcc2412a40cedbe34d7180
1,57.61614645,24,Female,2,2011,b98bd6d814fbb52b63a632faca1be53102a62cdd2efcc2412a40cedbe34d7180
1,66.94979523,28,Female,3,2012,b98bd6d814fbb52b63a632faca1be53102a62cdd2efcc2412a40cedbe34d7180
1,67.97947389,22,Female,4,2013,b98bd6d814fbb52b63a632faca1be53102a62cdd2efcc2412a40cedbe34d7180
1,71.20421394,24,Female,5,2014,b98bd6d814fbb52b63a632faca1be53102a62cdd2efcc2412a40cedbe34d7180
1,74.88706381,29,Female,6,2015,b98bd6d814fbb52b63a632faca1be53102a62cdd2efcc2412a40cedbe34d7180
1,73.88549649,32,Female,7,2016,b98bd6d814fbb52b63a632faca1be53102a62cdd2efcc2412a40cedbe34d7180
1,77.68024716,37,Female,8,2017,b98bd6d814fbb52b63a632faca1be53102a62cdd2efcc2412a40cedbe34d7180
1,77.94148586,34,Female,9,2018,b98bd6d814fbb52b63a632faca1be53102a62cdd2efcc2412a40cedbe34d7180
1,77.26421349,36,Female,10,2019,b98bd6d814fbb52b63a632faca1be53102a62cdd2efcc2412a40cedbe34d7180
1,78.5372780789542,24,Female,11,2020,b98bd6d814fbb52b63a632faca1be53102a62cdd2efcc2412a40cedbe34d7180
1,76.7836072610026,24,Female,12,2021,b98bd6d814fbb52b63a632faca1be53102a62cdd2efcc2412a40cedbe34d7180
0,NA,20,Female,13,2022,b98bd6d814fbb52b63a632faca1be53102a62cdd2efcc2412a40cedbe34d7180
1,31.74636685,24,Male,0,2009,caf1f9648a9704675d2f828b0249b5f0933b8f36d882ce695b553c26f4ee85b1
1,58.40248773,23,Male,1,2010,caf1f9648a9704675d2f828b0249b5f0933b8f36d882ce695b553c26f4ee85b1
1,NA,28,Male,3,2012,caf1f9648a9704675d2f828b0249b5f0933b8f36d882ce695b553c26f4ee85b1
0,NA,22,Male,4,2013,caf1f9648a9704675d2f828b0249b5f0933b8f36d882ce695b553c26f4ee85b1
0,29.45226739,24,Male,0,2009,c1b7947c5ecc52c5751264e97e4419418156f04a9190bfcf17d4210b5f6f0a33
0,28.94247508,24,Male,0,2009,9d6df7e2c271d0b5ce47749203bc42be2003afefd38a3bc072e3d6a4f2bcb915
1,27.93939772,23,Female,0,2010,fbeae7c18667b6987518f3ae61ed8b19038e5961e8e7368597428eff76e4842a
1,47.3417413,24,Female,1,2011,fbeae7c18667b6987518f3ae61ed8b19038e5961e8e7368597428eff76e4842a
1,58.03673165,28,Female,2,2012,fbeae7c18667b6987518f3ae61ed8b19038e5961e8e7368597428eff76e4842a
1,63.07685743,22,Female,3,2013,fbeae7c18667b6987518f3ae61ed8b19038e5961e8e7368597428eff76e4842a
1,69.86829389,24,Female,4,2014,fbeae7c18667b6987518f3ae61ed8b19038e5961e8e7368597428eff76e4842a
1,70.66317816,29,Female,5,2015,fbeae7c18667b6987518f3ae61ed8b19038e5961e8e7368597428eff76e4842a
1,74.27482589,32,Female,6,2016,fbeae7c18667b6987518f3ae61ed8b19038e5961e8e7368597428eff76e4842a
1,73.40172713,37,Female,7,2017,fbeae7c18667b6987518f3ae61ed8b19038e5961e8e7368597428eff76e4842a
0,71.22080298,34,Female,8,2018,fbeae7c18667b6987518f3ae61ed8b19038e5961e8e7368597428eff76e4842a
1,28.8849179,23,Female,0,2010,5c13dc65b52d224b474c5848d4bbd5effa7405b0b8ceb5b5a8092ca9e23907d7
1,43.01662342,24,Female,1,2011,5c13dc65b52d224b474c5848d4bbd5effa7405b0b8ceb5b5a8092ca9e23907d7
0,55.91592735,28,Female,2,2012,5c13dc65b52d224b474c5848d4bbd5effa7405b0b8ceb5b5a8092ca9e23907d7
1,23.14956265,23,Female,0,2010,628c84dd3a66a65c5506a1e3f712bdba1b48f6a283b6e576b16e23898353d73e
1,40.20056955,24,Female,1,2011,628c84dd3a66a65c5506a1e3f712bdba1b48f6a283b6e576b16e23898353d73e
1,53.15313734,28,Female,2,2012,628c84dd3a66a65c5506a1e3f712bdba1b48f6a283b6e576b16e23898353d73e
1,60.80979644,22,Female,3,2013,628c84dd3a66a65c5506a1e3f712bdba1b48f6a283b6e576b16e23898353d73e
1,66.68390396,24,Female,4,2014,628c84dd3a66a65c5506a1e3f712bdba1b48f6a283b6e576b16e23898353d73e
1,69.55152876,29,Female,5,2015,628c84dd3a66a65c5506a1e3f712bdba1b48f6a283b6e576b16e23898353d73e
0,67.60024907,32,Female,6,2016,628c84dd3a66a65c5506a1e3f712bdba1b48f6a283b6e576b16e23898353d73e
0,30.18133005,23,Male,0,2010,0fbeb57bfb02c9dd03c3c2e585e301555f148ddc72c033e2a80a15b18591c22a
1,33.67381807,23,Female,0,2010,ea857dc3c8eb8c8095211d49864ef7a76102237b052687a1d9f880f01792a020
1,52.08824766,24,Female,1,2011,ea857dc3c8eb8c8095211d49864ef7a76102237b052687a1d9f880f01792a020
1,62.7816464,28,Female,2,2012,ea857dc3c8eb8c8095211d49864ef7a76102237b052687a1d9f880f01792a020
1,69.43493224,22,Female,3,2013,ea857dc3c8eb8c8095211d49864ef7a76102237b052687a1d9f880f01792a020
1,75.89494882,24,Female,4,2014,ea857dc3c8eb8c8095211d49864ef7a76102237b052687a1d9f880f01792a020
NA,NA,29,Female,5,2015,ea857dc3c8eb8c8095211d49864ef7a76102237b052687a1d9f880f01792a020
0,NA,23,Male,0,2010,469aeabf3b762a7352fd513e8f760e66dc420fecd2f697f6fc425fd69dc436f5
1,24.62678344,23,Female,0,2010,d85d7239e5042c92472ba52d95bece445cd9f556efa0704cbe3934f5453b73e8
1,42.25407264,24,Female,1,2011,d85d7239e5042c92472ba52d95bece445cd9f556efa0704cbe3934f5453b73e8
1,54.61404298,28,Female,2,2012,d85d7239e5042c92472ba52d95bece445cd9f556efa0704cbe3934f5453b73e8
1,62.2924684,22,Female,3,2013,d85d7239e5042c92472ba52d95bece445cd9f556efa0704cbe3934f5453b73e8
1,71.13556368,24,Female,4,2014,d85d7239e5042c92472ba52d95bece445cd9f556efa0704cbe3934f5453b73e8
1,70.77455681,29,Female,5,2015,d85d7239e5042c92472ba52d95bece445cd9f556efa0704cbe3934f5453b73e8
1,74.23807883,32,Female,6,2016,d85d7239e5042c92472ba52d95bece445cd9f556efa0704cbe3934f5453b73e8
1,75.74913445,37,Female,7,2017,d85d7239e5042c92472ba52d95bece445cd9f556efa0704cbe3934f5453b73e8
1,71.20664995,34,Female,8,2018,d85d7239e5042c92472ba52d95bece445cd9f556efa0704cbe3934f5453b73e8
0,69.8632218,36,Female,9,2019,d85d7239e5042c92472ba52d95bece445cd9f556efa0704cbe3934f5453b73e8
1,25.74830815,23,Male,0,2010,36c730ff966dd3adc53311202da72e1b39132c0fe69974564ddd19f47bc8ef56
1,52.64409699,24,Male,1,2011,36c730ff966dd3adc53311202da72e1b39132c0fe69974564ddd19f47bc8ef56
1,68.8768674,28,Male,2,2012,36c730ff966dd3adc53311202da72e1b39132c0fe69974564ddd19f47bc8ef56
1,86.63850113,22,Male,3,2013,36c730ff966dd3adc53311202da72e1b39132c0fe69974564ddd19f47bc8ef56
0,96.37824308,24,Male,4,2014,36c730ff966dd3adc53311202da72e1b39132c0fe69974564ddd19f47bc8ef56
1,29.74430542,23,Male,0,2010,dba688a59d61da0f83fcb8b5df16d14b8e27cfaa2f4748c2c2189c4d9c61a4ee
0,53.33553934,24,Male,1,2011,dba688a59d61da0f83fcb8b5df16d14b8e27cfaa2f4748c2c2189c4d9c61a4ee
1,37.13319223,23,Male,0,2010,eda97d0b631702df1c25905e1905ad60c28179a436743437ecbbb85c90ab6b3b
1,53.80607397,24,Male,1,2011,eda97d0b631702df1c25905e1905ad60c28179a436743437ecbbb85c90ab6b3b
1,70.00628876,28,Male,2,2012,eda97d0b631702df1c25905e1905ad60c28179a436743437ecbbb85c90ab6b3b
0,NA,22,Male,3,2013,eda97d0b631702df1c25905e1905ad60c28179a436743437ecbbb85c90ab6b3b
1,28.21910404,23,Male,0,2010,e772dad2b624394fdb270e10480dd2fc40cf127c5f7f42d5259d08a9678307ac
0,43.82970533,24,Male,1,2011,e772dad2b624394fdb270e10480dd2fc40cf127c5f7f42d5259d08a9678307ac
0,27.54037579,23,Male,0,2010,acbbb742c7524cecdec7557d60e4a19af062346309ce5731c88485c7daf48982
1,30.18138458,23,Female,0,2010,9f9853b3f13444197bd1c8eedb085b4c030a02ed28b5f61f3a6a1ba27bd1ae73
1,39.78979427,24,Female,1,2011,9f9853b3f13444197bd1c8eedb085b4c030a02ed28b5f61f3a6a1ba27bd1ae73
1,46.72061294,28,Female,2,2012,9f9853b3f13444197bd1c8eedb085b4c030a02ed28b5f61f3a6a1ba27bd1ae73
1,57.73557382,22,Female,3,2013,9f9853b3f13444197bd1c8eedb085b4c030a02ed28b5f61f3a6a1ba27bd1ae73
1,62.74704261,24,Female,4,2014,9f9853b3f13444197bd1c8eedb085b4c030a02ed28b5f61f3a6a1ba27bd1ae73
1,65.52713038,29,Female,5,2015,9f9853b3f13444197bd1c8eedb085b4c030a02ed28b5f61f3a6a1ba27bd1ae73
1,65.61286326,32,Female,6,2016,9f9853b3f13444197bd1c8eedb085b4c030a02ed28b5f61f3a6a1ba27bd1ae73
1,67.21280831,37,Female,7,2017,9f9853b3f13444197bd1c8eedb085b4c030a02ed28b5f61f3a6a1ba27bd1ae73
1,68.18098854,34,Female,8,2018,9f9853b3f13444197bd1c8eedb085b4c030a02ed28b5f61f3a6a1ba27bd1ae73
0,66.91236839,36,Female,9,2019,9f9853b3f13444197bd1c8eedb085b4c030a02ed28b5f61f3a6a1ba27bd1ae73
1,38.36008402,23,Male,0,2010,e05184c1f58012abeecc03933a7cc6b1e9f87b0d23de1f96993b154064ad8dca
1,55.57010449,24,Male,1,2011,e05184c1f58012abeecc03933a7cc6b1e9f87b0d23de1f96993b154064ad8dca
1,70.72630686,28,Male,2,2012,e05184c1f58012abeecc03933a7cc6b1e9f87b0d23de1f96993b154064ad8dca
1,85.3232571,22,Male,3,2013,e05184c1f58012abeecc03933a7cc6b1e9f87b0d23de1f96993b154064ad8dca
1,93.26108049,24,Male,4,2014,e05184c1f58012abeecc03933a7cc6b1e9f87b0d23de1f96993b154064ad8dca
1,106.9803874,29,Male,5,2015,e05184c1f58012abeecc03933a7cc6b1e9f87b0d23de1f96993b154064ad8dca
1,119.0563823,32,Male,6,2016,e05184c1f58012abeecc03933a7cc6b1e9f87b0d23de1f96993b154064ad8dca
0,117.5046844,37,Male,7,2017,e05184c1f58012abeecc03933a7cc6b1e9f87b0d23de1f96993b154064ad8dca
NA,NA,23,Male,0,2010,1c5e95f69bb22aef7c11683dbf81f2bab7bbf77b028014a112bc68e051ba1a79
1,28.75009956,23,Male,0,2010,771da04c14bc846203f04afa65c93e8ce2c9e6797ab55fa93c35cb141b1d0bd7
0,45.66399859,24,Male,1,2011,771da04c14bc846203f04afa65c93e8ce2c9e6797ab55fa93c35cb141b1d0bd7
1,26.03337066,23,Male,0,2010,da384340f5b050b1ceca0592ff7e8c9f925b71c71831938b5b83c3c6686c2f85
0,41.8764799,24,Male,1,2011,da384340f5b050b1ceca0592ff7e8c9f925b71c71831938b5b83c3c6686c2f85
NA,NA,23,Female,0,2010,e71522252c1f2950512dd90f26d9089db690d4263c9b2565f3ed1e0ed0732b14
1,37.41650787,23,Male,0,2010,ad095c1430616e7a39bf22da9b015e2bda85af4f77adbfb50f0eb670c2da3a2d
1,56.70177829,24,Male,1,2011,ad095c1430616e7a39bf22da9b015e2bda85af4f77adbfb50f0eb670c2da3a2d
1,72.27339641,28,Male,2,2012,ad095c1430616e7a39bf22da9b015e2bda85af4f77adbfb50f0eb670c2da3a2d
0,89.26722066,22,Male,3,2013,ad095c1430616e7a39bf22da9b015e2bda85af4f77adbfb50f0eb670c2da3a2d
0,33.70838532,24,Male,0,2011,32d833f348ce377c8cc3291cc520213770d5d519d7970540c1c36c4261c140cc
1,30.06002736,24,Male,0,2011,805487266d4de2f9df144e4ee285f56eaf10ae62b61b61227ac1d231b819394d
1,53.56547209,28,Male,1,2012,805487266d4de2f9df144e4ee285f56eaf10ae62b61b61227ac1d231b819394d
1,66.63216423,22,Male,2,2013,805487266d4de2f9df144e4ee285f56eaf10ae62b61b61227ac1d231b819394d
1,81.79710276,24,Male,3,2014,805487266d4de2f9df144e4ee285f56eaf10ae62b61b61227ac1d231b819394d
1,91.62815198,29,Male,4,2015,805487266d4de2f9df144e4ee285f56eaf10ae62b61b61227ac1d231b819394d
1,108.1744967,32,Male,5,2016,805487266d4de2f9df144e4ee285f56eaf10ae62b61b61227ac1d231b819394d
1,110.1503604,37,Male,6,2017,805487266d4de2f9df144e4ee285f56eaf10ae62b61b61227ac1d231b819394d
1,116.7080821,34,Male,7,2018,805487266d4de2f9df144e4ee285f56eaf10ae62b61b61227ac1d231b819394d
0,115.696361,36,Male,8,2019,805487266d4de2f9df144e4ee285f56eaf10ae62b61b61227ac1d231b819394d
1,24.78112363,24,Male,0,2011,b804d0b78b82ddd4d45a746f24abf240808c35a25290111158e61ef17bbb2d90
1,51.57858181,28,Male,1,2012,b804d0b78b82ddd4d45a746f24abf240808c35a25290111158e61ef17bbb2d90
1,60.8193877,22,Male,2,2013,b804d0b78b82ddd4d45a746f24abf240808c35a25290111158e61ef17bbb2d90
1,77.23069127,24,Male,3,2014,b804d0b78b82ddd4d45a746f24abf240808c35a25290111158e61ef17bbb2d90
1,91.12629795,29,Male,4,2015,b804d0b78b82ddd4d45a746f24abf240808c35a25290111158e61ef17bbb2d90
1,107.7000377,32,Male,5,2016,b804d0b78b82ddd4d45a746f24abf240808c35a25290111158e61ef17bbb2d90
1,113.1018862,37,Male,6,2017,b804d0b78b82ddd4d45a746f24abf240808c35a25290111158e61ef17bbb2d90
1,120.4146045,34,Male,7,2018,b804d0b78b82ddd4d45a746f24abf240808c35a25290111158e61ef17bbb2d90
1,118.9165252,36,Male,8,2019,b804d0b78b82ddd4d45a746f24abf240808c35a25290111158e61ef17bbb2d90
0,NA,24,Male,9,2020,b804d0b78b82ddd4d45a746f24abf240808c35a25290111158e61ef17bbb2d90
1,23.06301554,24,Female,0,2011,57ab8071a34591af34bda88b47d18ca1c87bd62ca71d2bd9b571444defd172d6
1,43.21736076,28,Female,1,2012,57ab8071a34591af34bda88b47d18ca1c87bd62ca71d2bd9b571444defd172d6
1,54.90310192,22,Female,2,2013,57ab8071a34591af34bda88b47d18ca1c87bd62ca71d2bd9b571444defd172d6
1,61.65961322,24,Female,3,2014,57ab8071a34591af34bda88b47d18ca1c87bd62ca71d2bd9b571444defd172d6
1,64.33092739,29,Female,4,2015,57ab8071a34591af34bda88b47d18ca1c87bd62ca71d2bd9b571444defd172d6
1,66.68909055,32,Female,5,2016,57ab8071a34591af34bda88b47d18ca1c87bd62ca71d2bd9b571444defd172d6
1,69.7315384,37,Female,6,2017,57ab8071a34591af34bda88b47d18ca1c87bd62ca71d2bd9b571444defd172d6
0,69.03906533,34,Female,7,2018,57ab8071a34591af34bda88b47d18ca1c87bd62ca71d2bd9b571444defd172d6
1,16.93953355,24,Female,0,2011,a1646e793fe3dca0615c19ee347e3af61a8b41986944b41d0bb5acf5e6a8d96e
1,39.59337442,28,Female,1,2012,a1646e793fe3dca0615c19ee347e3af61a8b41986944b41d0bb5acf5e6a8d96e
1,52.07967067,22,Female,2,2013,a1646e793fe3dca0615c19ee347e3af61a8b41986944b41d0bb5acf5e6a8d96e
1,62.59487184,24,Female,3,2014,a1646e793fe3dca0615c19ee347e3af61a8b41986944b41d0bb5acf5e6a8d96e
1,72.98983683,29,Female,4,2015,a1646e793fe3dca0615c19ee347e3af61a8b41986944b41d0bb5acf5e6a8d96e
1,72.62504225,32,Female,5,2016,a1646e793fe3dca0615c19ee347e3af61a8b41986944b41d0bb5acf5e6a8d96e
1,74.49699819,37,Female,6,2017,a1646e793fe3dca0615c19ee347e3af61a8b41986944b41d0bb5acf5e6a8d96e
1,76.10084498,34,Female,7,2018,a1646e793fe3dca0615c19ee347e3af61a8b41986944b41d0bb5acf5e6a8d96e
0,79.1155033,36,Female,8,2019,a1646e793fe3dca0615c19ee347e3af61a8b41986944b41d0bb5acf5e6a8d96e
0,31.1794371,24,Male,0,2011,312b1434e5fadbe2ecc7f49fedc86e553d4798c6d907f267d5fc45d7985fbd73
0,NA,24,Female,0,2011,8845886be6cbcf285d18a66a83d622fdcf265ba4451ea2b2f4189ebf04eba915
1,26.37331028,24,Female,0,2011,9fc58f1abf0d4f134609c7572d4475fd5b6469591323164a998d435099198294
1,45.20371663,28,Female,1,2012,9fc58f1abf0d4f134609c7572d4475fd5b6469591323164a998d435099198294
1,53.53236024,22,Female,2,2013,9fc58f1abf0d4f134609c7572d4475fd5b6469591323164a998d435099198294
1,62.78207669,24,Female,3,2014,9fc58f1abf0d4f134609c7572d4475fd5b6469591323164a998d435099198294
1,72.78570556,29,Female,4,2015,9fc58f1abf0d4f134609c7572d4475fd5b6469591323164a998d435099198294
1,70.16975847,32,Female,5,2016,9fc58f1abf0d4f134609c7572d4475fd5b6469591323164a998d435099198294
1,75.85187406,37,Female,6,2017,9fc58f1abf0d4f134609c7572d4475fd5b6469591323164a998d435099198294
1,69.13308198,34,Female,7,2018,9fc58f1abf0d4f134609c7572d4475fd5b6469591323164a998d435099198294
0,75.82896709,36,Female,8,2019,9fc58f1abf0d4f134609c7572d4475fd5b6469591323164a998d435099198294
1,28.43119367,24,Male,0,2011,6866b00707ab48540b44bc72fdf9135e7d6e730895161c2d5aaea4bd22e5dd97
1,51.65705871,28,Male,1,2012,6866b00707ab48540b44bc72fdf9135e7d6e730895161c2d5aaea4bd22e5dd97
1,67.49789465,22,Male,2,2013,6866b00707ab48540b44bc72fdf9135e7d6e730895161c2d5aaea4bd22e5dd97
1,84.22549115,24,Male,3,2014,6866b00707ab48540b44bc72fdf9135e7d6e730895161c2d5aaea4bd22e5dd97
1,102.7109639,29,Male,4,2015,6866b00707ab48540b44bc72fdf9135e7d6e730895161c2d5aaea4bd22e5dd97
1,117.3649755,32,Male,5,2016,6866b00707ab48540b44bc72fdf9135e7d6e730895161c2d5aaea4bd22e5dd97
0,121.3815287,37,Male,6,2017,6866b00707ab48540b44bc72fdf9135e7d6e730895161c2d5aaea4bd22e5dd97
1,NA,24,Male,0,2011,a08c925fed8ffd1710d3a4606109fcc3cf10d05a59c0ec9b52a6f81da4ed6d3b
0,48.70789355,28,Male,1,2012,a08c925fed8ffd1710d3a4606109fcc3cf10d05a59c0ec9b52a6f81da4ed6d3b
0,30.8737537,24,Male,0,2011,f8bdff3fb98849eac918743b4f18ec5d8bc343e2db664a92be4cefcc747c0c8f
1,30.53896051,24,Male,0,2011,0f27e1c3e3fbf06a3a4cd444c904212bfb4b16fc0999a7d48316421826d337e1
1,52.39122161,28,Male,1,2012,0f27e1c3e3fbf06a3a4cd444c904212bfb4b16fc0999a7d48316421826d337e1
NA,70.36252548,22,Male,2,2013,0f27e1c3e3fbf06a3a4cd444c904212bfb4b16fc0999a7d48316421826d337e1
1,27.41628119,24,Female,0,2011,6fbba5df964b7049f1f52252c60c8e1e810979f3167a43ff874917f0f0af3cf6
1,47.12574104,28,Female,1,2012,6fbba5df964b7049f1f52252c60c8e1e810979f3167a43ff874917f0f0af3cf6
1,55.40551856,22,Female,2,2013,6fbba5df964b7049f1f52252c60c8e1e810979f3167a43ff874917f0f0af3cf6
0,61.89149574,24,Female,3,2014,6fbba5df964b7049f1f52252c60c8e1e810979f3167a43ff874917f0f0af3cf6
0,NA,24,Male,0,2011,c7c58bd6007672362da2106fdbfaf9f50629e4bdf8598169c598027394ef9791
1,29.44230894,28,Female,0,2012,a791366f6f6201254edcac9ec72017b12d8a69513b5e1e29a29a4048ffb16e27
NA,42.83457014,22,Female,1,2013,a791366f6f6201254edcac9ec72017b12d8a69513b5e1e29a29a4048ffb16e27
0,NA,28,Male,0,2012,38fea159d1d76d6ffbff32f5d5b40e72680947773f579982ff3e54515ee95aa2
0,25.26386336,28,Female,0,2012,46165daa97b98f1734ceaf9de4beae844f52395297335c3edeef854007aef031
1,NA,28,Female,0,2012,f0a6cd0884bfee9822cc3b0f561428d0d2ab03672a33094b43095267cf0231d4
1,49.22808803,22,Female,1,2013,f0a6cd0884bfee9822cc3b0f561428d0d2ab03672a33094b43095267cf0231d4
1,60.66590049,24,Female,2,2014,f0a6cd0884bfee9822cc3b0f561428d0d2ab03672a33094b43095267cf0231d4
1,71.82751462,29,Female,3,2015,f0a6cd0884bfee9822cc3b0f561428d0d2ab03672a33094b43095267cf0231d4
1,73.25907877,32,Female,4,2016,f0a6cd0884bfee9822cc3b0f561428d0d2ab03672a33094b43095267cf0231d4
0,78.09266353,37,Female,5,2017,f0a6cd0884bfee9822cc3b0f561428d0d2ab03672a33094b43095267cf0231d4
1,29.60773179,28,Female,0,2012,7a2eca4de16fc0df86fef9aa946d813d52680cfd032674525c89a8881cf1b5a3
0,45.05602637,22,Female,1,2013,7a2eca4de16fc0df86fef9aa946d813d52680cfd032674525c89a8881cf1b5a3
0,28.60773179,28,Female,0,2012,f01df5b35044865c2d4f687ffd9e8b72c98951cdb2f2fb5de937f54c1c6fc13a
0,23.92342252,28,Female,0,2012,71ef1a102315afd092ce12804e0ebc03f05508e7203b4e534abf71c3ae9e0387
1,17.37886853,28,Male,0,2012,32c71e5b9e5d9535466e879c3179f57940af31a891c84e00184ba1f3b1ba1526
NA,27.96883333,22,Male,1,2013,32c71e5b9e5d9535466e879c3179f57940af31a891c84e00184ba1f3b1ba1526
0,31.21512942,28,Male,0,2012,d653b016db1da8f5b36f84a44465e5d6adffeb38ae46cc701e3462343727717b
1,28.10198259,28,Male,0,2012,021bbd75cf6530bd40f4ab8b131600e0188f4a8c51c9ebe112daef408a498e56
1,47.44968008,22,Male,1,2013,021bbd75cf6530bd40f4ab8b131600e0188f4a8c51c9ebe112daef408a498e56
1,63.21279879,24,Male,2,2014,021bbd75cf6530bd40f4ab8b131600e0188f4a8c51c9ebe112daef408a498e56
1,80.17402299,29,Male,3,2015,021bbd75cf6530bd40f4ab8b131600e0188f4a8c51c9ebe112daef408a498e56
1,93.23896031,32,Male,4,2016,021bbd75cf6530bd40f4ab8b131600e0188f4a8c51c9ebe112daef408a498e56
1,NA,37,Male,5,2017,021bbd75cf6530bd40f4ab8b131600e0188f4a8c51c9ebe112daef408a498e56
0,NA,34,Male,6,2018,021bbd75cf6530bd40f4ab8b131600e0188f4a8c51c9ebe112daef408a498e56
1,21.9971557,28,Female,0,2012,ec7e008b5f4d05c43a532426d1d7b7cdb8e4452e3e29f9e4a1ad8833078a6907
1,39.03838539,22,Female,1,2013,ec7e008b5f4d05c43a532426d1d7b7cdb8e4452e3e29f9e4a1ad8833078a6907
NA,NA,24,Female,2,2014,ec7e008b5f4d05c43a532426d1d7b7cdb8e4452e3e29f9e4a1ad8833078a6907
0,32.5319177,28,Male,0,2012,d9a37366a195e2efef8c64a72b24d75e4e7eb395cc56f1bbcdf3bf03e48cd909
1,28.80871678,28,Female,0,2012,550a92e330a86fa0a314c5bdde5a76c4168d753b45144d2780cbf2c26aa033dc
1,48.82626119,22,Female,1,2013,550a92e330a86fa0a314c5bdde5a76c4168d753b45144d2780cbf2c26aa033dc
1,63.80791379,24,Female,2,2014,550a92e330a86fa0a314c5bdde5a76c4168d753b45144d2780cbf2c26aa033dc
1,72.38448358,29,Female,3,2015,550a92e330a86fa0a314c5bdde5a76c4168d753b45144d2780cbf2c26aa033dc
1,79.95140598,32,Female,4,2016,550a92e330a86fa0a314c5bdde5a76c4168d753b45144d2780cbf2c26aa033dc
1,81.90687489,37,Female,5,2017,550a92e330a86fa0a314c5bdde5a76c4168d753b45144d2780cbf2c26aa033dc
1,82.49509616,34,Female,6,2018,550a92e330a86fa0a314c5bdde5a76c4168d753b45144d2780cbf2c26aa033dc
1,81.91510765,36,Female,7,2019,550a92e330a86fa0a314c5bdde5a76c4168d753b45144d2780cbf2c26aa033dc
1,83.1279342393069,24,Female,8,2020,550a92e330a86fa0a314c5bdde5a76c4168d753b45144d2780cbf2c26aa033dc
1,82.7554620280806,24,Female,9,2021,550a92e330a86fa0a314c5bdde5a76c4168d753b45144d2780cbf2c26aa033dc
1,81.2652584699098,20,Female,10,2022,550a92e330a86fa0a314c5bdde5a76c4168d753b45144d2780cbf2c26aa033dc
1,86.999458159364,25,Female,11,2023,550a92e330a86fa0a314c5bdde5a76c4168d753b45144d2780cbf2c26aa033dc
0,24.11716049,28,Male,0,2012,e74859e65cd1ffc903fb6132168effe3230d0a6d5f39fc0eeeb44526371ec7b6
NA,10.47360039,28,Male,0,2012,ec185795d711d3cd6b5663d3a54651c720a8f3111b87a74957c02986c8b8cc3a
0,21.37369627,28,Female,0,2012,fed5e5f18daedb3b01e265930e7b78096e8975cd6e280f0b4892eaaae57f6c52
NA,NA,22,Female,0,2013,3696ad59777e09d5f2daacb544022d435e7cd053d87c5781241fabd8fdf2a90d
1,22.47215902,22,Female,0,2013,3d16e90141e88e7233af1668dcb0613d6715b4ab3d1f10e6c36c5ca3cf412c6d
1,37.03170753,24,Female,1,2014,3d16e90141e88e7233af1668dcb0613d6715b4ab3d1f10e6c36c5ca3cf412c6d
1,53.15086592,29,Female,2,2015,3d16e90141e88e7233af1668dcb0613d6715b4ab3d1f10e6c36c5ca3cf412c6d
1,60.61859642,32,Female,3,2016,3d16e90141e88e7233af1668dcb0613d6715b4ab3d1f10e6c36c5ca3cf412c6d
1,63.52975384,37,Female,4,2017,3d16e90141e88e7233af1668dcb0613d6715b4ab3d1f10e6c36c5ca3cf412c6d
1,63.90142496,34,Female,5,2018,3d16e90141e88e7233af1668dcb0613d6715b4ab3d1f10e6c36c5ca3cf412c6d
0,67.65715699,36,Female,6,2019,3d16e90141e88e7233af1668dcb0613d6715b4ab3d1f10e6c36c5ca3cf412c6d
NA,NA,22,Male,0,2013,4a1bcaec718f10edcd2589d26c9e45749796ef518f01ed7beae92ded6083d89b
0,25.50422442,22,Female,0,2013,adfa2b24c2d924fe6383d8804be55afb98ea3eb0e14c3470ac3a0f651b9a422e
0,32.01966446,22,Male,0,2013,44d6a8a73eddb284d49799fdbfa2919a004ece6d2df3546eaa4e246048bcdf81
NA,28.27583976,22,Female,0,2013,b1d3eb8f32936fa9cf89d2240bd10734270fd55ff4644ad254b3b237468bad88
1,25.17600481,22,Female,0,2013,1cdcbd57e7e20491d8be5ff46549aac5f9c117320a164a49ebc4f1439a741d76
1,46.3995784,24,Female,1,2014,1cdcbd57e7e20491d8be5ff46549aac5f9c117320a164a49ebc4f1439a741d76
1,61.96512853,29,Female,2,2015,1cdcbd57e7e20491d8be5ff46549aac5f9c117320a164a49ebc4f1439a741d76
1,76.94799473,32,Female,3,2016,1cdcbd57e7e20491d8be5ff46549aac5f9c117320a164a49ebc4f1439a741d76
1,76.47014318,37,Female,4,2017,1cdcbd57e7e20491d8be5ff46549aac5f9c117320a164a49ebc4f1439a741d76
1,76.90293368,34,Female,5,2018,1cdcbd57e7e20491d8be5ff46549aac5f9c117320a164a49ebc4f1439a741d76
1,77.90720682,36,Female,6,2019,1cdcbd57e7e20491d8be5ff46549aac5f9c117320a164a49ebc4f1439a741d76
1,81.4180392524287,24,Female,7,2020,1cdcbd57e7e20491d8be5ff46549aac5f9c117320a164a49ebc4f1439a741d76
1,84.0851026258711,24,Female,8,2021,1cdcbd57e7e20491d8be5ff46549aac5f9c117320a164a49ebc4f1439a741d76
1,83.2260767062904,20,Female,9,2022,1cdcbd57e7e20491d8be5ff46549aac5f9c117320a164a49ebc4f1439a741d76
1,87.587309370709,25,Female,10,2023,1cdcbd57e7e20491d8be5ff46549aac5f9c117320a164a49ebc4f1439a741d76
NA,29.1103757,22,Female,0,2013,b12f76a4b782e4ae7f035b86a07cb43e638af9157e855af49c3945971d2af402
1,26.33606116,22,Male,0,2013,d53d113e9c01f4388af35632813ddb85902066795ecabba59ed24f483ad3db26
1,52.10859285,24,Male,1,2014,d53d113e9c01f4388af35632813ddb85902066795ecabba59ed24f483ad3db26
1,62.40976466,29,Male,2,2015,d53d113e9c01f4388af35632813ddb85902066795ecabba59ed24f483ad3db26
1,96.7409487,32,Male,3,2016,d53d113e9c01f4388af35632813ddb85902066795ecabba59ed24f483ad3db26
1,106.8858927,37,Male,4,2017,d53d113e9c01f4388af35632813ddb85902066795ecabba59ed24f483ad3db26
1,117.9920114,34,Male,5,2018,d53d113e9c01f4388af35632813ddb85902066795ecabba59ed24f483ad3db26
0,120.5830634,36,Male,6,2019,d53d113e9c01f4388af35632813ddb85902066795ecabba59ed24f483ad3db26
1,23.26338219,22,Female,0,2013,9206ef16552ccd926e4421fe6ef369cbc40add64488b7e3d88350e3588a35c34
1,39.8362985,24,Female,1,2014,9206ef16552ccd926e4421fe6ef369cbc40add64488b7e3d88350e3588a35c34
1,54.32944076,29,Female,2,2015,9206ef16552ccd926e4421fe6ef369cbc40add64488b7e3d88350e3588a35c34
1,67.88887271,32,Female,3,2016,9206ef16552ccd926e4421fe6ef369cbc40add64488b7e3d88350e3588a35c34
1,68.21783095,37,Female,4,2017,9206ef16552ccd926e4421fe6ef369cbc40add64488b7e3d88350e3588a35c34
1,68.01099739,34,Female,5,2018,9206ef16552ccd926e4421fe6ef369cbc40add64488b7e3d88350e3588a35c34
1,67.49474165,36,Female,6,2019,9206ef16552ccd926e4421fe6ef369cbc40add64488b7e3d88350e3588a35c34
1,72.2533878881453,24,Female,7,2020,9206ef16552ccd926e4421fe6ef369cbc40add64488b7e3d88350e3588a35c34
1,72.7242158796808,24,Female,8,2021,9206ef16552ccd926e4421fe6ef369cbc40add64488b7e3d88350e3588a35c34
1,69.2472520491403,20,Female,9,2022,9206ef16552ccd926e4421fe6ef369cbc40add64488b7e3d88350e3588a35c34
1,73.0895511853924,25,Female,10,2023,9206ef16552ccd926e4421fe6ef369cbc40add64488b7e3d88350e3588a35c34
1,24.4982608,22,Female,0,2013,00468253c62551acfe27887b79181c71bb548da29dc773b0edff8b92b9d431a4
1,42.71258546,24,Female,1,2014,00468253c62551acfe27887b79181c71bb548da29dc773b0edff8b92b9d431a4
1,60.59405169,29,Female,2,2015,00468253c62551acfe27887b79181c71bb548da29dc773b0edff8b92b9d431a4
1,71.81612057,32,Female,3,2016,00468253c62551acfe27887b79181c71bb548da29dc773b0edff8b92b9d431a4
1,72.58218242,37,Female,4,2017,00468253c62551acfe27887b79181c71bb548da29dc773b0edff8b92b9d431a4
0,70.13070062,34,Female,5,2018,00468253c62551acfe27887b79181c71bb548da29dc773b0edff8b92b9d431a4
1,29.20544862,24,Female,0,2014,0f617ba98e6a0f426517e51aff86858da592399abcde80b1b5995a6d0b71a055
1,47.90787909,29,Female,1,2015,0f617ba98e6a0f426517e51aff86858da592399abcde80b1b5995a6d0b71a055
1,61.237359,32,Female,2,2016,0f617ba98e6a0f426517e51aff86858da592399abcde80b1b5995a6d0b71a055
0,65.95965013,37,Female,3,2017,0f617ba98e6a0f426517e51aff86858da592399abcde80b1b5995a6d0b71a055
0,NA,24,Male,5,2014,5dd67f7fb9c529cb28245800137482c9c2fdff9b7d22f54cd3bfa90c59b78481
1,24.2959524,24,Male,0,2014,11ee5e9af3eec0dc5afa6d11db4f11e5a7a9ec95a8668da51b20155729a32bbe
1,48.91078443,29,Male,1,2015,11ee5e9af3eec0dc5afa6d11db4f11e5a7a9ec95a8668da51b20155729a32bbe
1,68.97410183,32,Male,2,2016,11ee5e9af3eec0dc5afa6d11db4f11e5a7a9ec95a8668da51b20155729a32bbe
1,89.20862306,37,Male,3,2017,11ee5e9af3eec0dc5afa6d11db4f11e5a7a9ec95a8668da51b20155729a32bbe
1,99.60075043,34,Male,4,2018,11ee5e9af3eec0dc5afa6d11db4f11e5a7a9ec95a8668da51b20155729a32bbe
1,100.3955477,36,Male,5,2019,11ee5e9af3eec0dc5afa6d11db4f11e5a7a9ec95a8668da51b20155729a32bbe
1,102.499575994439,24,Male,6,2020,11ee5e9af3eec0dc5afa6d11db4f11e5a7a9ec95a8668da51b20155729a32bbe
0,NA,24,Male,7,2021,11ee5e9af3eec0dc5afa6d11db4f11e5a7a9ec95a8668da51b20155729a32bbe
0,26.79897259,24,Male,0,2014,020d01e5b92677a3996c6d0e9fde6322095a0b486b7fbee5252d5e4915317bf4
1,21.29920375,24,Female,0,2014,6dbdaf93ad1fc37e98ef72e58061ea61d8ab7c614d5cc7b919393de4afda1c33
1,43.60079035,29,Female,1,2015,6dbdaf93ad1fc37e98ef72e58061ea61d8ab7c614d5cc7b919393de4afda1c33
1,57.62289349,32,Female,2,2016,6dbdaf93ad1fc37e98ef72e58061ea61d8ab7c614d5cc7b919393de4afda1c33
0,62.15593346,37,Female,3,2017,6dbdaf93ad1fc37e98ef72e58061ea61d8ab7c614d5cc7b919393de4afda1c33
1,48.38931847,29,Male,1,2015,316ca0efda6296d8f2c11d1e20890d220cec4266a0c16fbbef324c004688468a
1,68.01602233,32,Male,2,2016,316ca0efda6296d8f2c11d1e20890d220cec4266a0c16fbbef324c004688468a
1,NA,37,Male,3,2017,316ca0efda6296d8f2c11d1e20890d220cec4266a0c16fbbef324c004688468a
1,NA,34,Male,4,2018,316ca0efda6296d8f2c11d1e20890d220cec4266a0c16fbbef324c004688468a
1,NA,36,Male,5,2019,316ca0efda6296d8f2c11d1e20890d220cec4266a0c16fbbef324c004688468a
1,NA,24,Male,6,2020,316ca0efda6296d8f2c11d1e20890d220cec4266a0c16fbbef324c004688468a
1,NA,24,Male,7,2021,316ca0efda6296d8f2c11d1e20890d220cec4266a0c16fbbef324c004688468a
1,NA,20,Male,8,2022,316ca0efda6296d8f2c11d1e20890d220cec4266a0c16fbbef324c004688468a
1,NA,25,Male,9,2023,316ca0efda6296d8f2c11d1e20890d220cec4266a0c16fbbef324c004688468a
1,43.15660241,29,Female,1,2015,1966758d720b8788eb94bf33137f87d345ea72da4f418ca8beb82d3f2116ca3c
1,58.54550385,32,Female,2,2016,1966758d720b8788eb94bf33137f87d345ea72da4f418ca8beb82d3f2116ca3c
1,62.53667282,37,Female,3,2017,1966758d720b8788eb94bf33137f87d345ea72da4f418ca8beb82d3f2116ca3c
1,69.38601586,34,Female,4,2018,1966758d720b8788eb94bf33137f87d345ea72da4f418ca8beb82d3f2116ca3c
1,68.24821817,36,Female,5,2019,1966758d720b8788eb94bf33137f87d345ea72da4f418ca8beb82d3f2116ca3c
1,76.4238345320949,24,Female,6,2020,1966758d720b8788eb94bf33137f87d345ea72da4f418ca8beb82d3f2116ca3c
1,74.6645882412726,24,Female,7,2021,1966758d720b8788eb94bf33137f87d345ea72da4f418ca8beb82d3f2116ca3c
1,71.2786718774753,20,Female,8,2022,1966758d720b8788eb94bf33137f87d345ea72da4f418ca8beb82d3f2116ca3c
1,75.4655135094785,25,Female,9,2023,1966758d720b8788eb94bf33137f87d345ea72da4f418ca8beb82d3f2116ca3c
1,26.60069581,29,Female,0,2015,439346fce670b190e905654cca1c0525a70ad09d2e927a60863388c901307547
1,49.78694092,32,Female,1,2016,439346fce670b190e905654cca1c0525a70ad09d2e927a60863388c901307547
0,65.44218877,37,Female,2,2017,439346fce670b190e905654cca1c0525a70ad09d2e927a60863388c901307547
1,26.13555432,29,Female,0,2015,b406afe12f14a66cb90d0cf4061a69f60eb38583d332d803939b4fde793e3862
1,48.42796802,32,Female,1,2016,b406afe12f14a66cb90d0cf4061a69f60eb38583d332d803939b4fde793e3862
1,63.07011757,37,Female,2,2017,b406afe12f14a66cb90d0cf4061a69f60eb38583d332d803939b4fde793e3862
1,66.36096406,34,Female,3,2018,b406afe12f14a66cb90d0cf4061a69f60eb38583d332d803939b4fde793e3862
1,69.01014679,36,Female,4,2019,b406afe12f14a66cb90d0cf4061a69f60eb38583d332d803939b4fde793e3862
1,73.4607126500629,24,Female,5,2020,b406afe12f14a66cb90d0cf4061a69f60eb38583d332d803939b4fde793e3862
1,73.5195864118969,24,Female,6,2021,b406afe12f14a66cb90d0cf4061a69f60eb38583d332d803939b4fde793e3862
1,74.1484031003251,20,Female,7,2022,b406afe12f14a66cb90d0cf4061a69f60eb38583d332d803939b4fde793e3862
1,77.2146872176706,25,Female,8,2023,b406afe12f14a66cb90d0cf4061a69f60eb38583d332d803939b4fde793e3862
1,27.84100086,29,Female,0,2015,c90a23ce28c1feb1104c7327f7b9486ac26f9cc6bb244fc6295ce8fd772c366d
1,59.15929503,32,Female,1,2016,c90a23ce28c1feb1104c7327f7b9486ac26f9cc6bb244fc6295ce8fd772c366d
1,67.67483495,37,Female,2,2017,c90a23ce28c1feb1104c7327f7b9486ac26f9cc6bb244fc6295ce8fd772c366d
1,68.92214142,34,Female,3,2018,c90a23ce28c1feb1104c7327f7b9486ac26f9cc6bb244fc6295ce8fd772c366d
1,72.71254542,36,Female,4,2019,c90a23ce28c1feb1104c7327f7b9486ac26f9cc6bb244fc6295ce8fd772c366d
1,74.2905750174026,24,Female,5,2020,c90a23ce28c1feb1104c7327f7b9486ac26f9cc6bb244fc6295ce8fd772c366d
1,75.6104922015268,24,Female,6,2021,c90a23ce28c1feb1104c7327f7b9486ac26f9cc6bb244fc6295ce8fd772c366d
1,77.4436053328412,20,Female,7,2022,c90a23ce28c1feb1104c7327f7b9486ac26f9cc6bb244fc6295ce8fd772c366d
1,79.2502553812328,25,Female,8,2023,c90a23ce28c1feb1104c7327f7b9486ac26f9cc6bb244fc6295ce8fd772c366d
1,24.57819631,29,Female,0,2015,e838eaf18357405e0a4aa033c30156a5387e194b285076b05491046b98d01f62
1,45.59906253,32,Female,1,2016,e838eaf18357405e0a4aa033c30156a5387e194b285076b05491046b98d01f62
1,58.38878023,37,Female,2,2017,e838eaf18357405e0a4aa033c30156a5387e194b285076b05491046b98d01f62
1,63.09390203,34,Female,3,2018,e838eaf18357405e0a4aa033c30156a5387e194b285076b05491046b98d01f62
1,67.00015563,36,Female,4,2019,e838eaf18357405e0a4aa033c30156a5387e194b285076b05491046b98d01f62
1,70.1967395431219,24,Female,5,2020,e838eaf18357405e0a4aa033c30156a5387e194b285076b05491046b98d01f62
1,70.8792269335492,24,Female,6,2021,e838eaf18357405e0a4aa033c30156a5387e194b285076b05491046b98d01f62
1,70.8107070219482,20,Female,7,2022,e838eaf18357405e0a4aa033c30156a5387e194b285076b05491046b98d01f62
1,73.5924897490639,25,Female,8,2023,e838eaf18357405e0a4aa033c30156a5387e194b285076b05491046b98d01f62
0,26.85848418,29,Female,0,2015,ef09bc80cd6261f269cd33ed38a16e26bb2ee43a20b66b18c5e509118fa08e4e
1,NA,29,Male,0,2015,f5d888d53f05e0856c7e678008566a6454ebfd4cb9bdca4e6b8519b4ac92fabd
1,49.2409391,32,Male,1,2016,f5d888d53f05e0856c7e678008566a6454ebfd4cb9bdca4e6b8519b4ac92fabd
0,65.28921877,37,Male,2,2017,f5d888d53f05e0856c7e678008566a6454ebfd4cb9bdca4e6b8519b4ac92fabd
1,23.52695135,29,Male,0,2015,0d68d237586f76623ab6a9d3f4d357da3efd0e18256aa765c5f7af8c9b035503
1,47.82675906,32,Male,1,2016,0d68d237586f76623ab6a9d3f4d357da3efd0e18256aa765c5f7af8c9b035503
1,69.05884636,37,Male,2,2017,0d68d237586f76623ab6a9d3f4d357da3efd0e18256aa765c5f7af8c9b035503
0,86.36818411,34,Male,3,2018,0d68d237586f76623ab6a9d3f4d357da3efd0e18256aa765c5f7af8c9b035503
1,26.73036563,29,Female,0,2015,b025a395f70b03507e696d60da43b49f84d2a17ce84bd48f2b08946876ed126e
1,43.75893843,32,Female,1,2016,b025a395f70b03507e696d60da43b49f84d2a17ce84bd48f2b08946876ed126e
1,56.31012813,37,Female,2,2017,b025a395f70b03507e696d60da43b49f84d2a17ce84bd48f2b08946876ed126e
1,62.35869892,34,Female,3,2018,b025a395f70b03507e696d60da43b49f84d2a17ce84bd48f2b08946876ed126e
1,64.6852819,36,Female,4,2019,b025a395f70b03507e696d60da43b49f84d2a17ce84bd48f2b08946876ed126e
1,68.9493266620861,24,Female,5,2020,b025a395f70b03507e696d60da43b49f84d2a17ce84bd48f2b08946876ed126e
1,68.4527381255577,24,Female,6,2021,b025a395f70b03507e696d60da43b49f84d2a17ce84bd48f2b08946876ed126e
1,70.1244324276461,20,Female,7,2022,b025a395f70b03507e696d60da43b49f84d2a17ce84bd48f2b08946876ed126e
1,71.1097507246327,25,Female,8,2023,b025a395f70b03507e696d60da43b49f84d2a17ce84bd48f2b08946876ed126e
1,66.92828107,29,Female,3,2015,325a90f389d8331f6ccd8da8b14844423eeff4ba736c5c03d2d034e64ad63a3d
1,77.12256192,32,Female,4,2016,325a90f389d8331f6ccd8da8b14844423eeff4ba736c5c03d2d034e64ad63a3d
0,81.21093028,37,Female,5,2017,325a90f389d8331f6ccd8da8b14844423eeff4ba736c5c03d2d034e64ad63a3d
0,29.10439599,29,Male,0,2015,9e659965b8ae94136b0755890cc46775383dc09e4708b3eac041ec94882cdba0
1,23.84854311,29,Female,0,2015,03287e5d6d503c94b8606fa08ca21ced78aed9c86e2a8bb582603f459d817174
1,49.70363324,32,Female,1,2016,03287e5d6d503c94b8606fa08ca21ced78aed9c86e2a8bb582603f459d817174
1,65.87183818,37,Female,2,2017,03287e5d6d503c94b8606fa08ca21ced78aed9c86e2a8bb582603f459d817174
0,66.29246023,34,Female,3,2018,03287e5d6d503c94b8606fa08ca21ced78aed9c86e2a8bb582603f459d817174
0,28.59448411,29,Male,0,2015,33773669ca45fd2d3b14453e1eef081657352a7f6168dc113ffc3b1762a6483f
0,20.21341114,29,Male,0,2015,fc83d01285f1b1dcb4b0f19d28c992a0b45686efa756efa5ec250ea848ec8f2e
0,29.69077259,29,Female,0,2015,4740dbf585cb9292a54636ba101669cd96dfd067086cfc2527a2e0ba59331e4d
1,28.92286754,29,Female,0,2015,925d3690b225ada888235b1a86e1e9ccf56f35acfbc412673df642018d5a23ed
1,39.34646335,32,Female,1,2016,925d3690b225ada888235b1a86e1e9ccf56f35acfbc412673df642018d5a23ed
1,NA,37,Female,2,2017,925d3690b225ada888235b1a86e1e9ccf56f35acfbc412673df642018d5a23ed
1,59.5545255,34,Female,3,2018,925d3690b225ada888235b1a86e1e9ccf56f35acfbc412673df642018d5a23ed
1,NA,36,Female,4,2019,925d3690b225ada888235b1a86e1e9ccf56f35acfbc412673df642018d5a23ed
1,NA,24,Female,5,2020,925d3690b225ada888235b1a86e1e9ccf56f35acfbc412673df642018d5a23ed
0,66.9949640682894,24,Female,6,2021,925d3690b225ada888235b1a86e1e9ccf56f35acfbc412673df642018d5a23ed
1,50.82098274,29,Female,1,2015,d6ba6fe2fc118865c966f4f6df42cdec2139cf709a411e2e273f921ddedad556
1,62.16449338,32,Female,2,2016,d6ba6fe2fc118865c966f4f6df42cdec2139cf709a411e2e273f921ddedad556
1,67.01094739,37,Female,3,2017,d6ba6fe2fc118865c966f4f6df42cdec2139cf709a411e2e273f921ddedad556
1,71.73285805,34,Female,4,2018,d6ba6fe2fc118865c966f4f6df42cdec2139cf709a411e2e273f921ddedad556
1,68.42869311,36,Female,5,2019,d6ba6fe2fc118865c966f4f6df42cdec2139cf709a411e2e273f921ddedad556
1,76.7343660677824,24,Female,6,2020,d6ba6fe2fc118865c966f4f6df42cdec2139cf709a411e2e273f921ddedad556
0,79.8938176580586,24,Female,7,2021,d6ba6fe2fc118865c966f4f6df42cdec2139cf709a411e2e273f921ddedad556
1,41.61681302,29,Female,2,2015,da34151d9ba2e5894be2fc39ca4c4daf7af4912cf2e02fb1c8bd1b4e548f3c80
1,58.38102589,32,Female,3,2016,da34151d9ba2e5894be2fc39ca4c4daf7af4912cf2e02fb1c8bd1b4e548f3c80
1,70.4702775,37,Female,4,2017,da34151d9ba2e5894be2fc39ca4c4daf7af4912cf2e02fb1c8bd1b4e548f3c80
1,75.59326886,34,Female,5,2018,da34151d9ba2e5894be2fc39ca4c4daf7af4912cf2e02fb1c8bd1b4e548f3c80
1,74.10409461,36,Female,6,2019,da34151d9ba2e5894be2fc39ca4c4daf7af4912cf2e02fb1c8bd1b4e548f3c80
1,80.0813379651128,24,Female,7,2020,da34151d9ba2e5894be2fc39ca4c4daf7af4912cf2e02fb1c8bd1b4e548f3c80
1,80.3147448142832,24,Female,8,2021,da34151d9ba2e5894be2fc39ca4c4daf7af4912cf2e02fb1c8bd1b4e548f3c80
1,78.6604660872907,20,Female,9,2022,da34151d9ba2e5894be2fc39ca4c4daf7af4912cf2e02fb1c8bd1b4e548f3c80
1,80.993828934077,25,Female,10,2023,da34151d9ba2e5894be2fc39ca4c4daf7af4912cf2e02fb1c8bd1b4e548f3c80
1,43.65272663,29,Female,1,2015,f0b4d52fb5728514c70d61e39e46cde57fd774215f4f0cd7d90bbb653ee982b9
1,60.70549075,32,Female,2,2016,f0b4d52fb5728514c70d61e39e46cde57fd774215f4f0cd7d90bbb653ee982b9
0,64.80901959,37,Female,3,2017,f0b4d52fb5728514c70d61e39e46cde57fd774215f4f0cd7d90bbb653ee982b9
1,58.37231797,29,Female,3,2015,3aca9c57470bdcda1f32dc391ea8a03010d794ff641cbd3f23480e14591ab07e
1,64.75924101,32,Female,4,2016,3aca9c57470bdcda1f32dc391ea8a03010d794ff641cbd3f23480e14591ab07e
1,72.77973385,37,Female,5,2017,3aca9c57470bdcda1f32dc391ea8a03010d794ff641cbd3f23480e14591ab07e
1,68.39176576,34,Female,6,2018,3aca9c57470bdcda1f32dc391ea8a03010d794ff641cbd3f23480e14591ab07e
1,74.16564207,36,Female,7,2019,3aca9c57470bdcda1f32dc391ea8a03010d794ff641cbd3f23480e14591ab07e
1,76.7928431385443,24,Female,8,2020,3aca9c57470bdcda1f32dc391ea8a03010d794ff641cbd3f23480e14591ab07e
1,75.1385751318425,24,Female,9,2021,3aca9c57470bdcda1f32dc391ea8a03010d794ff641cbd3f23480e14591ab07e
1,NA,20,Female,10,2022,3aca9c57470bdcda1f32dc391ea8a03010d794ff641cbd3f23480e14591ab07e
1,76.4695081665524,25,Female,11,2023,3aca9c57470bdcda1f32dc391ea8a03010d794ff641cbd3f23480e14591ab07e
1,53.43357484,29,Female,2,2015,3473d38a1241db81b881aef4af3d7f0886c3f0a832e8c1a27fe8e6b86d72fe6d
1,66.0530677,32,Female,3,2016,3473d38a1241db81b881aef4af3d7f0886c3f0a832e8c1a27fe8e6b86d72fe6d
1,69.87372666,37,Female,4,2017,3473d38a1241db81b881aef4af3d7f0886c3f0a832e8c1a27fe8e6b86d72fe6d
1,71.23822548,34,Female,5,2018,3473d38a1241db81b881aef4af3d7f0886c3f0a832e8c1a27fe8e6b86d72fe6d
0,72.31044155,36,Female,6,2019,3473d38a1241db81b881aef4af3d7f0886c3f0a832e8c1a27fe8e6b86d72fe6d
1,37.96334643,29,Female,1,2015,c5f6f2a26eb214d7e75ba79de8f50a862138ed5b6c1ffd071b2613bb94b482a6
1,51.03645256,32,Female,2,2016,c5f6f2a26eb214d7e75ba79de8f50a862138ed5b6c1ffd071b2613bb94b482a6
0,62.14890179,37,Female,3,2017,c5f6f2a26eb214d7e75ba79de8f50a862138ed5b6c1ffd071b2613bb94b482a6
0,NA,51,Female,1,1985,d3cd6808507f255a88d698c45f9157e3c8c06af391a5575d72606a752d79c4e7
1,33.01349546,32,Male,0,2016,dae96fc0046a5ae1864d9a66e6715da8da08240e7119816ab722261c0744d8e8
1,56.42152312,37,Male,1,2017,dae96fc0046a5ae1864d9a66e6715da8da08240e7119816ab722261c0744d8e8
1,73.1796346,34,Male,2,2018,dae96fc0046a5ae1864d9a66e6715da8da08240e7119816ab722261c0744d8e8
0,81.38028009,36,Male,3,2019,dae96fc0046a5ae1864d9a66e6715da8da08240e7119816ab722261c0744d8e8
1,22.86047681,32,Male,0,2016,60f19cd67252161de4fa805ef1684381f2511ddd3b8534d83240b4ba046f8781
1,45.58993838,37,Male,1,2017,60f19cd67252161de4fa805ef1684381f2511ddd3b8534d83240b4ba046f8781
1,62.00039383,34,Male,2,2018,60f19cd67252161de4fa805ef1684381f2511ddd3b8534d83240b4ba046f8781
0,76.01516497,36,Male,3,2019,60f19cd67252161de4fa805ef1684381f2511ddd3b8534d83240b4ba046f8781
1,NA,32,Female,0,2016,297c138806bdb5dd377294574b6e74fd0ed879249d67ba64da4c445554b8a732
1,NA,37,Female,1,2017,297c138806bdb5dd377294574b6e74fd0ed879249d67ba64da4c445554b8a732
1,47.03822033,34,Female,2,2018,297c138806bdb5dd377294574b6e74fd0ed879249d67ba64da4c445554b8a732
0,54.35589091,36,Female,3,2019,297c138806bdb5dd377294574b6e74fd0ed879249d67ba64da4c445554b8a732
1,31.06662772,32,Male,0,2016,6781b441c78d26435aa8b2f9281f1dcb25a9f229d577a25bb056b705759b031e
1,55.2781897,37,Male,1,2017,6781b441c78d26435aa8b2f9281f1dcb25a9f229d577a25bb056b705759b031e
1,72.1725093,34,Male,2,2018,6781b441c78d26435aa8b2f9281f1dcb25a9f229d577a25bb056b705759b031e
1,NA,36,Male,3,2019,6781b441c78d26435aa8b2f9281f1dcb25a9f229d577a25bb056b705759b031e
1,NA,24,Male,4,2020,6781b441c78d26435aa8b2f9281f1dcb25a9f229d577a25bb056b705759b031e
1,NA,24,Male,5,2021,6781b441c78d26435aa8b2f9281f1dcb25a9f229d577a25bb056b705759b031e
1,NA,20,Male,6,2022,6781b441c78d26435aa8b2f9281f1dcb25a9f229d577a25bb056b705759b031e
1,NA,25,Male,7,2023,6781b441c78d26435aa8b2f9281f1dcb25a9f229d577a25bb056b705759b031e
0,NA,32,Male,0,2016,3ca0e4af1c44f0849b98d05b997c168b62795a535834c5a6447365976cce562b
1,29.12815646,32,Male,0,2016,f01a95a004153cb8085b90997e43ecdfdfca98bc539ede67244467c07313db5c
1,56.43496687,37,Male,1,2017,f01a95a004153cb8085b90997e43ecdfdfca98bc539ede67244467c07313db5c
1,74.42652184,34,Male,2,2018,f01a95a004153cb8085b90997e43ecdfdfca98bc539ede67244467c07313db5c
0,91.01025353,36,Male,3,2019,f01a95a004153cb8085b90997e43ecdfdfca98bc539ede67244467c07313db5c
1,25.17295069,32,Female,0,2016,f32b702fba23083f02c830ee185c03af9e470dde1544cd6f1bad09dd641abb56
0,40.35021766,37,Female,1,2017,f32b702fba23083f02c830ee185c03af9e470dde1544cd6f1bad09dd641abb56
1,16.68742069,32,Female,0,2016,e984139bcc2c5043fa2a7ba69395b610dfccc3344e0db440dcf72bc3fbcc375a
0,39.66343709,37,Female,1,2017,e984139bcc2c5043fa2a7ba69395b610dfccc3344e0db440dcf72bc3fbcc375a
0,8.376437956,32,Male,0,2016,40f5b57b09f073ed62dbe30f4830f77826856c7fded7243fae981f65ed312800
1,33.02078033,32,Male,0,2016,47cfe5eb8ada0e7492d86a6b47dc93e354c32af4a3cf489e0c65067cb48277d9
0,57.14182041,37,Male,1,2017,47cfe5eb8ada0e7492d86a6b47dc93e354c32af4a3cf489e0c65067cb48277d9
NA,NA,32,Male,0,2016,8b336cdf52ac9b7597ea56288537edde99faf2911423e321d811751b9fcfbd5f
1,31.27198493,32,Male,0,2016,bc5d84bed7dee3e19076a5e98dceab5b5997712f3b250ade95cc816a443df424
1,54.90931712,37,Male,1,2017,bc5d84bed7dee3e19076a5e98dceab5b5997712f3b250ade95cc816a443df424
1,72.98205348,34,Male,2,2018,bc5d84bed7dee3e19076a5e98dceab5b5997712f3b250ade95cc816a443df424
0,88.27061545,36,Male,3,2019,bc5d84bed7dee3e19076a5e98dceab5b5997712f3b250ade95cc816a443df424
1,NA,32,Male,0,2016,79df3742da86cfd49d39e6cd1d7bff35bfdc7ad2898852552dc336f8b9663ae2
0,55.6702797,37,Male,1,2017,79df3742da86cfd49d39e6cd1d7bff35bfdc7ad2898852552dc336f8b9663ae2
1,NA,32,Female,0,2016,e4f95d56d90df35eca464869e14c2ff08c7c7cc86dc10a5c3083fc811a3c0952
1,47.8830091,37,Female,1,2017,e4f95d56d90df35eca464869e14c2ff08c7c7cc86dc10a5c3083fc811a3c0952
1,60.02899075,34,Female,2,2018,e4f95d56d90df35eca464869e14c2ff08c7c7cc86dc10a5c3083fc811a3c0952
0,68.9630034,36,Female,3,2019,e4f95d56d90df35eca464869e14c2ff08c7c7cc86dc10a5c3083fc811a3c0952
1,31.28000797,32,Female,0,2016,0672d49fe5a7035ef3c2935deb66dd263c95609991df6260599931861ff1f2c5
1,47.98628038,37,Female,1,2017,0672d49fe5a7035ef3c2935deb66dd263c95609991df6260599931861ff1f2c5
1,59.65363799,34,Female,2,2018,0672d49fe5a7035ef3c2935deb66dd263c95609991df6260599931861ff1f2c5
0,67.5391472,36,Female,3,2019,0672d49fe5a7035ef3c2935deb66dd263c95609991df6260599931861ff1f2c5
1,33.34680668,32,Male,0,2016,86348ea0bf50ebf0396543ca4df584f75d3f3e9dbfbce8f24cce919d4d8022ef
1,56.57570987,37,Male,1,2017,86348ea0bf50ebf0396543ca4df584f75d3f3e9dbfbce8f24cce919d4d8022ef
1,76.64299696,34,Male,2,2018,86348ea0bf50ebf0396543ca4df584f75d3f3e9dbfbce8f24cce919d4d8022ef
1,87.40517566,36,Male,3,2019,86348ea0bf50ebf0396543ca4df584f75d3f3e9dbfbce8f24cce919d4d8022ef
1,NA,24,Male,4,2020,86348ea0bf50ebf0396543ca4df584f75d3f3e9dbfbce8f24cce919d4d8022ef
1,105.020875109557,24,Male,5,2021,86348ea0bf50ebf0396543ca4df584f75d3f3e9dbfbce8f24cce919d4d8022ef
1,NA,20,Male,6,2022,86348ea0bf50ebf0396543ca4df584f75d3f3e9dbfbce8f24cce919d4d8022ef
1,NA,25,Male,7,2023,86348ea0bf50ebf0396543ca4df584f75d3f3e9dbfbce8f24cce919d4d8022ef
1,31.66128063,32,Female,0,2016,eb074cd8374ba297218e47323e01f47212c25e4129582cb9f77072841386bda3
1,45.56405884,37,Female,1,2017,eb074cd8374ba297218e47323e01f47212c25e4129582cb9f77072841386bda3
1,56.14796823,34,Female,2,2018,eb074cd8374ba297218e47323e01f47212c25e4129582cb9f77072841386bda3
1,64.30298489,36,Female,3,2019,eb074cd8374ba297218e47323e01f47212c25e4129582cb9f77072841386bda3
1,71.2706409363236,24,Female,4,2020,eb074cd8374ba297218e47323e01f47212c25e4129582cb9f77072841386bda3
1,69.4293326756682,24,Female,5,2021,eb074cd8374ba297218e47323e01f47212c25e4129582cb9f77072841386bda3
1,66.9962536990574,20,Female,6,2022,eb074cd8374ba297218e47323e01f47212c25e4129582cb9f77072841386bda3
1,68.0247398917414,25,Female,7,2023,eb074cd8374ba297218e47323e01f47212c25e4129582cb9f77072841386bda3
1,31.22123579,37,Female,0,2017,4bb48e76f19de6ebed7d59d46800508030aecea46ba56bd19855d94473e28bc0
1,47.39835236,34,Female,1,2018,4bb48e76f19de6ebed7d59d46800508030aecea46ba56bd19855d94473e28bc0
0,54.42021174,36,Female,2,2019,4bb48e76f19de6ebed7d59d46800508030aecea46ba56bd19855d94473e28bc0
1,35.75031665,37,Female,0,2017,79951fb8badf38a8f2fcbe077d1da5b6d57bc0298cc1db165704f179ab666cdc
0,54.08686405,34,Female,1,2018,79951fb8badf38a8f2fcbe077d1da5b6d57bc0298cc1db165704f179ab666cdc
1,31.16433624,37,Male,0,2017,9b49a11e1ed9a797b89d9644c72a106ceed775a9dd216402066b3f7f014f1518
1,53.19624965,34,Male,1,2018,9b49a11e1ed9a797b89d9644c72a106ceed775a9dd216402066b3f7f014f1518
1,63.39773792,36,Male,2,2019,9b49a11e1ed9a797b89d9644c72a106ceed775a9dd216402066b3f7f014f1518
1,78.1833385802334,24,Male,3,2020,9b49a11e1ed9a797b89d9644c72a106ceed775a9dd216402066b3f7f014f1518
1,92.0373767521213,24,Male,4,2021,9b49a11e1ed9a797b89d9644c72a106ceed775a9dd216402066b3f7f014f1518
1,103.208088048072,20,Male,5,2022,9b49a11e1ed9a797b89d9644c72a106ceed775a9dd216402066b3f7f014f1518
1,107.246156357,25,Male,6,2023,9b49a11e1ed9a797b89d9644c72a106ceed775a9dd216402066b3f7f014f1518
1,36.31621705,37,Female,0,2017,54d28c32a70fd24c7d12cdd91c543be7cb2a2235bce464c625c5918388ca68c4
1,49.73965321,34,Female,1,2018,54d28c32a70fd24c7d12cdd91c543be7cb2a2235bce464c625c5918388ca68c4
1,60.75358667,36,Female,2,2019,54d28c32a70fd24c7d12cdd91c543be7cb2a2235bce464c625c5918388ca68c4
1,69.6328691300403,24,Female,3,2020,54d28c32a70fd24c7d12cdd91c543be7cb2a2235bce464c625c5918388ca68c4
0,73.7306626411244,24,Female,4,2021,54d28c32a70fd24c7d12cdd91c543be7cb2a2235bce464c625c5918388ca68c4
1,33.36702759,37,Female,0,2017,9cae44576612cbd22e403e39307b476f14ea5e4b8bea7abdeddce3ef07a7cbe3
1,51.95704251,34,Female,1,2018,9cae44576612cbd22e403e39307b476f14ea5e4b8bea7abdeddce3ef07a7cbe3
1,63.25230083,36,Female,2,2019,9cae44576612cbd22e403e39307b476f14ea5e4b8bea7abdeddce3ef07a7cbe3
1,72.1149012117225,24,Female,3,2020,9cae44576612cbd22e403e39307b476f14ea5e4b8bea7abdeddce3ef07a7cbe3
1,74.3701776980496,24,Female,4,2021,9cae44576612cbd22e403e39307b476f14ea5e4b8bea7abdeddce3ef07a7cbe3
1,73.3590578677632,20,Female,5,2022,9cae44576612cbd22e403e39307b476f14ea5e4b8bea7abdeddce3ef07a7cbe3
1,79.1421575689533,25,Female,6,2023,9cae44576612cbd22e403e39307b476f14ea5e4b8bea7abdeddce3ef07a7cbe3
1,32.66889327,37,Male,0,2017,8b23947626554fe109a0b79d0b44895b46ea833d538a1d78573ecf346683d877
1,52.857398,34,Male,1,2018,8b23947626554fe109a0b79d0b44895b46ea833d538a1d78573ecf346683d877
1,71.77951234,36,Male,2,2019,8b23947626554fe109a0b79d0b44895b46ea833d538a1d78573ecf346683d877
0,82.3037626888957,24,Male,3,2020,8b23947626554fe109a0b79d0b44895b46ea833d538a1d78573ecf346683d877
1,34.81615418,37,Male,0,2017,0b0d87d4a9f4429c36d1dc5bd0061064e8a4984f17d754e11ccc92540b02f209
1,53.11337879,34,Male,1,2018,0b0d87d4a9f4429c36d1dc5bd0061064e8a4984f17d754e11ccc92540b02f209
0,NA,36,Male,2,2019,0b0d87d4a9f4429c36d1dc5bd0061064e8a4984f17d754e11ccc92540b02f209
1,29.26902624,37,Female,0,2017,f8d1035065908f10d09adbcaea2f35db5d3ec89f7292dd4a21476df94fdc38fc
1,52.25742734,34,Female,1,2018,f8d1035065908f10d09adbcaea2f35db5d3ec89f7292dd4a21476df94fdc38fc
1,63.39759206,36,Female,2,2019,f8d1035065908f10d09adbcaea2f35db5d3ec89f7292dd4a21476df94fdc38fc
1,73.7154686143692,24,Female,3,2020,f8d1035065908f10d09adbcaea2f35db5d3ec89f7292dd4a21476df94fdc38fc
1,76.736599234413,24,Female,4,2021,f8d1035065908f10d09adbcaea2f35db5d3ec89f7292dd4a21476df94fdc38fc
1,78.7915720926215,20,Female,5,2022,f8d1035065908f10d09adbcaea2f35db5d3ec89f7292dd4a21476df94fdc38fc
1,84.0902608874483,25,Female,6,2023,f8d1035065908f10d09adbcaea2f35db5d3ec89f7292dd4a21476df94fdc38fc
1,27.66077121,37,Female,0,2017,4947a4413d4bf0f5d26f334783a5dd5c98aad3f841ea5b3b95aee7587e612a63
1,47.78211669,34,Female,1,2018,4947a4413d4bf0f5d26f334783a5dd5c98aad3f841ea5b3b95aee7587e612a63
1,58.91888106,36,Female,2,2019,4947a4413d4bf0f5d26f334783a5dd5c98aad3f841ea5b3b95aee7587e612a63
1,70.978700012487,24,Female,3,2020,4947a4413d4bf0f5d26f334783a5dd5c98aad3f841ea5b3b95aee7587e612a63
1,70.6647228492073,24,Female,4,2021,4947a4413d4bf0f5d26f334783a5dd5c98aad3f841ea5b3b95aee7587e612a63
1,73.7715300174696,20,Female,5,2022,4947a4413d4bf0f5d26f334783a5dd5c98aad3f841ea5b3b95aee7587e612a63
1,77.9854114948562,25,Female,6,2023,4947a4413d4bf0f5d26f334783a5dd5c98aad3f841ea5b3b95aee7587e612a63
1,26.98352368,37,Female,0,2017,c78f6ce28a6a72fc9b929568e36c0ffe1630e4db62ce5d828031bc3277c8072f
1,45.34091251,34,Female,1,2018,c78f6ce28a6a72fc9b929568e36c0ffe1630e4db62ce5d828031bc3277c8072f
0,57.98968515,36,Female,2,2019,c78f6ce28a6a72fc9b929568e36c0ffe1630e4db62ce5d828031bc3277c8072f
1,32.75081462,37,Male,0,2017,840b0156cd6d372e8f05461057080444cdaa78c8f24e697a98ef12e70694f4e6
1,56.58685565,34,Male,1,2018,840b0156cd6d372e8f05461057080444cdaa78c8f24e697a98ef12e70694f4e6
0,65.74006967,36,Male,2,2019,840b0156cd6d372e8f05461057080444cdaa78c8f24e697a98ef12e70694f4e6
1,38.17893042,37,Male,0,2017,1561686098292529ad51b5e93fecd470060020a7193ac7b0760a875268ada3fc
0,62.86089163,34,Male,1,2018,1561686098292529ad51b5e93fecd470060020a7193ac7b0760a875268ada3fc
1,30.22493109,37,Female,0,2017,cb84029698ce77ee9b6e88cf0cd65aa1f966a7d96755410fd5b48ea0fad2851f
0,47.02277865,34,Female,1,2018,cb84029698ce77ee9b6e88cf0cd65aa1f966a7d96755410fd5b48ea0fad2851f
0,27.57183933,37,Female,0,2017,8e06c05c6d60de5c3a471b18967cecfca6808e6e02f71bf5bc9b957396116192
1,34.47565202,37,Male,0,2017,48fdd3aa4c192a6c6cb27e17d5c7376c3f2f835c20571f9106d1f6545939b87e
0,59.97569193,34,Male,1,2018,48fdd3aa4c192a6c6cb27e17d5c7376c3f2f835c20571f9106d1f6545939b87e
0,32.52140042,37,Female,0,2017,e97e6a7b7e3eda2fcb970c0caa13b6d4eeb2797da7fdc3741889c32043efac5b
0,34.1811057,37,Male,0,2017,21ae0589b723c61489faccbcdbf3770f1e48f6edd3e5ec3776d8663086b70a1f
1,NA,37,Male,0,2017,d402e00bd58e4abf1042508cb47ce06b65cf05c6cd9b55149ba3ab94080683da
1,57.33803216,34,Male,1,2018,d402e00bd58e4abf1042508cb47ce06b65cf05c6cd9b55149ba3ab94080683da
1,64.90191828,36,Male,2,2019,d402e00bd58e4abf1042508cb47ce06b65cf05c6cd9b55149ba3ab94080683da
1,NA,24,Male,3,2020,d402e00bd58e4abf1042508cb47ce06b65cf05c6cd9b55149ba3ab94080683da
1,NA,24,Male,4,2021,d402e00bd58e4abf1042508cb47ce06b65cf05c6cd9b55149ba3ab94080683da
1,NA,20,Male,5,2022,d402e00bd58e4abf1042508cb47ce06b65cf05c6cd9b55149ba3ab94080683da
1,NA,25,Male,6,2023,d402e00bd58e4abf1042508cb47ce06b65cf05c6cd9b55149ba3ab94080683da
1,29.46250415,37,Female,0,2017,713aeb7f49249d8818377d6c183895d3cc5ff7f5e35eeec3392d00180e84584f
0,49.84029055,34,Female,1,2018,713aeb7f49249d8818377d6c183895d3cc5ff7f5e35eeec3392d00180e84584f
1,NA,37,Female,0,2017,9fc0213d9016fbe1ad070f3be90ff236ba52b7ce8d121be94210eb14ce93f87d
1,51.94014054,34,Female,1,2018,9fc0213d9016fbe1ad070f3be90ff236ba52b7ce8d121be94210eb14ce93f87d
1,58.32908765,36,Female,2,2019,9fc0213d9016fbe1ad070f3be90ff236ba52b7ce8d121be94210eb14ce93f87d
1,69.3637243899495,24,Female,3,2020,9fc0213d9016fbe1ad070f3be90ff236ba52b7ce8d121be94210eb14ce93f87d
0,70.7034778196569,24,Female,4,2021,9fc0213d9016fbe1ad070f3be90ff236ba52b7ce8d121be94210eb14ce93f87d
1,32.62287431,37,Female,0,2017,ecd4e1a16491e8c899d75bed20c9ea99284b99ba9642423397cfcae97dc71769
1,52.42991054,34,Female,1,2018,ecd4e1a16491e8c899d75bed20c9ea99284b99ba9642423397cfcae97dc71769
1,64.02172773,36,Female,2,2019,ecd4e1a16491e8c899d75bed20c9ea99284b99ba9642423397cfcae97dc71769
1,74.1769805735548,24,Female,3,2020,ecd4e1a16491e8c899d75bed20c9ea99284b99ba9642423397cfcae97dc71769
1,75.0681248335762,24,Female,4,2021,ecd4e1a16491e8c899d75bed20c9ea99284b99ba9642423397cfcae97dc71769
1,75.5487153528071,20,Female,5,2022,ecd4e1a16491e8c899d75bed20c9ea99284b99ba9642423397cfcae97dc71769
1,79.5479377969595,25,Female,6,2023,ecd4e1a16491e8c899d75bed20c9ea99284b99ba9642423397cfcae97dc71769
NA,NA,37,Female,0,2017,b0e1b004d766f6613a5e8e6baba5d23bdde56c45da2efe4ddba95747be98f28d
0,33.50170481,37,Female,0,2017,c6e211936a6d191be7700a5c4f56dfe301bd9eea317ff6188a7fa9007fbf7651
1,50.63292003,34,Male,1,2018,ad667b78ba8ed0275868fcc1c3650f7d5c73fc6143352d3f65bbc292dc36a511
1,63.22704926,36,Male,2,2019,ad667b78ba8ed0275868fcc1c3650f7d5c73fc6143352d3f65bbc292dc36a511
1,70.6953749688753,24,Male,3,2020,ad667b78ba8ed0275868fcc1c3650f7d5c73fc6143352d3f65bbc292dc36a511
1,88.5357294773491,24,Male,4,2021,ad667b78ba8ed0275868fcc1c3650f7d5c73fc6143352d3f65bbc292dc36a511
1,106.125754742515,20,Male,5,2022,ad667b78ba8ed0275868fcc1c3650f7d5c73fc6143352d3f65bbc292dc36a511
1,93.0216017366912,25,Male,6,2023,ad667b78ba8ed0275868fcc1c3650f7d5c73fc6143352d3f65bbc292dc36a511
0,26.35647004,34,Female,0,2018,66ec310e837a79b9d09c33f740e923e24b096e18692cfbb8da76935ab1cc4b19
1,29.66448827,34,Male,0,2018,48a0421893e031cbda1b49d6c643b04ca79ee6d0770b53ff9798a4443995b550
0,38.65027888,36,Male,1,2019,48a0421893e031cbda1b49d6c643b04ca79ee6d0770b53ff9798a4443995b550
1,NA,34,Female,0,2018,766e413991a2fa12c81669cadf0cb2923aec93f8b0d8191c268a6ec52a83183e
1,46.85850674,36,Female,1,2019,766e413991a2fa12c81669cadf0cb2923aec93f8b0d8191c268a6ec52a83183e
1,58.8670112132063,24,Female,2,2020,766e413991a2fa12c81669cadf0cb2923aec93f8b0d8191c268a6ec52a83183e
1,69.978559968172,24,Female,3,2021,766e413991a2fa12c81669cadf0cb2923aec93f8b0d8191c268a6ec52a83183e
1,67.9013320677856,20,Female,4,2022,766e413991a2fa12c81669cadf0cb2923aec93f8b0d8191c268a6ec52a83183e
1,71.3034690340061,25,Female,5,2023,766e413991a2fa12c81669cadf0cb2923aec93f8b0d8191c268a6ec52a83183e
0,26.02424734,34,Female,0,2018,ea2282835e786cb6ac964f730cb492c91bbe561585fe81471463972dce03c74e
1,29.32022938,34,Male,0,2018,2193f00b2ae401930c9c503c172ab3a1bd905937967cd10d53a63afd14910194
0,42.96115222,36,Male,1,2019,2193f00b2ae401930c9c503c172ab3a1bd905937967cd10d53a63afd14910194
0,27.14069171,34,Male,0,2018,e78dce57a023eaf44f4da448a3ac704017af3ccadaf71e86707353bcd259f7bd
0,23.84027031,34,Female,0,2018,65eac6537df43cbbda452ebfc87574abb515a62b6a707f6935936cd549b1901b
0,27.56581666,34,Male,0,2018,178ed97ae6c4ddcca811b92717b2237966d2baff16c40181196b1e42da21605e
0,19.54501673,34,Female,0,2018,f56c51ddf278f1898954dd52d976dae1b9eb11a3f3beb1f5ff57ceab8b1ac1f7
0,20.80100191,34,Female,0,2018,fdda63da583c0f8c0c2793e58e76eba4878229a97b8d21b5ffd1970d9b697dee
1,53.46842353,34,Female,1,2018,9d1dca7a0105ab51bd0c13d3e599f249745f56d6371b22a0aaea1a5f598480fb
1,61.39219216,36,Female,2,2019,9d1dca7a0105ab51bd0c13d3e599f249745f56d6371b22a0aaea1a5f598480fb
1,70.9807225383018,24,Female,3,2020,9d1dca7a0105ab51bd0c13d3e599f249745f56d6371b22a0aaea1a5f598480fb
1,75.7806155400633,24,Female,4,2021,9d1dca7a0105ab51bd0c13d3e599f249745f56d6371b22a0aaea1a5f598480fb
0,78.7257042672415,20,Female,5,2022,9d1dca7a0105ab51bd0c13d3e599f249745f56d6371b22a0aaea1a5f598480fb
0,27.31465444,34,Male,0,2018,1e2f33d2fbacb0a53e06db42a9f6abfc81db76ecfbde89cfe8ed6b91d804f299
1,20.98741377,34,Female,0,2018,1e813967fc230e03cb4ec910bcdbe759b0405eb68522f35ef086769a8b6d29aa
0,42.32180511,36,Female,1,2019,1e813967fc230e03cb4ec910bcdbe759b0405eb68522f35ef086769a8b6d29aa
0,16.4533246,34,Male,0,2018,4c7ee59099e7349ac8699bddbd5364639e94bc34351335570a63f8f68cb1493b
0,16.27421989,34,Male,0,2018,617c46de37bbbaffeabd62a26e91d3485592e902f35c1e301b1b1b109c3c7d5b
0,19.18899055,34,Female,0,2018,fe784c3099db0d7c70cec56e8d5d3b3e43647ff24ef45bbe625581aeac83f082
1,27.84117057,34,Female,0,2018,c6c2f9b14de18f6ad69f2aaee58fcabe3e4b60677d8bfa0010d34c6756d8e8af
0,44.86340586,36,Female,1,2019,c6c2f9b14de18f6ad69f2aaee58fcabe3e4b60677d8bfa0010d34c6756d8e8af
0,26.14325751,34,Female,0,2018,84a43eb937b616e52470959cfbd555bc0625c99b1a133372c9f73adbc163f6b6
0,24.8542563,34,Female,0,2018,06b4fefb71ddc9ce82cd6dc51f8a4c545a168b144199656e6e2cc0fa572c7d20
0,29.99895079,34,Male,0,2018,a2e26982b188466115d6613e5f0fa449905a6b48b23e0ed23e3f65b96a2671da
0,29.71142802,34,Female,0,2018,228f90542699528c5c3f1f62c47a40d1fe802ca6cc02d4a5b43af66e2eed273e
0,27.28144455,34,Male,0,2018,cbf2224bb4f40b23bb8fab9cb0123432d3d67e604fb3c789fb41ea67eff317c5
1,27.61182716,34,Male,0,2018,6d09cb1212f9f26e1aa9ac2e8d4d7011132d80202874982a7a193b15d50a80a6
0,42.57830179,36,Male,1,2019,6d09cb1212f9f26e1aa9ac2e8d4d7011132d80202874982a7a193b15d50a80a6
NA,NA,36,Female,0,2019,e7424eff12e0cabe5c45c15409aba4e859b80264588eb38c6cb0728772fc54b9
0,22.63263404,36,Male,0,2019,bfd10cd32fa8869b18e8bcc4f153e005dc0b290969186017fc8268e68d3d7c51
0,24.48099495,36,Male,0,2019,42883681b6de6f7050648864a5e8383acb18f6eed9bbdef064732d73900cb595
0,19.41669013,36,Male,0,2019,cbc3b2e3b640df7ecd8bd89b3158ced9cbccc68deffe07f9263b361136778f27
0,23.73520016,36,Female,0,2019,70f7459c4b6bee95a7393cd19d8510e3d0b6c4cf0f23faeebb72da7a502dbfd4
0,27.8135135,36,Male,0,2019,3b2cc2c0c8f4f3e62dfb10f3ff0f3ff468273bd6ce82fff5b6c9817f06f72953
0,41.25645461,79,Male,1,1995,5827bb49f167d87d51f8121cacac041b6b7a18c6468f2b672dc651703f0bbeb1
0,26.6443833246843,24,Male,0,2020,254087654aa4d3b2c1d2107fb02d43b7d2d133162d909aec57599b88bfd4d29a
1,24.4496687881543,24,Male,0,2020,ad0ff6f3eb23879f984a0214f9431d158bbd64317f595d5c8477a66794d11316
1,47.3342549923195,24,Male,1,2021,ad0ff6f3eb23879f984a0214f9431d158bbd64317f595d5c8477a66794d11316
1,62.7225023027951,20,Male,2,2022,ad0ff6f3eb23879f984a0214f9431d158bbd64317f595d5c8477a66794d11316
1,85.1592515695404,25,Male,3,2023,ad0ff6f3eb23879f984a0214f9431d158bbd64317f595d5c8477a66794d11316
